net/minecraft/client/renderer/entity/state/ItemFrameRenderState	11	11
	11	11
net/minecraft/client/searchtree/SuffixArray	229	215
	20	19
	21	20
	23	21
	27	24
	36	32
	37	33
	38	34
	40	35
	41	37
	42	38
	43	39
	44	40
	46	43
	47	44
	48	45
	49	46
	52	49
	54	50
	56	51
	57	52
	58	53
	60	54
	61	54
	62	54
	64	54
	67	55
	68	56
	69	57
	70	58
	71	59
	73	60
	74	61
	75	62
	77	63
	78	64
	79	65
	81	67
	83	69
	84	70
	87	73
	89	75
	90	75
	91	76
	92	77
	93	78
	94	76
	97	81
	99	83
	100	84
	101	85
	103	87
	107	75
	110	92
	111	93
	113	94
	114	95
	115	97
	116	98
	117	99
	118	100
	120	103
	121	104
	123	106
	126	109
	127	110
	129	113
	130	114
	133	117
	134	118
	136	119
	137	121
	138	122
	139	123
	141	126
	142	127
	145	131
	147	134
	152	138
	153	139
	155	141
	156	142
	157	143
	158	144
	161	147
	162	148
	163	149
	164	150
	165	153
	166	154
	170	158
	174	162
	178	163
	179	164
	181	166
	182	167
	183	168
	184	169
	185	170
	187	173
	188	174
	190	176
	194	180
	195	215
	198	181
	200	182
	201	184
	202	185
	203	186
	204	187
	205	188
	207	191
	208	192
	210	194
	214	198
	217	199
	218	201
	219	202
	222	205
	223	206
	225	207
	226	209
	227	210
	229	213
com/mojang/blaze3d/framegraph/FramePass	0	0
net/minecraft/client/MouseHandler	457	447
	37	33
	73	58
	74	59
	75	60
	78	63
	79	64
	80	152
	83	65
	85	66
	86	67
	89	70
	91	71
	92	72
	93	73
	94	74
	96	77
	97	78
	98	79
	99	80
	100	81
	102	84
	105	87
	107	88
	108	89
	109	90
	112	93
	113	94
	114	95
	115	96
	117	97
	118	98
	120	101
	121	102
	122	106
	123	107
	124	108
	125	109
	127	111
	128	112
	129	113
	130	114
	131	115
	132	116
	133	117
	137	121
	138	122
	140	124
	141	125
	142	126
	143	127
	145	128
	147	129
	148	130
	152	136
	153	137
	154	138
	155	139
	156	140
	157	141
	158	142
	161	145
	162	146
	163	147
	164	148
	167	152
	170	155
	171	156
	172	157
	173	158
	174	159
	176	161
	177	162
	178	163
	181	167
	185	174
	186	180
	187	189
	190	192
	191	193
	192	194
	193	195
	194	196
	195	197
	196	198
	198	199
	199	200
	200	201
	201	202
	202	203
	203	204
	204	205
	205	206
	206	207
	208	210
	210	211
	211	212
	212	213
	214	215
	215	216
	221	219
	222	220
	226	225
	229	228
	230	229
	231	230
	234	233
	235	234
	237	236
	240	240
	241	240
	243	241
	244	242
	245	243
	246	243
	248	244
	249	245
	250	247
	251	248
	253	251
	254	252
	255	253
	256	254
	259	258
	260	259
	261	260
	263	262
	265	264
	268	267
	269	282
	271	268
	272	269
	273	270
	274	271
	275	282
	278	273
	279	274
	280	275
	283	278
	284	279
	285	282
	289	285
	290	286
	291	287
	292	288
	293	289
	294	290
	295	291
	296	292
	298	295
	299	296
	300	297
	301	298
	304	301
	305	302
	306	303
	307	304
	308	305
	309	306
	310	307
	313	310
	314	311
	315	312
	317	315
	318	316
	319	317
	320	318
	321	319
	322	320
	323	321
	326	325
	328	328
	329	329
	332	333
	333	334
	334	335
	337	338
	341	342
	345	346
	349	350
	356	354
	357	355
	358	356
	360	359
	361	360
	362	361
	363	362
	364	363
	365	364
	366	365
	367	366
	369	367
	370	368
	372	370
	373	371
	375	372
	376	373
	379	376
	380	377
	381	378
	382	378
	383	378
	386	380
	389	383
	393	387
	397	391
	401	395
	405	399
	409	403
	410	404
	415	407
	419	411
	420	426
	422	412
	423	426
	425	413
	426	414
	428	417
	429	418
	430	419
	431	420
	432	421
	433	422
	434	423
	435	426
	438	429
	439	435
	441	430
	442	431
	443	432
	444	433
	445	435
	448	438
	449	439
	452	442
	453	443
	454	444
	455	445
	456	446
	457	447
net/minecraft/client/gui/components/debug/DebugScreenEntry	15	15
	11	11
	15	15
net/minecraft/client/color/item/Constant	28	28
	18	18
	19	19
	23	23
	28	28
	13	13
	14	14
	15	14
net/minecraft/client/animation/definitions/NautilusAnimation	54	77
	11	9
	12	11
	13	15
	14	16
	15	17
	16	18
	17	19
	19	22
	20	26
	21	27
	22	28
	23	29
	24	30
	26	33
	27	37
	28	38
	29	39
	30	40
	31	41
	33	44
	34	48
	35	49
	36	50
	37	51
	38	52
	40	55
	41	59
	42	60
	43	61
	44	62
	45	63
	47	66
	48	70
	49	71
	50	72
	51	73
	52	74
	54	77
com/mojang/realmsclient/client/worldupload/package-info	0	0
net/minecraft/client/model/object/skull/package-info	0	0
com/mojang/realmsclient/exception/RealmsServiceException	14	14
	9	9
	10	10
	14	14
net/minecraft/client/model/object/statue/package-info	0	0
net/minecraft/client/renderer/item/properties/select/ComponentContents	64	54
	64	54
	33	24
	35	26
	37	27
	38	29
	43	33
	49	37
	20	17
	54	44
	24	20
	25	22
	26	22
	27	22
	59	49
	29	22
	31	23
net/minecraft/client/model/monster/piglin/AdultPiglinModel	35	28
	16	14
	17	15
	35	28
	20	18
	22	19
	23	20
	24	20
	25	20
	28	21
	29	22
	30	23
net/minecraft/client/model/monster/zombie/BabyZombieVillagerModel	76	57
	64	50
	65	50
	66	50
	67	50
	70	51
	74	55
	75	56
	76	57
	16	14
	17	15
	20	18
	21	19
	23	20
	24	22
	25	23
	26	25
	27	27
	29	29
	30	30
	31	30
	32	30
	34	32
	35	33
	36	33
	37	33
	39	35
	40	35
	41	35
	42	35
	44	36
	45	36
	46	36
	47	36
	49	37
	50	39
	51	39
	52	40
	54	42
	55	44
	56	44
	57	45
	59	47
	60	48
	61	48
	62	48
net/minecraft/client/gui/screens/worldselection/InitialWorldCreationOptions	0	0
net/minecraft/client/gui/screens/BackupConfirmScreen	76	92
	67	83
	72	88
	73	89
	74	90
	76	92
	15	14
	16	15
	28	28
	29	29
	32	39
	33	40
	34	41
	35	42
	36	43
	37	44
	38	45
	42	49
	44	50
	46	51
	47	52
	48	55
	49	56
	51	60
	52	64
	53	67
	54	69
	55	71
	59	75
	60	76
	61	77
	62	78
	63	79
net/minecraft/client/gui/components/MultiLineLabel	101	106
	67	66
	68	67
	69	68
	71	71
	72	72
	73	74
	74	75
	76	78
	78	79
	79	80
	80	82
	81	83
	82	84
	83	85
	20	19
	84	86
	85	88
	86	90
	88	92
	25	24
	91	96
	30	29
	96	101
	35	34
	101	106
	39	38
	43	42
	47	46
	48	47
	57	54
	58	56
	59	57
	60	58
	61	59
	63	62
net/minecraft/client/renderer/entity/layers/SlimeOuterLayer	36	43
	32	34
	18	18
	34	37
	19	19
	20	20
	36	43
	24	30
	26	31
	27	43
	30	32
	31	33
net/minecraft/client/renderer/texture/SimpleTexture	15	14
	10	9
	11	10
	15	14
net/minecraft/client/gui/contextualbar/LocatorBarRenderer	94	88
	64	57
	66	58
	67	59
	69	60
	70	61
	72	64
	73	65
	74	65
	77	67
	78	68
	80	69
	81	70
	19	19
	20	20
	84	73
	21	21
	85	74
	86	75
	88	77
	89	78
	91	81
	93	85
	94	88
	33	31
	34	32
	38	36
	39	37
	43	41
	45	42
	46	43
	47	88
	49	44
	50	45
	51	46
	53	47
	54	54
	56	85
	59	55
	60	56
	61	85
net/minecraft/client/gui/screens/options/MouseSettingsScreen	37	37
	32	32
	33	33
	35	35
	37	37
	13	12
	15	15
	16	16
	17	17
	18	18
	19	19
	20	20
	21	21
	22	22
	27	27
	28	28
net/minecraft/client/multiplayer/resolver/ResolvedServerAddress	33	33
	33	33
	18	18
	23	23
	28	28
	15	15
net/minecraft/client/input/InputQuirks	17	11
	17	11
	7	7
	9	8
	11	9
	14	10
net/minecraft/client/particle/TrialSpawnerDetectionParticle	71	86
	66	72
	67	73
	71	86
	15	24
	16	25
	17	26
	18	27
	19	28
	21	29
	22	30
	23	31
	24	32
	25	33
	26	34
	28	35
	30	36
	31	37
	32	38
	33	39
	34	40
	38	44
	43	49
	48	54
	53	59
	54	60
	55	61
	59	65
net/minecraft/client/gui/font/FontOption	54	47
	33	27
	36	28
	39	31
	40	32
	11	11
	43	35
	12	12
	44	36
	45	37
	15	14
	48	41
	20	18
	52	45
	21	19
	53	46
	54	47
	25	22
	31	27
com/mojang/blaze3d/opengl/GlTexture	96	98
	64	66
	65	67
	66	68
	67	69
	70	72
	71	73
	73	76
	77	80
	78	81
	79	82
	83	86
	23	28
	87	90
	24	29
	88	91
	25	30
	91	94
	29	34
	93	95
	30	40
	94	96
	32	35
	96	98
	33	36
	34	37
	36	40
	39	43
	41	44
	42	45
	45	48
	46	49
	47	50
	50	53
	54	57
	58	61
	60	62
	61	63
net/minecraft/client/renderer/entity/state/ExperienceOrbRenderState	0	0
net/minecraft/client/model/animal/axolotl/BabyAxolotlModel	75	113
	64	102
	66	103
	67	104
	69	107
	70	108
	71	109
	72	110
	73	111
	74	112
	75	113
	30	27
	32	28
	33	29
	34	30
	35	31
	36	32
	37	33
	38	34
	39	35
	42	38
	43	39
	45	40
	46	41
	47	46
	48	50
	49	55
	50	58
	51	63
	52	68
	53	73
	54	78
	55	83
	56	88
	57	93
	59	98
net/minecraft/client/particle/SculkChargeParticle	49	56
	36	34
	37	35
	38	36
	43	50
	44	51
	13	14
	45	52
	14	15
	46	53
	47	54
	16	16
	48	55
	17	17
	49	56
	19	18
	21	19
	22	20
	26	24
	31	29
net/minecraft/client/telemetry/events/GameLoadTimesEvent	76	75
	64	63
	65	64
	66	65
	68	67
	69	68
	72	71
	73	72
	76	75
	19	18
	21	19
	28	25
	29	26
	32	29
	33	30
	36	33
	37	34
	40	39
	41	40
	44	43
	45	44
	46	45
	47	51
	49	47
	50	48
	52	51
	55	54
	56	55
	57	56
	58	57
	59	58
	60	59
	62	61
net/minecraft/client/renderer/debug/OctreeDebugRenderer	47	52
	33	32
	34	33
	35	34
	36	35
	37	36
	38	37
	39	38
	41	41
	42	43
	43	48
	46	51
	47	52
	22	19
	23	20
	27	26
	28	27
	29	28
	30	29
net/minecraft/client/renderer/blockentity/StandingSignRenderer	184	164
	128	109
	133	114
	137	118
	141	130
	142	131
	145	134
	146	135
	147	136
	149	139
	153	143
	154	144
	156	145
	157	145
	158	145
	162	146
	163	147
	164	147
	165	147
	170	150
	45	43
	47	45
	175	155
	176	156
	177	157
	182	162
	183	163
	56	50
	184	164
	57	51
	58	51
	59	51
	61	52
	65	55
	70	65
	71	66
	72	67
	74	68
	75	69
	77	71
	79	73
	83	76
	88	81
	92	85
	93	85
	94	85
	96	86
	97	87
	100	90
	104	94
	105	94
	106	94
	111	98
	113	99
	114	100
	117	103
	118	104
	119	104
	120	104
	125	108
	126	109
	127	109
net/minecraft/client/renderer/texture/StitcherException	22	17
	18	13
	19	14
	22	17
	10	11
	13	11
	14	11
	15	11
net/minecraft/client/model/animal/rabbit/AdultRabbitModel	87	62
	14	13
	19	14
	22	17
	23	18
	25	19
	26	21
	27	21
	28	22
	30	24
	31	25
	32	25
	33	25
	35	27
	36	29
	37	29
	38	30
	40	32
	41	33
	42	33
	43	33
	45	35
	46	36
	47	36
	48	36
	50	38
	51	38
	52	38
	54	39
	55	41
	56	41
	57	42
	59	44
	60	46
	61	46
	62	47
	64	49
	65	49
	66	49
	68	50
	69	50
	70	50
	72	51
	73	53
	74	53
	75	54
	77	56
	78	56
	79	56
	81	57
	82	59
	83	59
	84	60
	87	62
net/minecraft/client/renderer/entity/PolarBearRenderer	31	28
	19	18
	24	22
	10	10
	11	11
	29	26
	14	14
	30	27
	15	15
	31	28
net/minecraft/client/renderer/debug/ChunkDebugRenderer	113	127
	33	34
	34	35
	38	41
	39	42
	40	43
	42	44
	44	45
	45	46
	47	48
	51	52
	52	53
	53	54
	54	56
	55	57
	56	58
	57	59
	58	60
	60	63
	61	64
	62	66
	63	68
	64	73
	68	77
	75	84
	76	85
	77	86
	78	87
	80	88
	81	89
	82	91
	83	92
	84	93
	85	94
	86	95
	87	96
	88	97
	89	98
	91	100
	92	101
	94	104
	97	108
	98	109
	99	110
	100	111
	101	112
	103	115
	104	116
	105	118
	106	119
	107	120
	108	121
	111	125
	113	127
net/minecraft/client/renderer/state/level/CameraEntityRenderState	0	0
net/minecraft/client/resources/model/geometry/package-info	0	0
net/minecraft/client/gui/narration/package-info	0	0
net/minecraft/client/color/block/BlockColors	88	79
	65	53
	66	54
	70	58
	71	59
	73	61
	76	64
	77	65
	78	66
	80	69
	81	70
	84	73
	21	17
	85	75
	86	76
	88	79
	26	21
	28	22
	30	23
	31	24
	33	25
	35	26
	36	27
	38	28
	40	37
	42	38
	45	39
	47	40
	49	41
	51	42
	53	43
	55	44
	57	45
	61	49
net/minecraft/client/data/models/ItemModelGenerators	1049	1015
	1024	993
	1025	994
	1026	995
	1027	996
	1028	997
	1031	998
	1032	999
	1033	1000
	1034	1001
	1036	1002
	1037	1003
	1038	1004
	1039	1005
	1040	1006
	1041	1007
	1042	1008
	1043	1009
	1044	1010
	1045	1011
	1046	1012
	1047	1013
	1048	1014
	1049	1015
	72	57
	74	58
	75	59
	76	60
	77	61
	80	85
	86	63
	104	89
	105	90
	106	91
	109	97
	110	98
	113	104
	117	111
	118	112
	121	118
	125	127
	129	134
	130	135
	133	141
	134	142
	137	148
	139	148
	140	148
	143	149
	144	150
	149	156
	150	157
	152	158
	153	159
	155	160
	156	161
	159	167
	160	168
	161	169
	163	171
	164	172
	165	174
	166	176
	169	179
	170	180
	174	187
	176	189
	177	191
	178	192
	179	193
	180	194
	183	197
	186	204
	187	204
	190	204
	193	205
	196	211
	197	212
	198	213
	200	215
	201	217
	202	219
	205	222
	206	224
	207	226
	208	227
	209	228
	212	231
	215	237
	219	244
	223	251
	224	252
	227	260
	228	261
	229	262
	231	263
	233	265
	235	266
	236	267
	239	269
	240	270
	241	271
	243	273
	244	274
	247	277
	251	281
	252	282
	253	283
	255	285
	256	286
	259	289
	260	289
	266	290
	269	296
	271	297
	272	298
	274	299
	275	300
	277	300
	280	302
	286	303
	289	303
	291	304
	294	310
	295	311
	299	318
	300	319
	301	320
	302	321
	304	323
	305	325
	306	326
	307	327
	311	327
	312	327
	317	331
	320	337
	321	338
	322	339
	323	340
	324	341
	325	342
	327	344
	328	346
	330	348
	331	349
	332	350
	335	350
	336	350
	340	353
	341	354
	344	357
	347	365
	348	365
	354	366
	357	372
	358	373
	360	374
	361	375
	364	381
	365	382
	366	383
	367	384
	368	388
	372	392
	373	393
	374	394
	376	397
	379	403
	380	404
	382	405
	383	406
	386	412
	387	413
	389	414
	390	415
	393	421
	394	421
	398	422
	399	422
	403	423
	404	423
	406	423
	411	424
	414	430
	417	433
	422	441
	424	442
	425	443
	426	444
	429	450
	431	451
	432	451
	435	452
	436	453
	440	455
	442	456
	447	458
	448	459
	451	465
	452	466
	453	467
	455	469
	456	470
	459	476
	460	477
	463	483
	465	483
	466	483
	468	484
	469	485
	472	491
	474	491
	475	491
	477	492
	478	493
	481	499
	482	500
	483	501
	486	507
	487	508
	489	509
	491	510
	492	511
	494	513
	495	515
	496	516
	497	517
	498	518
	501	521
	504	524
	505	525
	506	526
	507	527
	508	528
	509	529
	510	530
	511	531
	512	532
	513	533
	514	534
	515	535
	516	536
	517	537
	518	538
	519	539
	520	540
	521	541
	522	542
	523	543
	524	544
	525	545
	526	546
	527	547
	528	548
	529	549
	530	550
	531	551
	532	552
	533	553
	534	554
	535	555
	536	556
	537	557
	538	558
	539	559
	541	560
	543	561
	544	562
	545	563
	547	564
	548	565
	550	566
	551	567
	552	568
	553	569
	554	570
	555	571
	556	572
	557	573
	558	574
	559	575
	560	576
	561	577
	562	578
	563	579
	564	580
	565	581
	566	582
	567	583
	568	584
	569	585
	570	586
	571	587
	572	588
	573	589
	574	590
	575	591
	576	592
	577	593
	578	594
	579	595
	580	596
	581	597
	582	598
	583	599
	584	600
	585	601
	586	602
	587	603
	588	604
	589	605
	590	606
	591	607
	592	608
	593	609
	594	610
	595	611
	596	612
	597	613
	598	614
	599	615
	600	616
	601	617
	602	618
	603	619
	604	620
	605	621
	606	622
	607	623
	608	624
	609	625
	610	626
	611	627
	612	628
	613	629
	614	630
	615	631
	616	632
	617	633
	618	634
	619	635
	620	636
	621	637
	622	638
	623	639
	624	640
	625	641
	626	642
	627	643
	628	644
	629	645
	630	646
	631	647
	632	648
	633	649
	634	650
	635	651
	636	652
	637	653
	638	654
	639	655
	640	656
	641	657
	642	658
	643	659
	644	660
	645	661
	646	662
	647	663
	648	664
	649	665
	650	666
	651	667
	652	668
	653	669
	654	670
	655	671
	656	672
	657	673
	658	674
	659	675
	660	676
	661	677
	662	678
	663	679
	664	680
	665	681
	666	682
	667	683
	668	684
	669	685
	670	686
	671	687
	672	688
	673	689
	674	690
	675	691
	676	692
	677	693
	678	694
	679	695
	680	696
	681	697
	682	698
	683	699
	684	700
	685	701
	686	702
	687	703
	688	704
	689	705
	690	706
	691	707
	692	708
	693	709
	694	710
	695	711
	696	712
	697	713
	698	714
	699	715
	700	716
	701	717
	702	718
	703	719
	704	720
	705	721
	706	722
	707	723
	708	724
	709	725
	710	726
	711	727
	712	728
	713	729
	714	730
	715	731
	716	732
	717	733
	718	734
	719	735
	720	736
	721	737
	722	738
	723	739
	724	740
	725	741
	726	742
	727	743
	728	744
	729	745
	730	746
	731	747
	732	748
	733	749
	734	750
	735	751
	736	752
	737	753
	738	754
	739	755
	740	756
	741	757
	742	758
	743	759
	744	760
	745	761
	746	762
	747	763
	748	764
	749	765
	750	766
	751	767
	752	768
	753	769
	754	770
	755	771
	756	772
	757	773
	758	774
	759	775
	760	776
	761	777
	762	778
	763	779
	764	780
	765	781
	767	782
	768	783
	769	784
	770	785
	771	786
	772	787
	773	788
	774	789
	775	790
	776	791
	777	792
	778	793
	779	794
	780	795
	781	796
	782	797
	783	798
	784	799
	785	800
	787	801
	788	802
	790	803
	792	804
	793	805
	794	806
	795	807
	797	808
	798	809
	799	810
	800	811
	802	812
	803	813
	804	814
	805	815
	807	816
	808	817
	809	818
	810	819
	812	820
	813	821
	814	822
	815	823
	817	824
	818	825
	819	826
	820	827
	822	828
	823	829
	824	830
	825	831
	827	832
	829	833
	830	834
	831	835
	832	836
	833	837
	834	838
	835	839
	836	840
	837	841
	838	842
	839	843
	840	844
	841	845
	842	846
	843	847
	844	848
	845	849
	846	850
	847	851
	848	852
	849	853
	850	854
	851	855
	852	856
	853	857
	854	858
	856	859
	857	860
	859	861
	860	862
	861	863
	862	864
	863	865
	864	866
	865	867
	866	868
	867	869
	868	870
	869	871
	870	872
	871	873
	872	874
	873	875
	874	876
	875	877
	877	878
	878	879
	879	880
	881	881
	882	882
	883	883
	884	884
	885	885
	886	886
	887	887
	888	888
	889	889
	890	890
	891	891
	892	892
	893	893
	894	894
	895	895
	896	896
	898	897
	899	898
	900	899
	901	900
	902	901
	903	902
	904	903
	906	904
	907	905
	908	906
	909	907
	910	908
	911	909
	912	910
	914	911
	915	912
	916	913
	917	914
	921	915
	922	916
	923	917
	924	918
	927	919
	928	920
	929	921
	930	922
	933	923
	934	924
	935	925
	938	926
	939	927
	940	928
	941	929
	942	930
	943	931
	944	932
	945	933
	946	934
	947	935
	950	936
	951	937
	952	938
	953	939
	954	940
	955	941
	956	942
	957	943
	958	944
	959	945
	960	946
	961	947
	964	948
	965	949
	966	950
	969	951
	970	952
	971	953
	974	954
	975	955
	976	956
	979	957
	980	958
	981	959
	982	960
	983	961
	984	962
	985	963
	986	964
	987	965
	988	966
	989	967
	990	968
	991	969
	992	970
	996	971
	997	972
	1000	973
	1001	974
	1002	975
	1003	976
	1004	977
	1005	978
	1006	979
	1007	980
	1008	981
	1009	982
	1012	983
	1013	984
	1014	985
	1015	986
	1016	987
	1019	988
	1020	989
	1021	990
	1022	991
	1023	992
net/minecraft/client/renderer/feature/ShadowFeatureRenderer	52	50
	32	30
	34	31
	35	32
	36	33
	37	34
	38	35
	40	36
	41	37
	42	38
	43	39
	44	40
	47	43
	50	48
	19	18
	51	49
	52	50
	22	21
	23	23
	24	24
	26	25
	28	26
	29	27
	30	28
	31	29
net/minecraft/client/input/MouseButtonInfo	18	12
	18	12
com/mojang/realmsclient/gui/screens/configuration/RealmsSettingsTab	191	207
	34	32
	35	33
	36	34
	37	35
	38	36
	54	54
	55	55
	56	56
	57	57
	58	58
	59	59
	61	60
	62	61
	63	62
	64	63
	65	64
	66	65
	67	66
	68	71
	70	68
	71	69
	72	71
	73	72
	75	73
	76	74
	77	75
	78	76
	79	77
	81	78
	82	79
	84	80
	85	81
	86	82
	87	83
	89	84
	90	85
	92	89
	94	90
	95	94
	96	96
	97	98
	98	99
	100	101
	101	102
	102	103
	104	107
	105	108
	107	110
	108	115
	110	116
	111	117
	114	120
	115	121
	116	122
	117	123
	121	129
	122	130
	123	131
	125	133
	129	138
	130	139
	131	140
	135	144
	136	150
	139	153
	140	154
	141	155
	144	158
	145	159
	146	160
	147	161
	151	165
	152	166
	156	170
	157	171
	158	172
	161	175
	162	177
	163	178
	166	181
	167	182
	168	183
	170	184
	171	187
	172	188
	173	189
	174	190
	178	194
	179	195
	182	198
	183	199
	184	200
	185	201
	186	202
	187	203
	188	207
	190	204
	191	207
net/minecraft/client/multiplayer/ClientCommonPacketListenerImpl	514	470
	514	402
	79	83
	81	84
	101	100
	102	101
	103	102
	104	103
	105	104
	106	105
	107	106
	108	107
	109	108
	110	109
	111	110
	112	111
	115	114
	120	118
	125	119
	126	120
	128	121
	129	121
	133	122
	137	125
	138	126
	140	127
	144	131
	146	132
	148	133
	149	134
	150	135
	151	136
	152	137
	153	137
	155	137
	160	141
	161	142
	164	143
	169	147
	170	148
	174	151
	175	152
	176	153
	180	156
	181	157
	182	166
	185	158
	186	159
	187	160
	188	161
	190	163
	192	166
	198	171
	199	172
	200	173
	201	174
	202	175
	203	186
	206	177
	207	178
	209	179
	210	180
	211	183
	214	181
	216	186
	220	189
	221	190
	222	190
	223	190
	225	191
	228	194
	229	194
	231	194
	237	199
	238	200
	239	201
	240	201
	242	202
	243	203
	245	201
	250	208
	251	209
	252	210
	256	213
	257	214
	258	215
	262	218
	263	219
	264	220
	268	223
	270	224
	271	225
	273	227
	275	229
	276	230
	277	231
	278	232
	282	236
	283	237
	287	240
	288	241
	289	242
	294	247
	295	248
	299	251
	301	252
	302	253
	303	254
	305	255
	306	256
	308	258
	310	277
	314	262
	317	263
	318	264
	319	265
	321	267
	323	270
	324	271
	325	272
	327	274
	329	277
	333	280
	334	281
	335	282
	338	285
	339	286
	340	286
	341	287
	343	289
	345	290
	347	292
	352	295
	353	296
	355	297
	356	298
	359	301
	360	302
	361	303
	363	304
	364	306
	365	313
	369	316
	370	317
	373	320
	374	322
	375	323
	376	324
	377	325
	378	326
	379	327
	380	328
	383	331
	386	334
	387	335
	391	338
	392	339
	393	340
	394	341
	398	344
	399	345
	400	346
	402	347
	403	348
	404	349
	406	351
	409	355
	410	357
	411	358
	413	359
	418	363
	422	367
	423	368
	425	370
	427	372
	434	375
	435	376
	436	377
	438	379
	449	420
	451	422
	452	423
	453	424
	454	425
	455	426
	457	429
	459	431
	460	432
	461	433
	462	434
	463	435
	467	439
	469	440
	472	443
	473	444
	475	446
	476	447
	477	449
	478	454
	479	455
	481	457
	482	458
	483	459
	486	465
	487	467
	488	468
	489	469
	490	470
	497	386
	499	387
	500	388
	504	392
	505	393
	509	397
	510	398
net/minecraft/client/renderer/special/ShulkerBoxSpecialRenderer	62	67
	32	48
	33	50
	36	54
	37	55
	40	58
	41	59
	45	63
	50	67
	23	22
	24	23
	56	36
	25	24
	57	37
	26	25
	61	41
	29	45
	62	42
	30	47
net/minecraft/client/renderer/blockentity/state/DecoratedPotRenderState	13	13
	12	12
	13	13
net/minecraft/client/renderer/entity/state/MushroomCowRenderState	7	7
	7	7
net/minecraft/client/renderer/MultiBufferSource	101	103
	64	64
	68	68
	69	69
	70	70
	72	72
	75	75
	77	77
	78	78
	80	80
	18	17
	83	83
	84	84
	85	85
	22	23
	87	87
	90	90
	91	91
	92	92
	93	93
	94	94
	96	97
	98	100
	35	35
	99	101
	36	36
	37	37
	101	103
	41	41
	42	42
	43	43
	44	44
	47	47
	48	48
	51	51
	52	52
	53	53
	55	55
	56	56
	58	59
	59	60
	62	63
net/minecraft/client/ClientRecipeBook	103	108
	66	65
	67	70
	70	75
	71	76
	72	77
	75	80
	76	81
	78	83
	79	84
	80	85
	82	86
	84	87
	86	89
	87	90
	88	91
	89	92
	90	93
	27	26
	28	27
	92	96
	31	30
	95	100
	32	31
	35	34
	99	104
	36	35
	37	36
	103	108
	40	39
	41	40
	42	41
	45	44
	49	48
	50	49
	53	52
	54	53
	57	56
	59	57
	60	58
	62	59
	63	60
net/minecraft/client/renderer/debug/ChunkBorderRenderer	98	84
	64	57
	65	58
	66	59
	67	60
	68	61
	72	64
	73	65
	74	66
	79	70
	81	72
	82	72
	83	72
	20	18
	84	72
	21	19
	85	72
	22	20
	86	72
	88	74
	25	23
	89	76
	26	24
	92	78
	93	79
	30	30
	94	80
	95	81
	32	31
	96	82
	33	32
	98	84
	35	33
	36	34
	37	35
	40	37
	41	38
	42	39
	47	43
	48	44
	49	45
	50	46
	54	49
	55	50
	56	51
	58	52
	62	55
	63	56
net/minecraft/client/model/monster/piglin/AdultZombifiedPiglinModel	18	17
	18	17
	9	8
	10	9
	14	13
net/minecraft/client/multiplayer/chat/ChatRestriction	97	79
	64	50
	67	53
	71	57
	75	61
	76	62
	77	63
	80	66
	17	17
	81	67
	18	17
	82	68
	19	17
	23	21
	24	22
	25	23
	90	74
	27	25
	91	74
	28	25
	92	75
	29	25
	95	78
	96	78
	33	28
	97	79
	34	29
	36	31
	37	31
	38	31
	43	34
	44	35
	46	37
	47	37
	48	37
	52	40
	53	41
	62	48
	63	49
net/minecraft/client/server/LanServerDetection	104	101
	67	27
	68	28
	69	29
	70	30
	72	31
	73	32
	74	33
	75	34
	76	35
	81	39
	19	18
	83	41
	20	19
	84	42
	86	45
	87	46
	23	68
	88	47
	89	48
	90	49
	91	50
	27	72
	28	73
	29	74
	94	53
	30	75
	95	54
	96	55
	32	77
	100	59
	36	82
	101	60
	37	83
	38	84
	103	63
	39	101
	104	64
	42	85
	44	86
	45	88
	46	89
	47	90
	48	91
	49	92
	53	96
	54	97
	55	98
	57	101
net/minecraft/client/renderer/entity/state/EndCrystalRenderState	7	7
	7	7
net/minecraft/client/renderer/entity/DolphinRenderer	37	32
	17	16
	34	29
	19	17
	35	30
	20	18
	36	31
	37	32
	24	21
	13	12
	29	25
	14	13
net/minecraft/client/renderer/state/gui/GuiElementRenderState	0	0
net/minecraft/client/player/LocalPlayer	1434	1237
	1025	946
	1026	947
	1027	948
	1029	949
	1030	950
	1033	953
	1038	957
	1042	961
	1043	1056
	1077	962
	1078	963
	1079	964
	1082	965
	1083	966
	1084	967
	1089	968
	1090	969
	1091	970
	1094	971
	1095	972
	1096	973
	1098	974
	1101	975
	1102	976
	1107	980
	1108	981
	1112	982
	1113	983
	1114	984
	1115	1056
	1118	985
	1123	986
	1124	987
	1125	988
	1126	1056
	1129	989
	1130	990
	1131	991
	1132	1056
	114	118
	1142	992
	1143	993
	1144	994
	1145	995
	1149	998
	1152	999
	1153	1000
	1157	1001
	1158	1002
	1159	1003
	1163	1004
	1164	1005
	1168	1006
	1169	1007
	1172	1008
	1173	1009
	1174	1010
	1175	1011
	1178	1012
	1179	1013
	1184	1014
	1186	1016
	1187	1017
	1188	1018
	1195	1019
	1196	1020
	1197	1021
	1200	1023
	1201	1024
	1202	1025
	179	178
	1203	1027
	180	179
	1204	1028
	181	180
	1205	1029
	182	181
	1206	1030
	183	182
	184	183
	185	184
	1209	1034
	186	185
	1210	1035
	187	186
	1211	1036
	188	187
	1212	1037
	189	188
	1213	1038
	190	189
	195	192
	199	195
	1223	1046
	200	196
	1224	1056
	202	199
	206	200
	207	201
	208	202
	1232	1047
	209	203
	1233	1048
	210	206
	1234	1056
	211	207
	213	212
	1238	1049
	1239	1056
	218	216
	219	217
	1243	1059
	220	218
	1244	1060
	1245	1061
	1246	1062
	1247	1063
	224	221
	1248	1064
	1249	1065
	1250	1066
	1251	1071
	229	225
	1253	1067
	230	225
	1254	1068
	1255	1069
	232	225
	1259	1076
	237	230
	1261	1078
	1262	1079
	239	253
	1263	1080
	1264	1081
	241	231
	1265	1082
	242	232
	244	233
	245	234
	1269	1086
	246	235
	249	238
	1273	1090
	250	239
	1274	1091
	251	240
	1275	1092
	252	241
	253	242
	254	243
	1279	1096
	1280	1097
	257	246
	1281	1098
	1282	1099
	1283	1100
	260	249
	1284	1101
	261	250
	263	253
	1288	1105
	266	256
	267	257
	268	258
	1292	1109
	1293	1110
	271	262
	1295	1113
	1296	1114
	1297	1115
	1298	1116
	275	266
	1300	1119
	277	267
	1301	1120
	278	268
	1302	1121
	279	269
	280	270
	282	271
	1306	1125
	283	272
	1308	1126
	285	273
	1310	1128
	287	274
	288	275
	290	276
	1314	1131
	291	277
	292	278
	293	279
	294	280
	295	281
	1319	1135
	296	282
	1320	1136
	297	283
	1322	1137
	1323	1138
	300	286
	301	287
	302	288
	1326	1141
	303	289
	1327	1142
	304	290
	1328	1143
	306	293
	307	294
	1331	1146
	308	295
	1332	1147
	310	298
	311	299
	1335	1150
	313	300
	315	302
	1340	1154
	1341	1155
	318	305
	1342	1156
	319	306
	1343	1157
	320	307
	1344	1158
	321	308
	1345	1159
	322	309
	1347	1161
	324	311
	327	314
	328	317
	1352	1166
	329	318
	1353	1167
	330	319
	1357	1170
	335	323
	336	324
	337	325
	1362	1174
	1363	1175
	340	328
	341	329
	342	330
	1367	1178
	346	333
	347	334
	1371	1182
	348	335
	1375	1186
	352	338
	353	339
	354	340
	1379	1190
	1380	1191
	357	343
	1381	1192
	358	344
	1382	1193
	359	345
	1383	1194
	360	346
	1384	1195
	361	347
	1385	1196
	362	348
	1386	1197
	365	351
	366	352
	1390	1201
	367	353
	1391	1202
	368	354
	1392	1203
	369	355
	1394	1206
	372	358
	373	359
	375	361
	1399	1210
	1400	1211
	1402	1212
	379	364
	380	365
	1404	1213
	1405	1214
	384	368
	1408	1215
	385	369
	1409	1216
	386	370
	1410	1217
	1413	1220
	390	373
	1414	1221
	1416	1222
	1417	1223
	1418	1224
	395	377
	1420	1225
	1421	1226
	1423	1227
	400	381
	404	385
	1428	1231
	405	386
	1429	1232
	1430	1233
	1431	1234
	408	389
	1432	1235
	409	390
	1434	1237
	412	393
	416	397
	420	401
	421	402
	422	403
	424	405
	428	408
	432	412
	433	413
	434	414
	436	415
	437	415
	438	416
	441	418
	444	421
	448	425
	449	426
	450	427
	455	430
	456	431
	460	434
	461	435
	464	438
	466	439
	467	464
	470	440
	471	441
	473	442
	474	443
	476	444
	477	446
	478	447
	479	448
	480	449
	481	450
	482	451
	486	455
	488	456
	489	457
	490	458
	492	460
	495	464
	499	467
	500	468
	501	469
	505	473
	506	474
	508	477
	509	478
	510	479
	511	480
	515	483
	516	484
	518	486
	520	488
	524	491
	525	493
	526	496
	527	499
	528	502
	529	505
	530	508
	532	510
	535	513
	536	514
	539	517
	543	521
	544	522
	547	525
	552	529
	553	530
	557	533
	558	534
	559	539
	562	535
	564	536
	565	537
	566	539
	570	542
	574	546
	578	550
	583	554
	584	555
	585	556
	590	559
	595	563
	597	564
	598	565
	599	566
	601	567
	602	568
	603	569
	604	570
	607	574
	608	574
	609	575
	612	577
	615	580
	619	584
	624	588
	629	592
	630	593
	632	595
	634	597
	638	600
	639	601
	643	604
	644	605
	648	608
	649	609
	653	612
	654	613
	658	616
	659	617
	663	620
	664	621
	668	624
	669	625
	673	628
	674	629
	675	630
	677	632
	681	635
	682	636
	686	639
	687	640
	691	643
	696	647
	700	651
	705	655
	706	656
	707	657
	708	658
	709	659
	710	660
	711	661
	712	662
	713	663
	715	665
	717	667
	729	670
	730	671
	733	674
	734	675
	735	676
	738	679
	739	680
	740	681
	743	684
	747	688
	748	689
	749	690
	752	693
	753	694
	755	695
	756	696
	760	700
	761	701
	762	702
	763	703
	767	707
	771	711
	772	712
	773	713
	774	713
	775	714
	776	715
	779	713
	781	720
	782	721
	785	724
	786	725
	787	726
	791	730
	792	731
	795	734
	796	735
	797	736
	800	739
	801	740
	802	741
	804	742
	805	743
	806	744
	807	745
	808	746
	809	747
	810	747
	812	748
	813	749
	815	750
	816	751
	817	752
	818	753
	819	754
	822	757
	823	758
	824	759
	825	760
	826	761
	829	764
	830	765
	833	768
	834	769
	835	770
	836	771
	838	773
	842	777
	843	778
	847	782
	848	783
	849	784
	850	785
	852	787
	853	788
	857	792
	858	793
	859	794
	860	795
	861	796
	862	797
	863	798
	865	800
	866	801
	867	802
	868	803
	869	804
	871	805
	872	806
	874	809
	875	810
	876	811
	881	816
	882	816
	883	817
	886	820
	888	821
	889	822
	892	825
	893	826
	894	827
	895	828
	896	829
	897	830
	900	833
	902	834
	904	835
	905	836
	907	839
	908	840
	911	843
	912	844
	916	848
	917	849
	918	850
	919	851
	920	852
	922	853
	925	857
	927	858
	928	859
	929	860
	930	861
	932	862
	933	863
	934	864
	936	865
	937	866
	938	867
	940	869
	944	873
	947	876
	948	877
	949	878
	950	879
	952	881
	955	884
	956	884
	961	888
	962	888
	963	888
	967	892
	973	896
	974	897
	975	898
	977	900
	980	903
	981	904
	983	905
	984	906
	985	907
	986	908
	988	911
	991	914
	992	915
	994	918
	995	919
	996	920
	997	921
	1000	924
	1001	925
	1005	929
	1006	930
	1008	931
	1009	932
	1011	933
	1013	936
	1016	939
	1021	943
	1022	944
	1023	945
net/minecraft/client/gui/screens/multiplayer/CodeOfConductScreen	75	70
	64	61
	69	66
	71	67
	73	68
	75	70
	17	17
	18	18
	26	27
	27	28
	28	29
	29	30
	30	31
	31	32
	34	35
	35	36
	39	40
	40	41
	41	41
	43	42
	44	42
	46	43
	50	47
	52	48
	53	49
	54	50
	56	52
	58	55
	60	57
net/minecraft/client/model/object/cart/MinecartModel	55	45
	15	14
	16	15
	19	18
	20	19
	22	20
	23	21
	24	22
	25	23
	27	24
	28	26
	29	26
	30	27
	34	29
	35	31
	36	31
	37	32
	39	34
	40	36
	41	36
	42	37
	44	39
	45	41
	46	41
	47	42
	49	44
	50	44
	51	44
	52	44
	55	45
net/minecraft/client/animation/package-info	0	0
net/minecraft/client/gui/screens/FileFixerAbortedScreen	71	70
	67	66
	68	67
	69	68
	71	70
	22	22
	23	23
	24	24
	25	25
	29	29
	34	34
	35	35
	37	36
	39	37
	41	38
	42	39
	43	40
	45	41
	46	42
	47	43
	51	47
	52	48
	53	49
	56	52
	57	53
	58	57
	62	61
net/minecraft/client/gui/components/debug/DebugEntryNoop	30	34
	16	16
	21	25
	25	29
	11	11
	12	12
	30	34
	15	15
net/minecraft/client/model/object/skull/SkullModel	57	43
	35	27
	37	28
	38	30
	39	30
	40	30
	44	31
	48	35
	49	36
	18	15
	19	16
	20	17
	54	40
	23	20
	55	41
	24	21
	56	42
	57	43
	26	22
	27	22
	28	22
	31	23
net/minecraft/client/GameNarrator	126	126
	16	16
	17	17
	23	22
	24	23
	27	26
	28	27
	30	29
	33	32
	34	33
	36	35
	39	38
	40	39
	42	41
	45	44
	46	45
	47	46
	48	47
	50	49
	53	52
	54	53
	57	56
	58	57
	59	58
	60	59
	61	60
	64	63
	67	66
	68	67
	71	70
	75	74
	76	75
	78	77
	81	80
	83	81
	85	82
	86	83
	87	84
	88	85
	90	87
	93	91
	95	97
	98	100
	102	104
	103	107
	105	105
	106	107
	109	110
	110	111
	113	114
	114	117
	118	119
	121	121
	125	125
	126	126
net/minecraft/client/renderer/ProjectionMatrixBuffer	58	57
	32	29
	33	30
	34	34
	35	35
	36	36
	38	31
	42	40
	43	41
	44	42
	48	46
	49	47
	50	48
	52	51
	24	21
	25	22
	57	56
	26	23
	58	57
	27	24
	28	25
	29	26
net/minecraft/client/renderer/Lightmap	102	92
	26	23
	27	24
	28	25
	29	26
	30	27
	31	28
	32	29
	33	30
	34	31
	35	32
	36	33
	44	39
	45	40
	46	41
	48	42
	49	43
	50	44
	53	47
	58	52
	59	53
	60	54
	61	55
	64	58
	65	87
	67	59
	68	60
	69	61
	71	63
	72	64
	73	65
	74	66
	75	67
	76	68
	77	69
	78	70
	79	71
	80	72
	81	73
	82	74
	85	77
	86	78
	87	79
	88	80
	89	81
	91	84
	92	85
	93	87
	99	90
	101	91
	102	92
net/minecraft/client/renderer/entity/layers/SkeletonClothingLayer	27	29
	19	20
	20	21
	21	22
	22	23
	26	28
	27	29
net/minecraft/client/model/animal/ghast/HappyGhastModel	65	86
	64	85
	65	86
	18	17
	27	23
	28	24
	29	26
	30	27
	32	29
	35	32
	36	33
	38	34
	39	37
	40	38
	43	45
	44	50
	45	53
	46	56
	47	59
	48	62
	49	65
	50	68
	51	71
	53	74
	58	78
	59	79
	60	80
	61	81
	62	82
net/minecraft/client/renderer/entity/state/WolfRenderState	29	29
	17	16
	18	17
	20	19
	23	22
	24	23
	25	24
	26	25
	11	10
	27	26
	29	29
	14	13
net/minecraft/client/renderer/blockentity/state/PistonHeadRenderState	0	0
net/minecraft/client/renderer/culling/package-info	0	0
net/minecraft/client/resources/DefaultPlayerSkin	52	49
	35	33
	40	37
	12	12
	44	41
	13	12
	14	13
	15	14
	16	15
	48	45
	17	16
	18	17
	19	18
	20	19
	52	49
	21	20
	23	21
	24	22
	25	23
	26	24
	27	25
	28	26
	29	27
	30	28
	31	29
net/minecraft/client/renderer/entity/layers/PandaHoldsItemLayer	35	39
	32	35
	33	36
	34	37
	35	39
	15	14
	16	15
	20	25
	21	26
	22	39
	25	27
	26	28
	27	29
	28	30
	29	31
	31	34
net/minecraft/client/gui/components/SelectableEntry	29	29
	17	17
	5	5
	21	21
	9	9
	25	25
	13	13
	29	29
net/minecraft/client/model/animal/feline/AdultCatModel	14	14
	9	9
	10	10
	13	13
	14	14
net/minecraft/client/renderer/entity/layers/SnowGolemHeadLayer	46	43
	32	31
	34	32
	36	33
	39	34
	40	35
	42	37
	13	13
	45	40
	14	14
	46	43
	18	24
	19	43
	22	25
	23	43
	26	26
	27	27
	29	28
	30	29
	31	30
net/minecraft/client/gui/components/ItemDisplayWidget	50	61
	32	41
	33	42
	35	45
	36	46
	38	49
	39	50
	41	52
	44	55
	45	56
	49	60
	50	61
	20	29
	21	30
	22	31
	23	32
	24	33
	25	34
	26	35
	27	36
	31	40
net/minecraft/client/renderer/entity/ArmadilloRenderer	36	33
	16	16
	32	29
	17	17
	33	30
	34	31
	35	32
	36	33
	21	20
	26	24
	12	12
	13	13
	31	28
net/minecraft/client/gui/screens/advancements/package-info	0	0
net/minecraft/client/particle/Particle	237	218
	18	16
	19	17
	50	43
	52	44
	53	45
	54	46
	55	47
	56	48
	58	49
	59	50
	62	53
	64	54
	65	55
	66	56
	67	57
	69	58
	70	59
	71	60
	72	61
	73	62
	76	65
	77	66
	78	67
	79	68
	83	72
	84	73
	85	74
	86	75
	89	78
	90	79
	94	83
	95	84
	98	87
	102	91
	103	92
	104	93
	106	94
	107	95
	108	112
	111	97
	112	98
	113	99
	114	100
	115	101
	117	104
	118	105
	119	106
	121	107
	122	108
	123	109
	125	112
	131	118
	135	122
	136	123
	139	126
	140	127
	141	128
	142	129
	143	130
	144	131
	145	132
	147	134
	150	137
	151	138
	152	139
	153	140
	154	141
	155	142
	156	143
	159	146
	160	175
	163	147
	164	148
	165	149
	167	150
	168	151
	169	152
	170	153
	171	154
	174	157
	175	158
	176	159
	179	162
	180	163
	183	166
	185	167
	186	168
	188	171
	189	172
	191	175
	194	178
	195	179
	196	180
	197	181
	198	182
	201	185
	202	186
	203	186
	205	186
	209	190
	213	194
	217	198
	218	199
	221	202
	225	206
	228	209
	232	213
	233	214
	236	217
	237	218
net/minecraft/client/data/models/blockstates/PropertyValueList	36	32
	16	12
	19	15
	36	32
	23	19
	27	23
	14	11
	31	27
net/minecraft/client/gui/screens/options/SkinCustomizationScreen	30	31
	17	16
	18	17
	22	21
	23	23
	24	24
	25	25
	28	29
	29	30
	14	13
	30	31
net/minecraft/client/resources/sounds/SoundInstance	58	47
	50	43
	58	47
	46	39
net/minecraft/client/gui/screens/inventory/AbstractCommandBlockEditScreen	190	166
	129	120
	130	121
	134	125
	140	130
	141	131
	144	132
	145	133
	20	18
	148	134
	21	19
	149	135
	22	20
	150	136
	153	138
	158	144
	159	144
	33	29
	34	30
	162	144
	38	34
	39	35
	167	149
	168	149
	41	37
	171	149
	176	154
	49	45
	178	155
	51	46
	179	156
	180	157
	54	49
	182	158
	183	159
	184	160
	57	52
	185	161
	58	53
	186	162
	59	54
	61	55
	189	165
	62	56
	190	166
	63	57
	64	58
	65	59
	67	60
	68	62
	69	63
	70	64
	71	65
	72	66
	73	67
	76	69
	77	71
	78	74
	80	76
	81	77
	82	78
	84	79
	85	80
	88	83
	92	87
	93	88
	97	92
	98	92
	100	92
	105	97
	106	98
	107	99
	109	100
	110	101
	113	104
	114	105
	117	108
	119	109
	120	110
	121	111
	123	114
	124	115
net/minecraft/client/renderer/entity/state/EntityRenderState	60	55
	32	29
	43	39
	47	48
	48	49
	49	50
	50	51
	51	52
	52	53
	53	54
	54	55
	58	43
	59	44
	60	45
	31	28
net/minecraft/client/gui/screens/options/controls/KeyBindsScreen	100	101
	64	63
	65	64
	67	66
	72	72
	73	73
	74	74
	76	76
	79	79
	80	80
	81	81
	82	82
	19	19
	84	84
	89	90
	27	26
	91	91
	28	27
	92	93
	93	94
	94	95
	95	96
	32	31
	33	32
	99	100
	100	101
	38	36
	42	40
	43	41
	44	42
	46	45
	47	46
	48	47
	49	48
	50	49
	51	50
	55	54
	56	55
	57	56
	61	60
	62	61
	63	62
net/minecraft/client/renderer/feature/NameTagFeatureRenderer	69	94
	64	89
	67	92
	68	93
	69	94
	24	21
	25	22
	27	24
	28	25
	30	39
	31	40
	33	53
	40	69
	41	89
	44	70
	46	71
	47	72
	48	73
	49	74
	51	75
	53	76
	54	77
	56	78
	57	79
	58	81
	60	84
	63	87
net/minecraft/client/renderer/Panorama	23	23
	16	15
	17	16
	18	17
	19	18
	21	21
	22	22
	23	23
	10	10
	15	14
com/mojang/blaze3d/pipeline/CompiledRenderPipeline	0	0
com/mojang/blaze3d/platform/GLX	105	99
	64	59
	65	62
	67	62
	68	63
	71	66
	75	70
	76	71
	77	72
	79	74
	83	77
	25	23
	89	81
	90	82
	28	27
	92	85
	29	28
	93	86
	30	29
	94	87
	31	30
	33	33
	97	91
	34	34
	101	95
	38	38
	105	99
	42	42
	43	43
	46	45
	48	48
	49	49
	51	49
	52	50
	56	53
	57	57
	59	54
	62	59
net/minecraft/client/resources/metadata/animation/FrameSize	0	0
com/mojang/realmsclient/dto/RealmsServerList	27	24
	17	13
	18	14
	19	19
	21	15
	22	16
	24	20
	25	21
	27	24
	13	9
net/minecraft/client/resources/sounds/SimpleSoundInstance	67	111
	64	108
	65	109
	66	110
	67	111
	13	15
	14	16
	17	19
	21	23
	25	28
	29	34
	33	40
	37	46
	41	51
	45	55
	49	68
	50	69
	53	84
	54	85
	57	101
	58	102
	59	103
	60	104
	61	105
	62	106
	63	107
net/minecraft/client/renderer/state/gui/package-info	0	0
net/minecraft/client/waypoints/package-info	0	0
net/minecraft/client/gui/font/glyphs/EmptyGlyph	31	33
	18	18
	23	23
	26	26
	13	13
	14	14
	31	33
net/minecraft/client/renderer/entity/state/HitboxRenderState	19	10
	18	9
	19	10
net/minecraft/client/renderer/chunk/SectionRenderDispatcher	681	671
	515	521
	520	526
	521	527
	524	530
	525	531
	529	532
	530	533
	533	536
	535	543
	536	541
	537	555
	539	559
	540	560
	543	561
	544	562
	545	563
	547	566
	549	568
	550	571
	551	571
	554	573
	555	574
	556	575
	557	577
	558	578
	559	579
	560	580
	562	583
	564	585
	565	588
	566	588
	568	591
	572	592
	61	64
	573	593
	62	65
	63	66
	64	67
	576	597
	65	68
	67	69
	579	600
	69	70
	70	71
	71	72
	72	73
	584	606
	73	74
	585	607
	74	75
	75	76
	587	609
	76	79
	77	81
	78	83
	79	86
	81	89
	594	616
	595	617
	84	92
	596	618
	85	93
	86	94
	600	622
	90	97
	91	118
	605	627
	94	98
	606	628
	95	99
	96	118
	609	631
	610	632
	611	664
	100	101
	101	102
	102	103
	614	633
	103	104
	615	634
	104	105
	616	635
	617	636
	106	107
	619	637
	108	110
	620	638
	109	111
	111	112
	623	641
	112	113
	624	642
	113	114
	625	643
	115	118
	628	646
	629	648
	118	121
	630	649
	119	122
	631	650
	632	651
	634	654
	124	125
	126	126
	638	655
	127	127
	639	656
	128	128
	130	131
	131	132
	643	660
	132	133
	133	134
	645	661
	134	135
	646	662
	135	136
	136	137
	139	141
	651	670
	652	671
	143	146
	144	147
	147	150
	148	151
	151	154
	153	155
	666	488
	667	489
	159	157
	160	158
	162	159
	676	498
	166	163
	168	164
	169	165
	681	502
	170	166
	173	169
	176	172
	177	173
	180	176
	181	180
	184	177
	185	178
	186	180
	189	183
	190	184
	194	187
	198	191
	199	192
	200	193
	202	196
	203	197
	204	198
	205	199
	209	203
	210	205
	215	209
	220	214
	225	219
	249	238
	250	239
	251	240
	254	243
	255	244
	256	244
	258	244
	262	248
	263	249
	266	252
	267	253
	270	256
	274	260
	275	261
	279	265
	280	266
	281	267
	282	268
	283	269
	284	270
	285	271
	286	272
	290	276
	294	280
	295	281
	296	282
	297	283
	298	284
	299	285
	300	286
	301	287
	304	290
	308	294
	309	295
	310	296
	312	299
	314	301
	315	304
	316	304
	317	305
	318	306
	323	310
	327	314
	331	318
	332	319
	333	320
	334	321
	337	324
	338	325
	339	326
	342	329
	346	333
	350	337
	354	341
	355	342
	356	343
	358	345
	361	348
	365	352
	369	356
	370	357
	371	358
	373	361
	374	362
	375	363
	377	365
	380	368
	381	369
	382	370
	383	371
	384	372
	388	376
	389	377
	390	378
	393	381
	396	382
	397	383
	400	386
	402	387
	403	388
	404	389
	407	392
	411	396
	412	398
	413	399
	414	400
	416	401
	417	402
	418	403
	421	406
	424	409
	425	410
	426	410
	427	410
	433	415
	434	417
	435	418
	436	419
	437	420
	438	421
	442	425
	443	426
	446	427
	448	429
	451	432
	452	433
	454	434
	456	436
	459	439
	460	440
	462	441
	463	442
	466	445
	469	450
	470	451
	472	454
	473	455
	474	456
	475	457
	477	458
	478	459
	479	460
	482	463
	483	464
	484	465
	485	466
	488	468
	492	472
	496	473
	499	476
	500	479
	502	479
	509	515
	510	516
	511	517
net/minecraft/client/model/animal/armadillo/BabyArmadilloModel	90	76
	17	15
	24	21
	27	24
	28	25
	30	26
	31	28
	32	29
	33	31
	34	33
	36	35
	37	35
	38	35
	40	36
	41	38
	42	38
	43	39
	45	41
	46	41
	47	41
	49	42
	50	44
	51	44
	52	45
	54	47
	55	49
	56	49
	57	50
	59	52
	60	54
	61	54
	62	55
	64	57
	65	59
	66	59
	67	60
	69	62
	70	63
	71	63
	72	63
	74	65
	75	66
	76	66
	77	66
	79	68
	80	70
	81	70
	82	71
	84	73
	85	74
	86	74
	87	74
	90	76
net/minecraft/client/resources/SkinManager	169	164
	129	123
	130	124
	141	136
	142	137
	143	138
	146	141
	147	142
	148	143
	149	144
	150	145
	152	148
	156	152
	157	153
	158	154
	159	155
	160	155
	35	35
	164	159
	165	160
	166	161
	167	162
	169	164
	45	44
	46	45
	47	46
	48	47
	49	48
	50	49
	51	50
	52	51
	55	54
	56	55
	57	56
	58	57
	60	60
	61	61
	62	62
	64	65
	65	66
	66	67
	67	68
	68	69
	69	70
	71	73
	75	78
	80	81
	81	82
	82	83
	83	84
	86	86
	87	87
	89	88
	90	88
	91	88
	92	89
	95	91
	96	91
	97	91
	101	97
	102	98
	103	99
	106	101
	107	102
	111	107
	114	110
	115	111
	116	112
	118	114
	119	115
	120	116
	123	119
	124	120
	126	121
	127	122
net/minecraft/client/renderer/item/properties/conditional/IsSelected	21	23
	16	18
	21	23
	12	12
net/minecraft/client/gui/components/tabs/TabNavigationBar	255	255
	37	35
	48	43
	49	44
	50	45
	52	46
	54	47
	55	49
	56	50
	58	53
	59	54
	67	245
	68	246
	69	247
	72	250
	73	251
	77	255
	82	57
	86	61
	87	62
	88	63
	92	67
	97	75
	98	76
	99	77
	101	79
	105	83
	106	84
	107	85
	109	87
	113	91
	114	92
	115	93
	116	94
	119	98
	120	98
	122	98
	127	103
	131	107
	136	112
	137	112
	138	112
	139	112
	144	117
	145	117
	146	118
	147	119
	148	120
	149	121
	150	122
	151	123
	153	125
	156	128
	157	129
	158	130
	159	131
	162	134
	166	138
	167	150
	168	151
	169	155
	170	156
	172	158
	176	162
	181	166
	182	167
	183	169
	184	170
	186	173
	187	174
	188	175
	189	176
	193	179
	194	180
	195	181
	196	182
	198	184
	201	187
	202	188
	204	190
	207	193
	208	194
	210	196
	214	200
	215	201
	216	202
	217	203
	218	204
	221	208
	225	212
	229	216
	230	217
	232	218
	233	219
	234	219
	235	220
	236	221
	237	222
	238	222
	240	222
	244	224
	248	229
	249	230
	250	231
	254	235
	255	236
net/minecraft/client/renderer/chunk/SectionMesh	41	39
	19	16
	37	34
	23	20
	41	39
	27	24
	15	12
	31	28
com/mojang/blaze3d/platform/cursor/package-info	0	0
net/minecraft/client/renderer/texture/SpriteContents	386	396
	259	254
	260	257
	271	266
	272	267
	273	268
	274	269
	275	270
	283	273
	287	277
	291	281
	292	282
	293	283
	295	285
	296	286
	297	288
	298	296
	299	297
	300	299
	301	300
	46	45
	303	316
	49	46
	50	46
	306	319
	51	46
	307	320
	52	46
	53	46
	54	46
	310	323
	314	327
	69	59
	70	60
	328	342
	73	70
	329	343
	74	71
	330	344
	75	72
	331	345
	76	73
	78	74
	334	348
	79	75
	335	349
	80	77
	336	350
	81	78
	337	351
	82	79
	338	352
	83	80
	339	353
	84	81
	340	354
	86	82
	342	355
	87	83
	343	356
	344	357
	91	87
	347	360
	92	88
	93	89
	350	363
	95	90
	96	91
	97	92
	98	93
	354	367
	99	94
	100	95
	102	96
	358	371
	359	372
	104	98
	360	373
	361	374
	362	375
	107	101
	364	376
	365	377
	111	105
	367	378
	368	379
	369	380
	370	381
	115	109
	371	382
	372	383
	119	115
	375	386
	120	116
	121	117
	377	387
	378	388
	123	118
	126	120
	382	392
	127	121
	383	393
	384	394
	129	123
	130	124
	386	396
	133	127
	134	128
	136	130
	137	131
	140	134
	141	135
	143	137
	144	137
	145	138
	146	139
	147	140
	148	141
	149	142
	151	145
	152	146
	153	147
	156	150
	157	151
	159	153
	161	137
	164	157
	165	158
	166	159
	170	163
	171	163
	174	163
	179	168
	184	173
	189	178
	193	182
	197	186
	201	190
	202	191
	203	192
	204	193
	207	197
	212	202
	213	203
	215	205
	219	209
	223	213
	224	214
	225	215
	226	216
	227	217
	229	220
	233	224
	234	225
	235	228
	236	229
	239	232
	240	233
	241	234
	242	235
	243	236
	244	240
	245	241
	246	243
	247	244
	248	245
	249	246
	250	247
	252	250
	254	237
net/minecraft/client/gui/components/debug/DebugEntryParticleRenderStats	12	17
	11	16
	12	17
net/minecraft/client/particle/ExplodeParticle	49	58
	36	36
	37	37
	38	38
	11	13
	12	14
	44	44
	13	15
	45	45
	14	16
	15	17
	16	18
	17	19
	49	58
	19	20
	20	21
	21	22
	22	23
	23	24
	25	25
	26	26
	27	27
	31	31
com/mojang/blaze3d/pipeline/RenderPipeline	396	417
	256	261
	257	262
	261	266
	262	267
	266	271
	267	272
	271	276
	272	277
	273	278
	277	282
	278	283
	280	286
	281	287
	283	290
	284	291
	285	292
	287	295
	288	297
	289	298
	291	301
	292	302
	295	306
	296	307
	297	308
	299	310
	301	312
	303	313
	304	314
	305	315
	50	50
	51	51
	307	317
	52	52
	53	53
	309	319
	54	54
	55	55
	56	56
	312	320
	57	57
	313	321
	58	58
	59	59
	60	60
	316	324
	61	61
	317	325
	62	62
	63	63
	320	328
	321	329
	66	66
	324	332
	325	333
	70	70
	71	71
	328	336
	329	337
	75	75
	332	340
	333	341
	79	79
	335	343
	338	346
	83	83
	341	349
	342	350
	87	87
	343	351
	91	91
	95	95
	354	362
	99	99
	355	363
	357	364
	358	365
	103	103
	360	366
	361	367
	107	107
	363	368
	364	369
	366	370
	111	111
	367	371
	369	373
	370	374
	115	115
	371	375
	372	376
	373	377
	374	378
	119	119
	375	379
	376	380
	377	381
	378	382
	123	123
	379	383
	380	384
	381	385
	127	127
	388	409
	389	410
	390	411
	135	131
	392	413
	137	133
	138	134
	395	416
	140	137
	396	417
	145	142
	146	143
	147	144
	148	145
	149	146
	150	147
	151	148
	152	149
	153	150
	154	151
	155	152
	156	153
	159	156
	162	159
	163	160
	167	164
	168	165
	172	169
	173	170
	177	174
	178	175
	182	179
	183	180
	187	184
	188	185
	192	189
	193	190
	195	193
	196	194
	200	198
	201	199
	203	202
	204	203
	208	207
	209	208
	211	211
	212	212
	216	216
	217	217
	219	220
	220	221
	224	225
	225	226
	227	229
	228	230
	230	233
	231	234
	235	238
	236	239
	238	242
	239	243
	241	246
	242	247
	246	251
	247	252
	251	256
	252	257
net/minecraft/client/renderer/entity/state/EndermanRenderState	0	0
net/minecraft/client/gui/narration/NarrationElementOutput	17	17
	16	16
	17	17
	8	8
	9	9
	12	12
	13	13
net/minecraft/client/renderer/entity/state/CreakingRenderState	0	0
net/minecraft/client/model/monster/breeze/BreezeModel	138	162
	130	154
	134	158
	138	162
	42	36
	43	37
	44	38
	45	39
	46	40
	47	41
	48	42
	49	43
	51	44
	52	45
	53	46
	54	47
	55	48
	56	49
	57	50
	60	53
	61	54
	63	55
	65	56
	66	57
	67	59
	68	62
	69	64
	70	67
	71	69
	73	72
	74	75
	75	77
	77	81
	78	84
	79	86
	81	90
	82	91
	83	93
	84	96
	85	99
	86	101
	87	103
	88	107
	89	110
	90	112
	91	114
	92	118
	96	122
	97	123
	98	124
	102	128
	103	129
	104	130
	108	134
	109	135
	110	136
	115	140
	117	141
	118	142
	119	143
	120	144
	121	145
	122	146
	123	147
	126	150
net/minecraft/client/ComponentCollector	33	30
	32	29
	17	16
	33	30
	18	17
	20	19
	21	19
	23	19
	10	9
	27	24
	28	25
	13	12
	14	13
net/minecraft/client/particle/TrailParticle	70	81
	67	79
	68	80
	70	81
	16	26
	18	27
	20	28
	21	29
	22	30
	24	31
	26	32
	27	33
	31	37
	36	42
	37	43
	38	44
	40	45
	41	46
	42	54
	45	48
	46	49
	48	50
	49	51
	50	52
	51	54
	55	58
	62	65
	63	66
net/minecraft/client/resources/metadata/gui/GuiSpriteScaling	124	113
	14	13
	21	71
	25	75
	30	80
	31	82
	32	83
	33	85
	37	90
	42	19
	43	21
	44	22
	45	23
	46	24
	47	26
	50	31
	51	32
	52	33
	54	35
	55	36
	57	37
	62	43
	66	47
	67	48
	69	49
	70	50
	71	50
	73	50
	77	52
	78	54
	79	55
	80	56
	81	57
	82	59
	84	61
	85	62
	86	62
	87	62
	89	62
	94	65
	95	65
	97	65
	103	95
	104	96
	105	97
	108	99
	114	104
	115	105
	116	106
	120	109
	124	113
net/minecraft/client/gui/components/AbstractOptionSliderButton	12	12
	10	10
	11	11
	12	12
com/mojang/realmsclient/gui/screens/configuration/RealmsConfigurationTab	12	12
	9	9
	12	12
net/minecraft/client/renderer/state/level/CameraRenderState	22	21
	22	21
	12	13
	13	14
net/minecraft/client/gui/screens/WinScreen	338	324
	259	247
	261	248
	263	249
	265	250
	266	251
	268	252
	270	253
	271	254
	273	255
	274	256
	276	257
	278	259
	279	260
	280	261
	281	262
	282	263
	285	267
	286	268
	287	269
	288	270
	290	272
	293	276
	295	279
	40	37
	296	280
	41	38
	42	39
	299	283
	44	41
	300	284
	48	44
	304	288
	49	45
	305	289
	50	46
	306	290
	307	291
	308	293
	309	295
	311	297
	313	299
	317	303
	318	304
	319	305
	323	309
	69	62
	70	63
	71	64
	72	65
	328	314
	73	66
	75	68
	77	71
	333	319
	334	320
	79	72
	80	73
	338	324
	83	76
	84	77
	86	78
	91	83
	92	84
	93	85
	94	86
	95	87
	97	89
	101	93
	102	94
	103	95
	104	96
	105	97
	106	98
	108	101
	110	102
	115	107
	116	108
	118	111
	119	112
	120	113
	121	114
	123	117
	125	118
	130	123
	131	124
	134	127
	135	128
	139	132
	140	147
	143	133
	144	134
	145	135
	146	136
	147	137
	149	140
	150	141
	151	142
	154	145
	155	147
	159	151
	168	155
	169	156
	170	157
	171	158
	173	160
	176	163
	177	164
	180	167
	181	168
	184	171
	185	172
	186	173
	187	174
	189	177
	190	178
	193	181
	194	182
	196	184
	199	187
	200	187
	201	188
	202	189
	203	190
	204	191
	205	192
	206	193
	207	194
	209	196
	210	196
	211	197
	212	198
	213	199
	214	200
	215	201
	216	202
	219	205
	220	205
	221	206
	222	207
	223	208
	224	209
	225	211
	226	212
	227	213
	229	216
	230	217
	234	221
	237	224
	238	225
	239	226
	242	229
	243	230
	244	231
	245	232
	248	235
	249	236
	251	239
	252	240
	253	241
	255	243
net/minecraft/client/renderer/entity/DisplayRenderer	306	307
	256	248
	257	249
	259	250
	260	251
	261	252
	262	253
	263	254
	265	256
	266	257
	267	258
	269	260
	272	263
	274	264
	276	265
	277	266
	278	267
	280	268
	281	269
	283	270
	284	271
	285	272
	287	273
	288	274
	289	276
	290	277
	35	43
	291	278
	292	279
	293	280
	296	284
	41	48
	297	286
	42	49
	298	287
	43	50
	299	288
	44	51
	300	289
	301	290
	303	293
	48	54
	304	305
	306	307
	53	58
	57	62
	58	63
	63	67
	64	68
	65	68
	67	68
	72	72
	73	73
	74	73
	76	73
	81	77
	82	78
	83	78
	85	78
	90	82
	91	83
	92	83
	94	83
	99	87
	100	88
	101	98
	103	89
	105	90
	107	91
	108	92
	109	93
	110	94
	111	95
	112	96
	113	98
	116	101
	118	102
	120	103
	122	104
	124	105
	129	113
	133	117
	137	121
	141	125
	148	133
	149	134
	150	135
	151	136
	152	137
	153	138
	154	139
	155	140
	156	141
	160	145
	161	146
	165	149
	170	153
	171	154
	172	155
	173	156
	175	158
	177	160
	181	169
	182	170
	189	177
	190	178
	191	179
	195	182
	200	186
	201	187
	202	188
	203	189
	205	191
	207	193
	211	202
	212	206
	215	203
	216	204
	217	206
	224	213
	225	214
	226	215
	230	218
	235	222
	236	223
	237	224
	238	225
	241	228
	242	229
	244	230
	245	232
	246	233
	247	234
	248	235
	251	238
net/minecraft/client/renderer/entity/layers/WingsLayer	60	74
	34	37
	35	38
	36	39
	37	60
	40	40
	41	41
	43	42
	44	43
	46	44
	48	58
	49	60
	52	63
	53	64
	54	65
	55	66
	56	69
	57	70
	26	28
	27	29
	28	30
	60	74
	29	31
	30	32
net/minecraft/client/gui/navigation/ScreenDirection	62	45
	32	31
	33	32
	42	37
	43	37
	12	11
	45	37
	15	14
	16	15
	17	16
	22	21
	54	41
	23	22
	55	41
	24	23
	25	24
	57	41
	26	25
	62	45
	31	30
net/minecraft/client/renderer/block/FluidStateModelSet	48	37
	32	27
	33	28
	37	31
	38	32
	39	33
	14	14
	15	14
	16	15
	48	37
	17	16
	18	17
	20	20
	21	20
	22	20
	31	26
com/mojang/realmsclient/client/Request	292	288
	256	283
	257	284
	258	285
	259	286
	260	287
	261	288
	270	238
	271	239
	272	240
	277	244
	278	245
	281	248
	282	249
	283	250
	284	251
	285	252
	30	27
	286	253
	31	28
	287	254
	288	255
	33	29
	289	256
	34	30
	290	257
	291	258
	36	32
	292	259
	39	35
	40	36
	41	37
	42	38
	43	39
	44	40
	46	42
	49	45
	50	46
	53	49
	54	50
	55	51
	57	53
	59	55
	62	58
	63	59
	66	62
	70	66
	72	69
	73	70
	74	71
	80	77
	81	78
	82	79
	83	80
	89	86
	92	88
	93	89
	95	91
	98	94
	99	95
	100	96
	101	97
	106	102
	107	103
	109	106
	110	107
	111	109
	112	110
	115	113
	119	117
	121	120
	122	122
	125	125
	128	129
	129	130
	130	145
	133	131
	136	134
	140	141
	141	142
	144	126
	148	148
	149	149
	151	152
	152	153
	153	154
	160	160
	164	164
	168	168
	172	172
	176	176
	180	180
	184	184
	188	188
	193	193
	194	194
	195	195
	201	201
	202	202
	207	206
	208	207
	209	208
	210	209
	211	210
	212	211
	219	218
	220	219
	225	223
	226	224
	227	225
	228	226
	229	227
	230	228
	231	229
	240	268
	241	269
	242	270
	247	274
	248	275
	251	278
	252	279
	253	280
	254	281
	255	282
net/minecraft/client/model/monster/piglin/AbstractPiglinModel	81	82
	67	69
	72	74
	74	75
	75	76
	76	77
	77	78
	78	79
	79	80
	80	81
	81	82
	25	23
	28	24
	31	27
	35	31
	36	32
	37	33
	38	34
	39	35
	43	39
	44	40
	45	42
	46	43
	47	45
	48	47
	49	49
	53	53
	54	55
	55	55
	56	56
	58	58
	59	60
	60	60
	61	61
	63	63
net/minecraft/client/Camera	542	524
	512	494
	520	502
	521	503
	522	504
	523	505
	526	508
	530	512
	534	516
	538	520
	542	524
	47	45
	48	46
	49	47
	55	52
	57	54
	58	55
	59	56
	60	57
	76	70
	77	71
	91	81
	94	84
	95	85
	96	86
	97	87
	99	90
	100	91
	103	94
	104	95
	106	96
	107	97
	108	112
	110	98
	111	99
	114	102
	116	103
	118	104
	119	105
	120	106
	122	107
	123	108
	124	109
	126	110
	127	112
	130	115
	134	119
	135	120
	136	121
	137	122
	138	123
	139	124
	140	125
	141	126
	142	127
	144	128
	145	129
	147	130
	148	131
	149	132
	150	133
	152	134
	153	135
	155	136
	156	137
	157	138
	159	140
	160	141
	161	142
	164	145
	165	146
	167	147
	168	148
	169	149
	171	151
	173	154
	174	155
	178	159
	179	160
	180	161
	181	162
	182	163
	184	165
	187	168
	188	169
	189	170
	190	171
	194	174
	195	175
	196	176
	200	186
	204	190
	205	191
	207	193
	208	194
	210	197
	211	198
	212	199
	214	201
	217	204
	221	208
	222	209
	225	212
	226	213
	229	216
	230	217
	233	220
	235	221
	239	225
	243	229
	244	230
	245	231
	248	234
	249	235
	250	236
	251	237
	253	240
	257	244
	258	246
	259	247
	262	248
	263	249
	264	250
	265	251
	267	252
	268	253
	270	255
	271	256
	273	263
	274	264
	275	265
	276	266
	278	269
	279	270
	280	271
	281	272
	282	273
	284	276
	285	277
	286	278
	287	279
	288	280
	290	283
	291	284
	292	285
	293	286
	294	287
	296	289
	299	292
	300	294
	301	295
	302	296
	303	297
	304	298
	305	299
	306	300
	307	301
	308	302
	309	303
	310	304
	314	309
	318	313
	322	317
	326	321
	327	322
	330	325
	331	326
	334	329
	335	330
	336	331
	339	334
	340	335
	342	336
	348	337
	349	338
	350	339
	352	340
	353	341
	356	344
	357	345
	360	348
	361	349
	362	350
	366	353
	370	357
	374	361
	378	365
	383	369
	387	373
	391	377
	392	378
	393	379
	394	380
	396	383
	400	387
	401	388
	402	389
	403	390
	404	391
	405	392
	406	393
	408	396
	412	400
	416	404
	417	405
	420	408
	424	412
	428	416
	432	420
	433	421
	434	422
	436	423
	437	424
	438	425
	440	426
	444	430
	445	431
	448	434
	449	435
	450	435
	451	436
	455	439
	458	441
	459	441
	460	442
	461	443
	462	444
	463	445
	464	446
	465	447
	468	450
	469	451
	470	452
	475	457
	479	461
	483	465
	487	469
	491	473
	495	477
	496	478
	497	479
	498	480
	499	481
	502	484
	503	485
	506	488
	507	489
	508	490
	511	493
net/minecraft/client/multiplayer/ClientLevel	1147	1152
	1025	921
	1026	951
	1029	922
	1031	923
	1034	924
	1035	926
	1036	927
	1037	928
	1039	929
	1040	930
	1041	931
	1043	933
	1044	934
	1045	935
	1046	936
	1047	937
	1048	938
	1050	939
	1051	940
	1052	941
	1054	942
	1058	948
	1059	951
	1062	954
	1063	955
	1064	990
	1067	956
	1068	957
	1069	958
	1071	959
	1073	960
	1074	961
	1075	962
	1076	963
	1079	964
	1080	965
	1082	968
	1083	969
	1085	972
	1086	973
	1088	976
	1089	977
	1091	980
	1092	981
	1094	984
	1095	985
	1098	988
	1099	990
	1102	993
	1103	994
	1106	997
	1111	1001
	1116	1005
	1121	1009
	1126	1027
	1130	1030
	1135	1034
	1136	1035
	1137	1036
	1142	1041
	1143	1042
	1146	1045
	1147	1046
	128	133
	130	134
	151	153
	152	154
	153	155
	154	156
	155	157
	168	171
	169	172
	172	175
	173	176
	177	179
	178	180
	179	181
	181	183
	184	186
	188	190
	189	191
	191	193
	194	196
	195	197
	196	198
	200	199
	201	200
	202	201
	205	204
	208	207
	213	211
	214	212
	215	213
	216	214
	217	215
	219	218
	221	220
	224	168
	227	236
	228	237
	229	238
	230	239
	231	240
	232	241
	233	242
	234	243
	235	244
	236	245
	238	246
	240	247
	242	248
	243	249
	246	252
	248	253
	249	254
	250	255
	251	255
	253	255
	255	257
	256	257
	259	258
	263	262
	264	263
	267	266
	268	267
	269	269
	270	270
	271	271
	272	275
	277	277
	280	280
	284	284
	285	285
	286	286
	287	287
	290	290
	291	291
	294	294
	295	295
	296	296
	297	297
	301	313
	303	318
	304	317
	305	330
	307	334
	308	335
	309	336
	312	339
	313	340
	316	343
	317	344
	320	347
	324	351
	325	352
	326	355
	328	353
	329	355
	330	356
	333	359
	338	363
	342	367
	344	368
	345	369
	346	370
	347	371
	349	373
	350	374
	352	376
	355	379
	356	380
	357	390
	360	381
	361	390
	364	382
	366	383
	367	384
	369	386
	370	387
	372	390
	375	393
	377	394
	378	395
	379	396
	380	397
	381	398
	382	399
	385	402
	386	403
	387	404
	388	405
	391	408
	392	409
	393	410
	396	413
	397	414
	400	417
	401	418
	405	421
	409	425
	413	429
	414	430
	415	431
	418	434
	419	435
	420	436
	421	437
	423	439
	428	442
	429	443
	431	443
	432	443
	434	444
	436	445
	441	449
	445	453
	446	454
	449	457
	450	458
	452	459
	453	460
	454	462
	455	463
	456	464
	458	466
	461	469
	462	470
	463	471
	464	472
	465	473
	469	477
	473	489
	474	490
	475	491
	477	492
	478	493
	479	494
	481	495
	483	496
	484	497
	486	498
	487	499
	488	500
	489	501
	490	502
	494	506
	495	507
	498	510
	499	511
	500	512
	501	513
	505	519
	508	522
	509	544
	512	523
	513	524
	514	525
	515	526
	516	527
	518	529
	519	530
	520	531
	521	532
	523	534
	524	535
	525	536
	526	537
	527	538
	528	539
	532	544
	535	547
	536	549
	537	550
	538	551
	541	555
	544	558
	545	559
	549	562
	551	563
	552	565
	553	567
	554	568
	556	569
	561	583
	562	584
	564	586
	568	597
	569	598
	571	600
	575	603
	576	604
	580	607
	581	608
	583	610
	587	622
	588	623
	591	636
	592	637
	594	638
	596	639
	597	640
	599	642
	601	644
	605	649
	607	650
	608	651
	611	654
	613	656
	617	659
	618	660
	622	663
	627	667
	632	671
	637	675
	642	679
	647	683
	652	687
	657	691
	662	695
	666	699
	667	700
	671	703
	676	707
	677	708
	681	711
	682	712
	685	715
	686	716
	689	721
	690	722
	694	725
	695	726
	699	729
	700	730
	705	734
	706	735
	707	736
	708	737
	710	738
	711	739
	712	740
	713	741
	715	742
	717	744
	721	747
	722	748
	726	761
	727	762
	731	767
	732	768
	736	780
	737	781
	741	795
	742	796
	744	797
	745	798
	746	814
	749	799
	750	814
	753	800
	755	814
	758	801
	759	804
	760	805
	761	806
	763	807
	764	809
	765	811
	767	812
	769	814
	772	817
	774	818
	776	818
	777	819
	781	822
	783	822
	784	823
	788	826
	793	830
	798	834
	803	838
	807	842
	812	846
	813	847
	817	851
	822	856
	823	857
	827	861
	828	862
	829	863
	832	866
	833	867
	834	868
	835	869
	837	870
	838	871
	839	873
	840	874
	841	875
	842	876
	843	877
	844	878
	847	881
	852	885
	853	886
	857	889
	862	894
	867	898
	873	902
	876	905
	880	909
	881	910
	894	1057
	895	1058
	896	1059
	897	1060
	901	1063
	906	1067
	910	1071
	911	1072
	915	1075
	916	1076
	920	1079
	925	1083
	930	1087
	935	1091
	936	1092
	939	1095
	940	1096
	943	1099
	944	1100
	947	1103
	948	1103
	951	1103
	955	1107
	956	1107
	958	1107
	964	913
	970	1113
	974	1116
	978	1119
	979	1120
	983	1123
	984	1124
	988	1127
	989	1128
	990	1129
	991	1130
	992	1131
	993	1132
	994	1133
	997	1136
	1001	1139
	1002	1140
	1003	1141
	1004	1142
	1005	1143
	1006	1144
	1007	1145
	1008	1146
	1011	1149
	1015	1152
	1020	917
com/mojang/blaze3d/buffers/package-info	0	0
net/minecraft/client/model/monster/vex/VexModel	133	130
	128	125
	129	126
	131	128
	133	130
	29	27
	36	28
	39	31
	40	32
	42	33
	43	34
	44	35
	45	35
	47	37
	48	40
	49	42
	50	44
	52	46
	53	48
	54	49
	55	51
	56	53
	57	54
	59	56
	60	58
	61	59
	62	61
	63	63
	64	64
	66	66
	71	70
	72	71
	73	72
	74	73
	76	74
	77	75
	79	76
	80	77
	81	78
	83	80
	85	83
	86	84
	87	85
	88	86
	89	87
	90	88
	91	89
	94	92
	95	93
	96	94
	97	95
	98	96
	99	97
	100	98
	101	112
	104	100
	105	101
	106	102
	107	103
	109	106
	110	107
	111	108
	112	109
	114	112
	118	115
	119	116
	120	117
	121	118
	122	119
	123	120
	124	121
	125	122
net/minecraft/client/gui/screens/recipebook/RecipeBookComponent	675	587
	512	443
	513	444
	514	445
	517	447
	522	453
	523	454
	528	459
	529	460
	531	461
	532	462
	535	463
	536	464
	537	465
	540	467
	545	473
	546	474
	548	475
	549	476
	552	478
	553	478
	556	478
	561	484
	567	489
	58	57
	59	57
	571	493
	60	57
	63	59
	575	497
	576	498
	578	499
	67	62
	579	500
	580	501
	582	503
	73	67
	585	506
	586	507
	587	508
	588	509
	589	510
	590	511
	592	514
	593	515
	594	516
	595	517
	597	519
	600	522
	604	526
	605	527
	607	528
	609	529
	611	531
	614	534
	615	535
	618	538
	619	539
	620	540
	621	541
	626	546
	115	95
	627	547
	116	96
	628	548
	117	97
	629	549
	630	550
	119	98
	120	99
	632	552
	121	100
	124	103
	125	104
	126	105
	638	556
	127	106
	128	107
	130	108
	643	561
	132	109
	644	562
	133	110
	645	563
	134	111
	646	564
	136	113
	648	566
	649	567
	650	568
	139	116
	651	569
	141	117
	653	570
	142	118
	654	571
	143	119
	655	572
	145	120
	657	574
	146	121
	147	122
	149	123
	150	124
	151	125
	152	126
	153	127
	154	128
	666	578
	155	129
	667	579
	158	130
	670	582
	671	583
	161	131
	162	131
	674	586
	163	131
	675	587
	166	133
	168	134
	169	135
	170	136
	171	137
	172	138
	173	139
	174	140
	175	141
	176	142
	178	143
	180	145
	181	146
	184	149
	185	150
	187	153
	188	154
	190	157
	192	158
	193	159
	194	160
	195	161
	198	164
	202	168
	209	175
	210	176
	212	178
	215	181
	219	185
	220	186
	223	189
	227	193
	231	197
	232	198
	235	201
	236	202
	237	203
	238	204
	240	207
	241	208
	246	213
	247	214
	248	215
	250	216
	251	217
	254	220
	258	223
	259	224
	260	225
	263	228
	268	233
	270	234
	273	235
	276	236
	277	237
	278	238
	279	239
	280	240
	281	241
	286	245
	287	246
	290	249
	291	250
	294	253
	295	254
	296	255
	298	256
	299	258
	300	259
	302	260
	303	261
	304	262
	305	263
	306	264
	307	265
	310	268
	314	271
	315	272
	316	273
	319	276
	320	282
	323	277
	324	278
	325	279
	327	282
	330	285
	331	286
	332	287
	334	288
	335	289
	336	290
	339	293
	344	298
	345	315
	348	299
	349	300
	352	303
	353	304
	354	305
	356	306
	358	308
	359	309
	362	312
	364	313
	365	315
	368	318
	369	322
	372	319
	374	320
	375	322
	380	327
	381	328
	385	332
	386	374
	390	333
	391	334
	392	335
	394	336
	395	337
	396	338
	399	341
	400	342
	402	343
	403	344
	407	348
	410	350
	411	351
	412	353
	413	354
	414	355
	416	358
	420	361
	421	362
	424	365
	425	366
	426	367
	430	371
	435	380
	436	380
	438	380
	442	384
	443	385
	446	388
	447	389
	448	390
	449	391
	453	395
	454	396
	455	397
	457	399
	460	402
	461	403
	463	406
	464	407
	465	408
	468	411
	469	412
	470	413
	471	414
	474	417
	475	418
	478	421
	479	422
	481	423
	486	428
	487	429
	488	430
	491	431
	492	432
	493	433
	496	434
	497	435
	498	436
	500	437
	502	438
	505	439
	506	440
	507	441
	509	442
net/minecraft/client/gui/screens/inventory/CraftingScreen	36	36
	16	16
	32	32
	17	17
	33	33
	34	34
	35	35
	36	36
	21	21
	22	22
	23	23
	27	27
	13	13
net/minecraft/client/renderer/entity/EvokerRenderer	42	46
	16	16
	18	17
	35	40
	21	27
	22	28
	24	30
	40	44
	41	45
	26	33
	42	46
	13	13
	30	36
com/mojang/realmsclient/gui/screens/AddRealmPopupScreen	152	144
	128	120
	129	121
	131	123
	134	126
	138	130
	142	134
	146	138
	151	143
	152	144
	25	22
	26	23
	28	24
	29	25
	31	27
	32	27
	33	27
	49	39
	60	47
	61	48
	62	49
	63	50
	66	53
	67	54
	68	55
	72	59
	74	60
	75	61
	76	62
	77	62
	78	63
	82	68
	83	69
	84	70
	86	74
	87	76
	89	77
	90	79
	91	81
	92	82
	94	85
	95	86
	99	90
	100	91
	101	92
	102	93
	104	95
	108	99
	110	100
	111	101
	113	103
	116	106
	117	107
	118	110
	122	114
	123	115
	124	116
	125	117
	126	118
	127	119
com/mojang/realmsclient/dto/BackupList	31	30
	17	14
	19	17
	20	18
	21	19
	22	20
	23	21
	24	22
	28	26
	29	27
	14	11
	31	30
net/minecraft/client/tutorial/MovementTutorialStepInstance	122	120
	19	16
	20	18
	22	19
	23	20
	37	33
	38	34
	42	38
	44	39
	45	40
	46	41
	49	44
	50	45
	51	46
	54	49
	55	50
	56	51
	57	52
	59	55
	62	58
	63	59
	64	60
	65	61
	67	64
	70	67
	71	68
	72	69
	74	71
	78	75
	79	76
	82	79
	83	80
	86	83
	87	84
	88	85
	89	86
	90	87
	91	88
	92	89
	93	90
	96	93
	100	97
	101	98
	102	99
	104	102
	105	103
	106	104
	108	106
	112	110
	113	111
	115	113
	119	117
	120	118
	122	120
com/mojang/realmsclient/dto/ServiceQuality	61	59
	34	34
	38	38
	42	42
	14	13
	46	46
	15	14
	16	15
	17	16
	18	17
	50	49
	51	50
	55	53
	24	23
	56	54
	25	24
	57	55
	26	25
	58	56
	59	57
	29	28
	61	59
	30	29
	31	30
net/minecraft/client/renderer/entity/layers/HorseMarkingLayer	41	71
	33	56
	34	57
	36	58
	37	71
	40	59
	41	71
	17	16
	19	18
	21	23
	22	28
	23	33
	24	38
	28	45
	29	46
net/minecraft/client/OptionInstance	589	596
	513	481
	514	482
	259	344
	515	483
	264	349
	520	488
	521	489
	522	490
	527	495
	528	496
	530	499
	531	500
	277	373
	278	374
	279	375
	280	376
	536	505
	281	377
	537	506
	282	378
	283	379
	284	380
	288	384
	289	385
	290	386
	546	559
	294	390
	39	36
	295	391
	551	563
	40	37
	41	38
	297	393
	299	395
	556	567
	302	398
	303	399
	304	400
	560	571
	305	401
	307	403
	563	574
	54	51
	311	407
	312	408
	568	579
	313	409
	58	55
	314	410
	316	412
	573	584
	62	59
	320	416
	66	65
	322	417
	578	589
	323	418
	324	419
	325	420
	327	422
	586	596
	331	426
	587	596
	76	75
	332	427
	333	428
	589	596
	335	430
	81	75
	339	434
	340	435
	341	436
	87	86
	343	439
	88	87
	344	440
	345	441
	346	442
	347	443
	348	444
	349	445
	350	446
	97	98
	353	450
	98	99
	354	451
	99	100
	355	452
	100	101
	356	453
	101	102
	357	454
	102	103
	103	104
	104	105
	360	458
	105	106
	361	459
	362	460
	363	461
	108	109
	366	465
	112	113
	116	117
	120	121
	377	273
	124	125
	382	277
	128	129
	132	133
	389	281
	390	282
	391	284
	392	284
	137	138
	394	284
	141	142
	142	143
	143	144
	399	289
	400	290
	145	146
	402	293
	147	147
	148	154
	150	149
	406	297
	151	150
	152	151
	409	300
	154	154
	157	157
	414	305
	419	310
	420	311
	422	314
	423	315
	428	320
	172	527
	429	321
	431	324
	432	325
	176	531
	437	330
	182	537
	442	335
	187	545
	450	254
	451	255
	199	218
	455	258
	204	225
	460	263
	205	226
	206	227
	207	228
	208	229
	209	230
	210	231
	467	182
	211	232
	472	187
	220	517
	221	518
	478	192
	479	195
	223	519
	480	196
	481	197
	483	198
	489	205
	235	165
	494	210
	240	170
	247	243
	503	472
	504	473
	505	475
	506	475
	252	248
	508	475
net/minecraft/client/gui/screens/telemetry/package-info	0	0
net/minecraft/client/animation/AnimationDefinition	43	38
	16	11
	33	28
	34	29
	38	33
	39	34
	25	20
	43	38
	29	24
	30	25
net/minecraft/client/animation/definitions/BabyAxolotlAnimation	594	1023
	10	9
	11	11
	12	15
	13	16
	15	19
	16	22
	18	25
	19	28
	21	31
	22	34
	24	37
	25	40
	27	43
	28	46
	30	49
	31	52
	33	55
	34	59
	35	60
	36	61
	37	62
	38	63
	39	64
	41	67
	42	71
	43	72
	44	73
	45	74
	47	77
	48	81
	49	82
	50	83
	51	84
	53	87
	54	91
	55	92
	56	93
	57	94
	59	97
	60	101
	61	102
	62	103
	63	104
	65	107
	67	108
	68	110
	69	114
	70	115
	72	118
	73	122
	74	123
	76	126
	77	129
	79	132
	80	136
	81	137
	83	140
	84	143
	86	146
	87	150
	88	151
	90	154
	91	157
	93	160
	94	164
	95	165
	97	168
	98	171
	100	174
	101	178
	102	179
	104	182
	105	186
	106	187
	107	188
	109	191
	110	195
	111	196
	112	197
	114	200
	115	204
	116	205
	117	206
	119	209
	120	213
	121	214
	122	215
	124	218
	126	219
	127	221
	128	225
	129	226
	130	227
	132	230
	133	234
	134	235
	135	236
	137	239
	138	243
	139	244
	140	245
	142	248
	143	251
	145	254
	146	258
	147	259
	148	260
	150	263
	151	266
	153	269
	154	273
	155	274
	156	275
	158	278
	159	281
	161	284
	162	288
	163	289
	164	290
	166	293
	167	296
	169	299
	170	303
	171	304
	172	305
	174	308
	175	312
	176	313
	177	314
	179	317
	180	321
	181	322
	182	323
	184	326
	185	330
	186	331
	187	332
	189	335
	190	339
	191	340
	192	341
	194	344
	196	345
	197	347
	198	351
	199	352
	200	353
	201	354
	203	357
	204	361
	205	362
	206	363
	208	366
	209	370
	210	371
	211	372
	212	373
	213	374
	215	377
	216	381
	217	382
	218	383
	219	384
	220	385
	222	388
	223	392
	224	393
	225	394
	226	395
	228	398
	229	402
	230	403
	231	404
	232	405
	233	406
	235	409
	236	413
	237	414
	238	415
	240	418
	241	422
	242	423
	243	424
	244	425
	246	428
	247	432
	248	433
	249	434
	250	435
	252	438
	253	442
	254	443
	255	444
	256	445
	258	448
	259	452
	260	453
	261	454
	262	455
	264	458
	266	459
	267	461
	268	465
	269	466
	270	467
	271	468
	273	471
	274	475
	275	476
	276	477
	278	480
	279	484
	280	485
	281	486
	282	487
	284	490
	285	494
	286	495
	287	496
	288	497
	289	498
	291	501
	292	505
	293	506
	294	507
	295	508
	297	511
	298	515
	299	516
	300	517
	301	518
	302	519
	304	522
	305	526
	306	527
	307	528
	308	529
	309	530
	310	531
	311	532
	313	535
	314	539
	315	540
	316	541
	317	542
	319	545
	320	549
	321	550
	322	551
	323	552
	325	555
	326	559
	327	560
	328	561
	329	562
	331	565
	332	569
	333	570
	334	571
	335	572
	336	573
	337	574
	339	577
	341	578
	342	580
	343	584
	344	585
	346	588
	347	592
	348	593
	349	594
	351	597
	352	600
	354	603
	355	607
	356	608
	357	609
	359	612
	360	616
	361	617
	363	620
	364	624
	365	625
	366	626
	368	629
	369	632
	371	635
	372	639
	373	640
	374	641
	376	644
	377	648
	378	649
	380	652
	381	656
	382	657
	383	658
	385	661
	386	665
	387	666
	388	667
	390	670
	391	674
	392	675
	393	676
	394	677
	396	680
	397	684
	398	685
	399	686
	400	687
	402	690
	403	694
	404	695
	405	696
	406	697
	408	700
	410	701
	411	703
	412	707
	413	708
	414	709
	416	712
	417	716
	418	717
	420	720
	421	724
	422	725
	423	726
	424	727
	425	728
	427	731
	428	735
	429	736
	430	737
	432	740
	433	744
	434	745
	435	746
	436	747
	437	748
	439	751
	440	755
	441	756
	442	757
	444	760
	445	764
	446	765
	447	766
	448	767
	450	770
	451	774
	452	775
	453	776
	455	779
	456	783
	457	784
	458	785
	459	786
	461	789
	462	793
	463	794
	464	795
	466	798
	467	802
	468	803
	469	804
	470	805
	472	808
	473	812
	474	813
	475	814
	477	817
	478	821
	479	822
	480	823
	482	826
	483	830
	484	831
	485	832
	487	835
	488	839
	489	840
	490	841
	492	844
	494	845
	495	846
	496	849
	498	852
	499	855
	501	858
	502	860
	504	862
	505	865
	507	868
	508	871
	510	874
	511	876
	513	878
	514	881
	516	884
	517	887
	519	890
	520	892
	522	894
	523	897
	525	900
	526	903
	528	906
	529	908
	531	910
	532	914
	534	917
	535	920
	537	923
	538	925
	540	927
	541	930
	543	933
	544	936
	546	939
	547	941
	549	943
	550	946
	552	949
	553	952
	555	955
	556	957
	558	959
	559	962
	561	965
	562	968
	564	971
	565	973
	567	975
	568	978
	570	981
	571	984
	573	987
	574	989
	576	991
	577	994
	579	997
	580	1000
	582	1003
	583	1005
	585	1007
	586	1010
	588	1013
	589	1016
	591	1019
	592	1021
	594	1023
net/minecraft/client/model/object/leash/package-info	0	0
net/minecraft/client/multiplayer/ClientRegistryLayer	19	17
	16	14
	19	17
	14	13
net/minecraft/client/gui/screens/packs/PackSelectionScreen	390	419
	258	248
	259	250
	261	252
	262	253
	263	254
	265	256
	266	257
	268	259
	269	260
	273	264
	274	265
	275	266
	278	269
	279	270
	280	271
	283	274
	284	275
	285	277
	286	279
	287	280
	288	281
	290	284
	293	288
	294	289
	295	290
	296	291
	297	294
	300	297
	304	324
	305	308
	306	309
	307	347
	309	314
	310	316
	312	319
	313	320
	314	321
	59	57
	315	340
	61	58
	317	348
	62	59
	318	349
	63	60
	64	61
	320	350
	324	355
	69	65
	70	66
	73	68
	332	363
	333	364
	336	367
	339	369
	340	370
	341	371
	342	372
	90	81
	346	376
	91	82
	347	377
	92	83
	348	378
	93	84
	94	85
	350	380
	98	89
	354	384
	99	90
	355	385
	100	91
	356	386
	357	387
	103	94
	105	96
	106	97
	362	392
	107	98
	363	393
	110	101
	366	396
	114	105
	370	399
	115	106
	371	400
	116	107
	372	400
	117	108
	373	401
	118	109
	374	402
	119	110
	375	403
	120	111
	376	404
	121	112
	377	405
	122	113
	123	114
	125	115
	381	410
	126	117
	127	117
	128	117
	384	413
	130	119
	132	120
	133	121
	389	418
	134	122
	390	419
	135	123
	139	127
	140	128
	142	130
	144	132
	147	135
	148	136
	149	137
	152	140
	153	150
	155	141
	156	143
	157	144
	158	145
	159	146
	160	148
	161	150
	165	154
	166	155
	167	156
	169	159
	170	160
	172	162
	176	166
	178	168
	180	169
	182	171
	183	172
	184	173
	188	177
	189	177
	190	178
	193	180
	196	183
	197	184
	199	187
	200	188
	202	191
	203	192
	205	195
	206	196
	208	198
	211	201
	212	202
	213	203
	214	204
	215	205
	218	208
	219	209
	220	210
	221	211
	223	213
	224	214
	225	215
	226	216
	228	218
	229	219
	230	220
	231	221
	233	223
	234	224
	235	225
	237	227
	241	231
	242	233
	243	236
	244	237
	245	238
	246	239
	249	241
	254	245
net/minecraft/client/renderer/entity/state/BoatRenderState	0	0
net/minecraft/client/renderer/entity/layers/BeeStingerLayer	21	23
	16	17
	17	19
	21	23
	13	13
net/minecraft/client/gui/screens/debug/DebugOptionsScreen	324	321
	256	197
	257	198
	258	199
	259	200
	260	201
	261	202
	263	203
	264	204
	267	207
	268	208
	269	209
	273	213
	274	215
	275	216
	277	219
	278	220
	282	224
	287	229
	292	234
	293	235
	294	236
	296	237
	298	238
	43	41
	299	239
	44	42
	45	43
	46	44
	302	242
	47	45
	303	243
	48	46
	304	244
	49	47
	306	245
	51	48
	307	246
	308	247
	310	248
	311	249
	312	250
	313	251
	59	54
	60	55
	317	255
	318	256
	319	257
	64	59
	320	258
	321	259
	66	60
	322	260
	67	61
	323	261
	324	262
	69	62
	70	63
	71	64
	72	65
	73	66
	74	67
	75	68
	76	69
	78	70
	80	71
	82	72
	83	73
	84	74
	85	75
	87	76
	88	77
	89	78
	93	82
	94	83
	95	84
	99	88
	100	89
	103	92
	104	93
	105	94
	106	95
	107	97
	108	98
	110	101
	111	102
	112	103
	113	104
	114	105
	115	106
	119	110
	120	111
	121	112
	123	114
	126	117
	131	267
	132	268
	133	268
	135	268
	140	274
	141	280
	142	281
	146	285
	147	286
	151	290
	155	294
	156	295
	159	298
	160	299
	161	300
	162	301
	163	303
	164	304
	165	305
	166	306
	167	307
	168	308
	170	311
	173	315
	174	316
	177	319
	178	320
	179	321
	190	128
	191	129
	195	133
	196	134
	200	138
	205	143
	208	146
	213	151
	214	152
	221	158
	236	172
	237	173
	238	174
	239	175
	241	176
	242	177
	244	179
	247	182
	248	185
	249	186
	250	187
	251	188
	252	191
	253	192
	254	193
	255	194
net/minecraft/client/model/object/armorstand/ArmorStandModel	125	82
	29	26
	30	27
	31	28
	32	29
	33	30
	35	31
	36	32
	39	35
	40	36
	41	37
	42	37
	43	37
	44	37
	46	38
	47	38
	48	38
	51	39
	52	40
	53	40
	54	40
	56	42
	57	43
	58	43
	59	43
	61	45
	62	45
	63	45
	64	45
	66	46
	67	47
	68	47
	69	47
	71	49
	72	49
	73	49
	76	50
	77	50
	78	50
	81	51
	82	51
	83	51
	86	52
	87	53
	88	53
	89	53
	92	55
	97	60
	99	61
	101	62
	102	63
	103	64
	105	65
	106	66
	107	67
	109	68
	110	69
	111	70
	113	71
	114	72
	115	73
	116	74
	120	77
	121	78
	122	79
	123	80
	124	81
	125	82
net/minecraft/client/gui/screens/recipebook/package-info	0	0
net/minecraft/client/gui/screens/worldselection/CreateWorldCallback	0	0
net/minecraft/client/gui/font/AllMissingGlyphProvider	33	32
	16	16
	33	32
	21	21
	27	27
com/mojang/realmsclient/client/FileDownload	383	422
	259	279
	260	280
	261	281
	262	282
	265	286
	266	289
	268	290
	269	291
	271	293
	272	294
	273	295
	275	296
	276	297
	281	287
	284	303
	285	304
	287	307
	289	308
	291	309
	292	311
	293	312
	295	313
	296	314
	297	315
	300	317
	301	318
	303	320
	304	321
	305	322
	51	54
	307	325
	308	326
	312	330
	314	333
	315	334
	316	335
	318	337
	319	338
	65	91
	66	92
	322	341
	67	93
	323	342
	68	94
	326	350
	327	349
	72	99
	328	365
	73	100
	329	366
	74	101
	330	367
	331	368
	76	103
	77	104
	334	371
	336	373
	82	109
	339	378
	341	380
	86	113
	342	381
	343	382
	344	383
	345	384
	91	118
	92	119
	348	387
	93	119
	94	119
	351	392
	96	120
	97	121
	98	122
	354	394
	99	123
	356	395
	357	396
	358	397
	104	133
	360	399
	105	181
	361	400
	362	401
	108	134
	364	403
	109	135
	365	404
	366	405
	111	137
	112	138
	113	139
	369	408
	114	140
	115	141
	116	142
	118	144
	119	145
	375	414
	120	146
	376	415
	377	416
	122	149
	125	152
	381	420
	126	153
	382	421
	383	422
	129	156
	130	157
	132	159
	133	160
	134	161
	135	162
	136	163
	137	164
	139	166
	140	167
	141	168
	143	171
	147	175
	149	177
	150	178
	151	179
	152	181
	155	184
	159	188
	160	189
	161	190
	162	191
	163	192
	164	193
	165	194
	167	197
	168	211
	171	198
	172	199
	173	211
	176	201
	179	204
	180	205
	182	207
	184	211
	187	214
	188	215
	189	216
	192	219
	193	220
	194	221
	195	222
	197	224
	200	227
	204	231
	208	235
	212	81
	217	239
	219	241
	220	242
	221	243
	225	247
	229	251
	232	252
	234	254
	235	255
	238	258
	239	259
	242	262
	245	265
	246	266
	247	267
	248	268
	249	269
	250	270
	251	271
	252	272
	255	275
net/minecraft/client/particle/ParticleGroup	66	64
	32	32
	34	33
	66	64
	35	34
	36	35
	40	39
	44	43
	45	44
	46	45
	47	46
	48	47
	49	48
	51	49
	21	19
	53	51
	22	20
	56	54
	25	23
	57	55
	60	58
	29	27
	30	28
	31	31
net/minecraft/client/renderer/entity/NautilusRenderer	51	54
	34	40
	38	43
	43	47
	15	15
	16	16
	48	51
	49	52
	50	53
	19	19
	51	54
	20	19
	21	19
	22	20
	24	25
	25	26
	28	30
	30	35
	31	36
net/minecraft/client/renderer/special/ChestSpecialRenderer	92	91
	65	80
	66	81
	70	85
	75	89
	76	90
	78	91
	84	55
	85	56
	22	20
	24	21
	25	22
	89	60
	26	23
	90	61
	27	24
	91	62
	28	25
	92	63
	29	26
	30	27
	38	34
	39	35
	40	36
	41	37
	42	38
	45	41
	46	42
	47	42
	48	42
	53	66
	54	68
	56	69
	57	70
	58	72
	61	76
	62	77
net/minecraft/client/model/animal/chicken/ColdChickenModel	31	28
	14	11
	15	12
	18	15
	19	17
	20	19
	21	19
	22	19
	23	20
	25	23
	26	25
	27	25
	28	25
	29	26
	31	28
net/minecraft/client/telemetry/TelemetryLogManager	66	63
	64	61
	66	63
	18	18
	27	25
	28	26
	31	29
	33	31
	34	32
	35	32
	36	32
	37	33
	38	34
	39	35
	40	36
	42	38
	46	42
	47	43
	49	45
	50	46
	51	47
	52	48
	53	49
	54	50
	56	52
	58	55
	63	60
net/minecraft/client/model/object/equipment/ShieldModel	51	40
	32	30
	33	30
	34	30
	37	31
	38	31
	39	31
	43	32
	47	36
	51	40
	23	22
	24	23
	25	24
	26	25
	29	28
	30	29
net/minecraft/client/gui/layouts/FrameLayout	130	116
	64	55
	129	115
	66	57
	130	116
	67	58
	68	59
	71	62
	72	63
	73	64
	76	67
	77	68
	78	69
	81	72
	85	76
	86	77
	25	17
	26	18
	90	81
	29	21
	30	22
	95	86
	96	87
	33	25
	34	26
	35	27
	99	90
	100	91
	38	30
	103	94
	104	95
	42	34
	43	35
	107	98
	108	99
	47	39
	48	40
	52	44
	118	104
	119	105
	56	48
	120	106
	123	109
	124	110
	61	53
	125	111
	63	54
net/minecraft/client/model/object/equipment/package-info	0	0
net/minecraft/client/renderer/entity/DonkeyRenderer	76	60
	65	52
	66	52
	74	58
	75	59
	76	60
	20	25
	21	25
	22	25
	25	26
	26	27
	28	28
	30	30
	31	30
	34	33
	38	36
	43	40
	48	44
	49	45
	50	46
	53	49
	54	49
	57	50
	58	50
	61	51
	62	51
net/minecraft/client/model/animal/ghast/package-info	0	0
net/minecraft/client/model/monster/hoglin/HoglinModel	126	103
	29	26
	30	27
	31	28
	32	29
	33	30
	34	31
	35	32
	36	33
	37	34
	40	37
	41	38
	43	39
	44	40
	45	40
	46	40
	47	42
	48	44
	49	44
	50	45
	52	47
	53	49
	54	49
	55	50
	57	52
	58	54
	59	54
	60	55
	62	57
	63	59
	64	59
	65	60
	67	62
	68	63
	69	63
	70	63
	72	65
	73	66
	74	66
	75	66
	78	68
	79	69
	80	70
	81	71
	82	71
	83	71
	85	73
	86	74
	87	74
	88	74
	90	76
	91	77
	92	77
	93	77
	95	79
	96	80
	97	80
	98	80
	100	82
	105	86
	107	87
	108	88
	109	89
	110	90
	111	91
	114	92
	115	93
	117	94
	118	95
	119	96
	120	97
	121	98
	122	99
	125	102
	126	103
net/minecraft/client/particle/BubblePopParticle	52	60
	32	31
	33	32
	35	33
	36	35
	40	39
	11	13
	12	14
	13	15
	14	16
	15	17
	47	46
	16	18
	48	47
	17	19
	18	20
	19	21
	52	60
	23	25
	24	26
	25	27
	27	28
	28	29
	29	35
net/minecraft/client/color/item/CustomModelDataSource	37	38
	32	33
	18	15
	19	17
	20	18
	21	20
	37	38
	25	25
	26	26
	27	27
	28	28
	29	29
net/minecraft/client/gui/screens/telemetry/TelemetryEventWidget	169	161
	130	122
	141	134
	143	135
	144	136
	146	137
	147	138
	150	141
	151	142
	154	145
	155	146
	156	147
	159	151
	32	30
	160	152
	161	153
	164	156
	165	157
	39	36
	168	160
	41	37
	169	161
	42	38
	43	39
	46	42
	47	43
	48	44
	51	47
	52	48
	53	49
	56	52
	57	53
	58	54
	59	56
	60	57
	61	58
	63	59
	65	60
	66	61
	69	65
	73	69
	74	70
	78	74
	79	75
	80	76
	82	78
	86	82
	91	87
	92	88
	94	89
	95	90
	96	91
	97	92
	98	93
	102	97
	103	98
	106	101
	107	101
	109	101
	113	105
	114	108
	115	109
	116	110
	118	111
	120	112
	121	113
	124	116
	125	117
	127	119
net/minecraft/client/gui/components/debug/DebugEntryHeightmap	63	73
	33	44
	34	73
	37	45
	38	46
	40	47
	41	49
	42	50
	43	51
	46	55
	48	56
	49	57
	18	19
	50	59
	51	60
	52	61
	53	62
	54	63
	56	65
	26	33
	60	70
	30	42
	62	71
	31	43
	63	73
com/mojang/blaze3d/platform/DisplayData	17	11
	17	11
	13	7
net/minecraft/client/renderer/entity/state/ZombifiedPiglinRenderState	0	0
com/mojang/realmsclient/exception/RetryCallException	18	16
	16	12
	18	16
	11	10
	13	11
	14	14
net/minecraft/client/renderer/entity/layers/IronGolemFlowerLayer	39	38
	32	31
	33	32
	34	33
	35	34
	37	35
	38	36
	39	38
	15	14
	16	15
	20	25
	21	38
	24	26
	25	27
	28	28
	29	29
	31	30
net/minecraft/client/gui/screens/worldselection/WorldOpenFlows	536	609
	512	582
	513	583
	516	586
	517	587
	518	588
	519	589
	520	590
	521	591
	523	593
	528	598
	529	600
	530	603
	531	603
	532	604
	536	609
	84	91
	85	92
	91	97
	92	98
	93	99
	97	108
	98	109
	99	110
	100	138
	103	111
	105	112
	107	115
	108	116
	110	119
	111	120
	112	121
	114	123
	117	126
	122	131
	123	132
	124	133
	125	134
	126	135
	128	138
	132	142
	133	143
	134	144
	135	145
	136	146
	137	147
	138	148
	139	149
	140	150
	141	151
	147	162
	148	164
	149	168
	150	170
	153	175
	154	176
	156	179
	157	181
	158	183
	159	183
	160	183
	169	190
	171	191
	172	192
	173	193
	174	194
	176	197
	178	198
	179	203
	181	206
	182	208
	183	210
	185	212
	186	213
	187	214
	189	216
	193	220
	194	221
	195	222
	196	224
	197	226
	199	233
	206	242
	207	243
	208	244
	209	245
	210	246
	211	247
	212	248
	218	254
	219	255
	220	256
	222	258
	223	259
	226	262
	229	266
	230	267
	231	267
	232	267
	237	273
	240	278
	241	279
	242	280
	244	282
	246	284
	247	285
	248	286
	249	287
	250	288
	252	290
	253	290
	257	294
	259	296
	260	296
	263	300
	266	303
	267	304
	268	305
	269	308
	271	306
	272	308
	275	311
	279	316
	280	317
	281	318
	282	319
	283	320
	284	321
	286	323
	287	324
	289	326
	290	327
	291	328
	292	329
	294	330
	295	331
	297	332
	298	333
	299	334
	300	335
	301	336
	303	337
	305	340
	306	341
	309	346
	310	347
	311	348
	312	375
	314	357
	315	358
	316	359
	317	360
	318	361
	319	362
	320	363
	322	366
	324	367
	326	368
	327	369
	328	370
	329	370
	335	372
	337	375
	340	378
	341	379
	342	379
	343	380
	346	383
	347	384
	348	385
	349	386
	350	387
	351	388
	353	389
	354	390
	355	391
	356	392
	359	395
	360	396
	361	397
	362	413
	364	398
	365	399
	366	406
	368	401
	369	402
	371	404
	373	406
	374	406
	375	406
	377	407
	379	409
	381	411
	382	413
	383	414
	388	420
	389	421
	390	424
	391	431
	392	432
	393	433
	394	436
	395	437
	397	442
	399	444
	400	446
	401	447
	402	448
	403	450
	404	458
	405	459
	406	460
	407	461
	408	462
	409	463
	410	464
	411	465
	412	466
	413	467
	415	420
	419	472
	420	473
	424	477
	425	479
	426	480
	428	482
	429	483
	430	484
	431	485
	432	486
	433	487
	434	488
	436	490
	437	491
	439	503
	442	506
	443	507
	446	512
	447	513
	449	514
	450	515
	452	516
	453	519
	454	520
	455	521
	456	522
	457	523
	458	525
	461	517
	462	525
	465	530
	466	531
	467	531
	468	531
	469	532
	470	533
	472	534
	473	535
	474	536
	476	538
	477	539
	478	540
	479	541
	481	543
	482	543
	483	544
	484	545
	486	547
	489	556
	490	558
	492	561
	493	562
	495	564
	496	565
	497	566
	498	567
	500	569
	501	570
	502	571
	507	577
	509	579
net/minecraft/client/renderer/fog/environment/DarknessFogEnvironment	37	37
	32	32
	17	17
	36	36
	37	37
	22	22
	23	23
	24	24
	25	25
	26	26
	27	27
	28	28
	29	29
net/minecraft/client/gui/components/AbstractButton	71	75
	64	67
	66	69
	36	33
	38	34
	70	74
	39	35
	71	75
	44	40
	45	41
	48	44
	49	53
	20	19
	21	19
	53	57
	22	20
	54	58
	23	21
	58	62
	59	63
	29	26
	61	64
	30	27
	62	65
	63	66
net/minecraft/client/renderer/entity/state/FishingHookRenderState	6	6
	6	6
net/minecraft/client/model/animal/pig/package-info	0	0
net/minecraft/client/renderer/texture/DynamicTexture	81	79
	64	62
	65	63
	66	64
	70	68
	71	69
	72	70
	76	74
	77	75
	78	76
	79	77
	81	79
	18	16
	22	20
	23	21
	24	22
	25	23
	28	26
	29	27
	30	28
	33	31
	34	32
	35	33
	38	36
	39	37
	40	38
	41	39
	42	40
	45	43
	46	44
	47	45
	48	46
	49	47
	52	50
	53	51
	55	53
	57	55
	60	58
net/minecraft/client/model/monster/dragon/EnderDragonModel	314	288
	48	40
	52	44
	56	48
	57	49
	58	50
	59	52
	60	53
	62	56
	63	57
	65	60
	66	61
	67	62
	68	63
	69	64
	70	65
	71	66
	72	67
	73	68
	74	69
	75	70
	76	71
	77	72
	78	73
	79	74
	80	75
	81	76
	82	77
	85	80
	86	81
	88	82
	89	83
	90	85
	91	86
	92	87
	93	88
	94	89
	95	90
	96	91
	97	92
	98	93
	99	94
	101	96
	102	96
	103	96
	104	96
	107	97
	108	98
	109	99
	110	101
	111	102
	113	105
	114	106
	117	109
	118	111
	119	112
	120	113
	121	114
	122	115
	123	116
	126	118
	127	120
	128	120
	129	120
	130	120
	131	121
	133	123
	134	125
	135	125
	136	125
	137	125
	138	126
	141	128
	142	130
	143	130
	144	131
	146	133
	147	135
	148	135
	149	136
	151	138
	152	140
	153	140
	154	141
	157	143
	158	145
	159	145
	160	146
	162	148
	163	150
	164	150
	165	151
	167	153
	168	155
	169	155
	170	156
	173	158
	174	160
	175	160
	176	160
	177	161
	179	163
	180	165
	181	165
	182	165
	183	166
	186	168
	187	170
	188	170
	189	171
	191	173
	192	175
	193	175
	194	176
	196	178
	197	180
	198	180
	199	181
	202	183
	203	185
	204	185
	205	186
	207	188
	208	190
	209	190
	210	191
	212	193
	213	195
	214	195
	215	196
	218	198
	223	202
	225	203
	226	204
	228	205
	229	206
	231	207
	232	208
	233	209
	235	210
	236	211
	237	212
	239	213
	241	214
	243	215
	244	216
	246	218
	247	219
	248	220
	249	221
	250	222
	251	223
	252	224
	254	225
	255	226
	256	227
	257	228
	258	229
	259	230
	262	233
	263	234
	264	235
	266	236
	267	237
	268	238
	269	239
	271	240
	272	241
	273	242
	274	243
	275	244
	277	245
	278	246
	279	247
	280	248
	282	249
	283	250
	285	251
	286	252
	287	253
	288	254
	289	255
	290	257
	291	258
	292	259
	293	260
	294	261
	295	262
	296	263
	297	264
	298	265
	299	266
	300	267
	301	268
	302	269
	304	271
	307	282
	308	283
	309	284
	311	285
	312	286
	313	287
	314	288
net/minecraft/client/renderer/entity/layers/EyesLayer	19	22
	18	20
	19	22
	13	13
	14	14
net/minecraft/client/Options	2209	1927
	2048	1782
	2049	1782
	1026	1246
	2051	1782
	1028	1246
	1031	1246
	2055	1787
	2056	1789
	1033	1247
	2057	1790
	1034	1248
	1035	1249
	1036	1250
	2060	1794
	1038	1253
	1039	1254
	1040	1255
	2064	1807
	2065	1808
	1042	1257
	2067	1810
	1046	513
	2070	1813
	2071	1814
	2073	1816
	2075	1818
	1054	1261
	2078	1821
	1057	517
	1058	518
	2082	1825
	1061	520
	2086	1829
	1064	521
	1065	522
	1066	523
	2090	1833
	1067	524
	2091	1834
	2092	1837
	2093	1838
	1071	1265
	2095	1839
	2097	1840
	2100	1843
	1077	529
	2101	1844
	2102	1845
	2103	1846
	2104	1847
	2105	1848
	2106	1849
	2107	1850
	1084	1269
	2108	1851
	2110	1853
	2113	1857
	1090	1273
	2114	1858
	2117	1861
	1094	538
	1095	539
	1096	540
	1097	541
	2121	1865
	2122	1866
	1099	543
	2125	1869
	1102	1277
	2126	1870
	82	79
	2130	1874
	1107	545
	1110	547
	2134	1878
	1111	548
	1112	549
	2136	1879
	1114	552
	91	86
	1115	553
	2139	1882
	1116	554
	2140	1883
	94	88
	1118	557
	1120	560
	2144	1885
	97	928
	2145	1886
	2146	1887
	2147	1888
	2148	1889
	101	932
	1125	1281
	2149	1890
	102	933
	2150	1891
	103	934
	2152	1892
	105	936
	2153	1893
	2154	1894
	107	89
	1131	1285
	2155	1895
	1134	563
	1135	564
	2159	1899
	2160	1900
	115	939
	2163	1903
	1140	566
	118	93
	1147	1289
	126	943
	129	97
	1153	569
	2183	1907
	1160	1293
	137	947
	2187	1911
	1166	572
	2191	1915
	144	102
	145	103
	147	105
	2195	1919
	148	105
	1173	1297
	150	105
	2199	1923
	2200	1923
	2202	1923
	1179	575
	158	951
	2206	1927
	2207	1927
	2209	1927
	1186	1301
	164	955
	1189	577
	170	959
	1195	581
	1196	582
	1198	583
	179	115
	182	118
	1206	1305
	186	963
	1211	589
	195	124
	196	125
	1220	1309
	198	126
	201	127
	1226	1313
	204	130
	1229	594
	208	967
	1238	1317
	216	136
	1241	598
	224	971
	225	972
	226	973
	1250	1321
	227	974
	230	977
	1254	1325
	1255	1331
	233	142
	1257	1326
	234	143
	1258	1327
	1259	1328
	1261	1331
	238	147
	239	148
	240	149
	242	152
	251	981
	257	160
	262	162
	266	165
	270	985
	276	170
	284	174
	285	175
	286	176
	290	989
	293	178
	298	182
	305	185
	309	993
	312	187
	319	190
	320	191
	321	192
	325	997
	328	194
	337	1001
	340	198
	1367	745
	1368	746
	1369	747
	1370	748
	347	201
	348	202
	1373	752
	350	203
	351	204
	1375	754
	354	209
	1379	1334
	357	206
	1382	756
	358	207
	1383	758
	359	209
	1384	758
	363	1005
	1391	764
	1392	765
	1393	766
	370	212
	371	213
	1395	768
	372	214
	1396	769
	1398	770
	376	1009
	379	215
	1405	1338
	1408	776
	385	219
	386	220
	388	221
	390	222
	1420	1342
	397	1013
	1423	785
	400	227
	401	228
	402	229
	406	233
	407	234
	408	235
	409	236
	411	239
	414	242
	1439	1346
	1442	795
	418	1017
	425	1021
	426	1022
	427	1023
	428	1025
	429	1026
	430	1027
	431	1028
	432	1029
	1457	1350
	1460	804
	436	1034
	437	1035
	438	1036
	439	1037
	441	1039
	446	249
	1472	1354
	450	253
	1475	813
	451	254
	452	255
	454	257
	458	1042
	1487	1358
	464	262
	1490	822
	467	265
	471	1046
	1502	1362
	484	1050
	1509	835
	1510	836
	487	270
	1511	837
	1513	838
	1514	839
	1516	841
	1517	842
	1519	843
	500	278
	1527	1366
	505	1054
	509	1058
	1535	855
	1537	857
	1538	858
	1539	858
	1541	858
	518	286
	1544	861
	522	1062
	1548	1370
	1554	866
	1557	869
	535	1066
	1561	1374
	538	291
	544	294
	1568	874
	545	295
	1569	874
	546	296
	547	297
	1571	874
	548	298
	550	300
	551	300
	552	301
	1576	877
	555	303
	1580	1378
	559	1070
	562	305
	1588	884
	1589	885
	1591	887
	1592	887
	569	1074
	1594	887
	1597	891
	1599	892
	1600	896
	1602	895
	583	1078
	1608	901
	1609	902
	1610	903
	1611	904
	1615	1382
	594	326
	1621	1386
	1622	1387
	1623	1388
	1625	907
	601	1082
	1630	911
	1633	914
	611	336
	612	336
	1637	1391
	614	336
	618	339
	1642	918
	1643	919
	1646	922
	622	1086
	1650	1395
	628	344
	631	347
	1657	1399
	1658	1400
	635	1090
	1660	1401
	1662	1402
	1664	1404
	641	352
	1665	1405
	644	355
	1668	1406
	1671	1407
	648	1094
	1673	1409
	1674	1410
	1675	1411
	654	360
	1678	1413
	1680	1415
	657	363
	1681	1416
	1683	1417
	1684	1417
	661	1098
	1687	1418
	1688	1419
	668	368
	669	369
	1693	1421
	671	370
	1695	1422
	1696	1423
	673	371
	1697	1424
	676	374
	1700	1427
	680	1102
	1704	1431
	683	376
	1708	1435
	687	380
	688	381
	1715	1439
	1716	1440
	1717	1441
	1718	1442
	695	1106
	1719	1443
	1720	1444
	1721	1445
	1722	1446
	1723	1447
	1724	1448
	1725	1449
	702	389
	1726	1450
	703	389
	1727	1451
	1728	1452
	705	389
	1729	1453
	1730	1454
	1731	1455
	1732	1456
	709	392
	1733	1457
	1734	1458
	1735	1459
	1736	1460
	713	1110
	1737	1461
	1738	1462
	1739	1463
	716	394
	1740	1464
	1741	1465
	1742	1466
	1743	1467
	1744	1468
	1745	1469
	722	398
	723	399
	1747	1470
	1748	1471
	725	400
	1749	1472
	1750	1473
	1751	1474
	1752	1475
	1753	1476
	730	404
	731	405
	732	406
	1756	1479
	1758	1480
	1759	1481
	736	1114
	1760	1482
	1761	1483
	1762	1484
	1763	1485
	740	1118
	1764	1486
	1765	1487
	1766	1488
	743	408
	1767	1489
	744	409
	1768	1490
	745	410
	1769	1491
	1770	1492
	1771	1493
	1772	1494
	749	414
	1773	1495
	750	415
	1774	1496
	751	416
	1775	1497
	752	417
	1776	1498
	1777	1499
	754	420
	1778	1500
	1779	1501
	1780	1502
	1781	1503
	758	424
	1782	1504
	759	425
	1783	1505
	760	426
	1784	1506
	1785	1507
	1787	1508
	764	1122
	1788	1509
	1789	1510
	1790	1511
	1791	1512
	1792	1513
	1793	1514
	1794	1515
	1795	1516
	772	432
	1797	1517
	1798	1518
	1799	1519
	1800	1520
	1801	1521
	1802	1522
	779	1126
	1803	1523
	1804	1524
	1805	1525
	1806	1526
	1807	1527
	1808	1528
	1809	1529
	1810	1530
	1811	1531
	1812	1532
	789	440
	1813	1533
	790	441
	1814	1534
	1815	1535
	1816	1536
	1817	1537
	1818	1538
	795	443
	1819	1539
	796	444
	1820	1540
	797	445
	1821	1541
	1822	1542
	1823	1543
	1824	1544
	801	1130
	1825	1545
	1826	1546
	1827	1547
	1828	1548
	805	1134
	1829	1549
	1830	1550
	1832	1552
	809	1138
	1833	1553
	1834	1554
	1835	1555
	1836	1556
	815	449
	1840	1560
	1841	1561
	1844	1564
	1845	1565
	1846	1566
	823	1142
	1847	1567
	1848	1568
	1851	1571
	830	456
	831	457
	1855	1575
	832	458
	1856	1576
	834	460
	1859	1579
	1860	1581
	1861	1582
	838	1146
	1863	1584
	1864	1585
	841	461
	1865	1586
	1866	1587
	1868	1589
	847	464
	1871	1592
	848	465
	849	466
	1873	1593
	851	468
	1875	1596
	1876	1597
	1877	1598
	855	1150
	1879	1606
	1880	1610
	1882	1612
	863	1154
	1887	1618
	1888	1619
	866	472
	1891	1620
	1892	1621
	1893	1623
	1894	1624
	1896	1626
	874	1158
	1900	1630
	1901	1631
	1903	1633
	880	1162
	1904	1634
	1905	1635
	1908	1639
	886	1166
	1913	1644
	1914	1645
	892	1170
	1919	1650
	898	1174
	1924	1655
	1925	1656
	1927	1660
	904	1178
	1928	1661
	1930	1664
	1931	1665
	908	482
	909	483
	1934	1669
	911	485
	1936	1671
	914	1182
	1939	1657
	1944	1678
	921	487
	1945	1679
	925	1186
	1949	1683
	1951	1684
	1952	1685
	929	1190
	1953	1686
	930	1191
	931	1192
	1955	1688
	934	1193
	1958	1691
	936	1195
	938	489
	1962	1695
	941	1198
	1966	1699
	1968	1702
	1969	1703
	946	1202
	1972	1706
	952	494
	1976	1710
	1977	1711
	1979	1712
	956	1206
	1981	1715
	1982	1716
	1983	1717
	962	1210
	1987	1721
	1988	1723
	1989	1724
	1990	1725
	1991	1726
	968	1214
	1992	1727
	1993	1728
	1997	1732
	974	1218
	1998	1733
	1999	1734
	977	499
	2004	1739
	2005	1740
	2006	1741
	985	1222
	2011	1746
	988	503
	2012	1747
	2013	1748
	2018	1753
	2019	1754
	2020	1755
	997	1226
	1000	508
	2025	1760
	2026	1761
	1003	1230
	2027	1762
	1007	511
	2031	1766
	2032	1767
	2033	1768
	1011	1234
	2035	1770
	1012	1234
	2036	1771
	1014	1234
	2039	1774
	2040	1775
	1018	1238
	2043	1778
	2044	1779
	1022	1242
	2046	1780
net/minecraft/client/multiplayer/package-info	0	0
net/minecraft/client/resources/model/EquipmentClientInfo	143	135
	129	123
	134	127
	135	128
	139	131
	143	135
	19	18
	21	19
	22	21
	23	23
	26	27
	30	31
	39	76
	40	78
	41	79
	42	80
	43	82
	46	86
	47	87
	50	90
	54	94
	58	98
	65	69
	66	70
	67	71
	71	35
	74	38
	77	41
	81	45
	82	46
	83	47
	87	51
	88	52
	89	53
	93	57
	94	58
	98	62
	99	63
	101	63
	108	103
	109	104
	110	105
	111	106
	112	107
	113	108
	114	109
	115	110
	116	111
	117	112
	118	113
	119	114
	120	115
	121	116
	122	117
	123	118
	124	119
	125	120
	126	121
net/minecraft/client/renderer/entity/layers/SimpleEquipmentLayer	48	77
	32	42
	35	52
	36	53
	40	58
	41	59
	42	60
	43	77
	46	61
	47	62
	48	77
	25	35
	26	36
	27	37
	28	38
	29	39
	30	40
	31	41
com/mojang/blaze3d/TracyBootstrap	27	25
	11	11
	12	18
	14	12
	15	13
	16	18
	18	14
	19	15
	20	18
	23	21
	24	25
	25	22
	26	23
	27	24
net/minecraft/client/gui/font/providers/ProviderReferenceDefinition	20	20
	20	20
	9	9
	10	10
	11	10
	15	15
net/minecraft/client/model/animal/fox/BabyFoxModel	103	124
	23	20
	24	21
	25	22
	28	25
	29	26
	30	27
	31	32
	32	34
	33	36
	34	40
	35	45
	36	50
	37	55
	38	60
	39	63
	41	68
	46	73
	47	74
	48	75
	49	76
	50	77
	51	78
	52	79
	54	80
	55	81
	57	82
	58	83
	60	84
	61	85
	62	86
	63	87
	65	88
	66	89
	67	90
	68	91
	69	92
	73	96
	74	97
	75	98
	76	99
	77	100
	78	101
	80	102
	81	103
	82	104
	83	105
	84	106
	86	107
	87	108
	88	109
	89	110
	90	111
	91	112
	95	116
	96	117
	97	118
	101	122
	102	123
	103	124
net/minecraft/client/renderer/EndFlashState	62	59
	32	30
	33	31
	34	32
	35	33
	36	34
	37	35
	39	37
	42	40
	43	41
	44	43
	46	42
	50	47
	54	51
	23	21
	24	22
	25	23
	26	24
	58	55
	29	27
	30	28
	62	59
	31	29
net/minecraft/client/CloudStatus	30	26
	20	17
	21	18
	22	19
	9	8
	25	22
	10	9
	11	10
	14	12
	30	26
com/mojang/blaze3d/buffers/GpuBuffer	70	51
	64	46
	49	29
	66	44
	54	34
	70	51
	44	24
	45	25
	46	26
	63	43
net/minecraft/client/gui/screens/dialog/ServerLinksDialogScreen	31	24
	17	16
	18	17
	22	20
	26	24
	28	24
	29	24
	31	24
net/minecraft/client/renderer/texture/atlas/sources/Unstitcher	113	105
	64	63
	74	74
	75	75
	76	76
	77	77
	78	78
	83	83
	85	84
	86	85
	88	86
	89	87
	91	88
	92	89
	29	23
	94	90
	31	24
	95	91
	32	26
	33	27
	34	28
	35	29
	36	31
	101	92
	102	93
	103	94
	40	36
	41	37
	105	96
	42	38
	106	99
	43	39
	107	99
	44	41
	45	42
	48	45
	112	104
	113	105
	50	47
	54	51
	58	55
	59	57
	60	58
	61	59
	62	60
	63	61
net/minecraft/client/gui/components/MultiLineTextWidget	82	79
	64	61
	65	62
	66	63
	67	64
	69	66
	71	68
	74	71
	78	75
	82	79
	19	18
	20	19
	23	22
	24	23
	25	24
	26	25
	28	26
	31	28
	32	29
	35	32
	36	33
	40	37
	41	38
	45	42
	46	43
	51	48
	56	53
	61	58
	62	59
	63	60
net/minecraft/client/gui/screens/dialog/DialogConnectionAccess	0	0
net/minecraft/client/particle/SoulParticle	69	82
	33	28
	66	55
	67	56
	68	57
	69	58
	38	33
	39	34
	40	35
	14	15
	46	66
	47	67
	16	16
	17	17
	19	18
	51	80
	20	19
	52	81
	53	82
	24	23
	25	23
	28	23
	61	41
	62	42
com/mojang/realmsclient/gui/task/package-info	0	0
net/minecraft/client/telemetry/events/AggregatedTelemetryEvent	47	47
	32	32
	35	35
	39	39
	43	43
	44	44
	13	12
	47	47
	17	16
	18	17
	19	18
	20	19
	23	22
	24	23
	25	24
	26	25
	28	28
	29	29
	30	30
net/minecraft/client/renderer/entity/MobRenderer	26	26
	16	15
	21	21
	25	25
	26	26
	11	11
	12	12
net/minecraft/client/renderer/chunk/CompileTaskDynamicQueue	74	69
	65	60
	70	64
	71	65
	73	68
	74	69
	12	11
	16	15
	17	16
	20	19
	21	20
	22	21
	23	22
	25	23
	26	25
	27	26
	28	27
	29	28
	30	29
	33	31
	34	32
	35	33
	36	34
	38	37
	39	38
	40	39
	44	44
	45	45
	47	46
	48	50
	49	51
	52	47
	53	48
	58	56
	62	60
	63	60
net/minecraft/client/model/monster/nautilus/package-info	0	0
net/minecraft/client/renderer/entity/state/WitherSkullRenderState	0	0
net/minecraft/client/gui/components/debug/DebugEntrySectionPosition	30	31
	16	19
	17	20
	19	21
	20	27
	23	22
	25	23
	26	27
	30	31
net/minecraft/client/renderer/entity/TntMinecartRenderer	57	62
	32	35
	37	46
	38	47
	40	49
	43	52
	44	53
	15	14
	16	15
	48	56
	20	24
	53	60
	22	25
	23	26
	24	27
	56	61
	25	28
	57	62
	26	29
	27	30
	28	31
	31	34
net/minecraft/client/gui/components/LogoRenderer	51	45
	32	27
	33	28
	36	31
	37	32
	40	35
	41	36
	10	10
	42	37
	11	11
	43	38
	12	12
	45	39
	46	40
	47	41
	48	42
	51	45
net/minecraft/client/resources/model/sprite/package-info	0	0
net/minecraft/client/model/geom/builders/UVPair	22	21
	17	16
	18	17
	6	6
	22	21
	11	10
	12	11
	13	12
net/minecraft/client/renderer/entity/BreezeRenderer	40	36
	33	29
	34	30
	35	31
	36	32
	37	33
	38	34
	39	35
	40	36
	13	12
	16	15
	17	16
	18	17
	19	18
	23	21
	28	25
net/minecraft/client/resources/sounds/BubbleColumnAmbientSoundHandler	40	42
	35	36
	37	38
	39	41
	40	42
	17	16
	18	17
	22	21
	23	23
	24	26
	25	27
	26	27
	27	28
	28	29
	29	30
	31	32
net/minecraft/client/model/QuadrupedModel	81	72
	64	59
	65	60
	69	63
	71	64
	72	65
	74	66
	75	67
	77	68
	78	69
	79	70
	80	71
	81	72
	27	25
	28	26
	31	29
	32	30
	33	31
	34	32
	35	33
	36	34
	37	35
	38	36
	41	39
	42	40
	44	41
	45	42
	46	42
	47	42
	49	44
	50	46
	51	46
	52	47
	54	49
	55	50
	59	54
	60	55
	61	56
	62	57
	63	58
net/minecraft/client/model/object/boat/RaftModel	79	63
	64	51
	67	53
	68	55
	69	55
	70	56
	73	58
	74	60
	75	60
	76	61
	14	12
	15	13
	79	63
	18	16
	19	18
	20	18
	21	18
	22	19
	25	21
	26	22
	27	23
	28	24
	30	25
	31	27
	32	27
	33	27
	34	27
	35	28
	37	30
	38	32
	39	32
	40	32
	41	32
	42	33
	44	35
	47	38
	48	39
	50	40
	52	41
	56	45
	57	46
	59	47
	61	48
	62	50
	63	50
net/minecraft/client/renderer/block/model/properties/select/DisplayContext	9	8
	9	8
net/minecraft/client/gui/screens/ChatScreen	333	327
	256	254
	257	265
	260	256
	261	257
	264	260
	265	261
	266	262
	267	265
	270	268
	271	268
	273	268
	279	273
	280	274
	282	278
	283	279
	284	280
	32	30
	33	31
	289	284
	293	288
	298	293
	303	298
	304	299
	305	300
	51	44
	307	302
	52	45
	309	305
	310	306
	55	48
	311	307
	56	49
	57	50
	313	309
	58	51
	59	52
	316	312
	317	313
	318	324
	63	56
	64	57
	321	314
	322	315
	67	60
	325	318
	70	63
	326	319
	71	64
	72	65
	328	321
	73	66
	74	67
	330	324
	75	68
	76	69
	333	327
	78	70
	79	71
	80	72
	81	73
	82	74
	83	75
	84	76
	85	77
	89	81
	90	82
	94	86
	95	87
	96	88
	100	92
	101	93
	102	94
	106	98
	107	99
	109	100
	110	101
	111	102
	112	103
	114	105
	117	108
	121	113
	122	114
	123	115
	124	116
	129	120
	130	121
	133	124
	134	125
	135	126
	136	127
	139	130
	140	131
	143	134
	144	135
	146	136
	148	139
	149	140
	150	141
	151	142
	153	144
	154	145
	156	148
	159	150
	160	155
	161	152
	163	158
	165	161
	167	164
	170	167
	175	173
	176	174
	177	175
	179	178
	180	179
	182	182
	183	183
	188	188
	189	189
	192	192
	193	193
	194	194
	195	195
	196	196
	197	197
	198	198
	199	199
	200	200
	203	204
	207	208
	211	212
	212	213
	213	214
	214	215
	216	217
	217	218
	219	219
	220	220
	221	221
	222	222
	226	225
	227	226
	228	227
	229	229
	231	232
	233	235
	238	240
	239	241
	241	243
	243	245
	246	248
	247	249
	249	250
	250	251
	251	265
	254	252
	255	253
net/minecraft/client/model/monster/slime/package-info	0	0
com/mojang/blaze3d/pipeline/TextureTarget	11	11
	8	8
	9	9
	10	10
	11	11
net/minecraft/client/renderer/entity/state/DolphinRenderState	0	0
net/minecraft/client/renderer/state/gui/TiledBlitRenderState	57	94
	14	46
	15	47
	19	51
	20	52
	21	54
	23	55
	25	58
	26	59
	27	60
	29	62
	30	63
	32	66
	34	67
	36	70
	37	71
	38	72
	40	74
	41	75
	43	78
	44	79
	45	80
	46	81
	47	82
	48	83
	49	84
	50	85
	53	88
	56	93
	57	94
net/minecraft/client/gui/screens/multiplayer/ServerSelectionList	542	558
	512	525
	513	526
	514	527
	515	528
	516	530
	517	520
	519	533
	520	534
	521	535
	522	536
	523	537
	524	538
	525	539
	526	540
	527	543
	528	544
	532	548
	537	553
	538	554
	542	558
	42	40
	43	41
	44	42
	45	43
	46	44
	47	45
	48	46
	49	47
	50	48
	51	49
	52	50
	53	51
	54	52
	55	53
	56	54
	57	55
	58	56
	59	57
	60	58
	61	60
	63	67
	64	68
	65	69
	66	70
	67	71
	68	72
	69	73
	77	80
	78	81
	79	82
	82	85
	83	86
	84	87
	85	88
	86	89
	87	90
	88	91
	89	92
	90	93
	91	94
	95	98
	99	101
	100	102
	101	103
	104	106
	106	108
	107	109
	110	112
	111	113
	114	116
	115	117
	117	119
	118	120
	120	123
	125	125
	126	126
	127	127
	128	128
	129	129
	130	130
	131	131
	134	134
	138	138
	142	142
	147	147
	159	155
	160	156
	165	160
	166	161
	167	162
	171	166
	176	171
	181	176
	186	181
	187	182
	194	188
	195	189
	196	190
	197	191
	201	195
	202	196
	204	197
	205	198
	207	200
	209	202
	213	206
	214	207
	216	210
	221	215
	222	216
	223	217
	225	219
	230	225
	231	226
	235	230
	239	234
	244	239
	264	258
	265	259
	266	260
	267	261
	268	262
	269	263
	273	267
	274	268
	275	269
	276	270
	278	271
	280	277
	281	279
	283	281
	284	285
	285	286
	286	287
	288	289
	289	290
	290	291
	291	292
	292	293
	293	294
	294	295
	295	296
	297	298
	299	302
	301	303
	302	305
	303	306
	305	309
	307	310
	308	311
	309	312
	310	313
	311	314
	313	316
	314	321
	315	317
	316	318
	317	319
	318	320
	319	316
	322	325
	323	326
	324	327
	327	330
	328	331
	329	332
	330	333
	332	335
	333	336
	337	340
	338	343
	339	344
	340	345
	342	346
	343	351
	344	352
	345	357
	348	360
	349	361
	350	362
	351	363
	353	364
	354	365
	355	366
	357	368
	359	371
	360	372
	361	373
	362	374
	364	376
	367	380
	368	381
	369	382
	370	383
	372	385
	376	389
	379	392
	381	393
	383	396
	384	397
	385	398
	387	400
	388	401
	389	402
	390	403
	392	405
	393	406
	394	407
	396	409
	397	410
	398	411
	399	412
	400	413
	401	414
	402	415
	403	416
	405	418
	407	421
	408	422
	411	424
	414	427
	415	428
	418	431
	419	432
	422	435
	423	436
	426	439
	427	440
	428	441
	429	442
	432	446
	437	451
	438	452
	439	453
	441	456
	443	457
	444	458
	446	459
	447	460
	450	463
	451	463
	453	464
	454	465
	458	469
	463	474
	464	475
	467	478
	468	479
	469	480
	473	484
	474	485
	476	486
	477	487
	478	488
	481	491
	482	492
	483	493
	484	494
	487	497
	488	498
	489	499
	492	502
	493	503
	496	506
	500	510
	505	515
	506	516
	507	517
	508	518
	510	523
	511	524
net/minecraft/client/model/monster/creeper/package-info	0	0
net/minecraft/client/data/models/model/package-info	0	0
net/minecraft/client/tutorial/PunchTreeTutorialStepInstance	94	88
	65	59
	66	60
	67	61
	69	63
	73	67
	74	68
	75	69
	76	70
	78	73
	79	74
	81	76
	82	77
	19	17
	83	78
	20	18
	84	79
	86	81
	90	85
	91	86
	28	25
	92	88
	29	26
	94	88
	33	30
	35	31
	36	32
	37	55
	40	34
	41	35
	42	36
	43	37
	44	38
	45	39
	46	40
	48	43
	49	44
	50	45
	55	50
	56	50
	57	51
	58	52
	61	55
net/minecraft/client/gui/navigation/ScreenPosition	23	23
	16	16
	5	5
	21	21
	6	6
	22	22
	7	7
	23	23
	12	12
	13	13
	14	14
	15	15
net/minecraft/client/gui/screens/inventory/tooltip/TooltipRenderUtil	43	35
	33	31
	34	31
	36	31
	40	35
	9	9
	41	35
	10	10
	43	35
	24	22
	25	23
	26	24
	27	25
	28	26
	29	27
	30	28
net/minecraft/client/gui/render/GuiItemAtlas	158	138
	128	113
	129	114
	131	115
	133	116
	134	117
	135	118
	136	119
	137	120
	139	121
	141	122
	142	123
	144	124
	145	125
	148	128
	153	133
	154	134
	155	135
	156	136
	29	26
	157	137
	158	138
	49	48
	50	49
	51	50
	53	51
	54	52
	55	53
	57	54
	58	55
	59	56
	60	57
	61	58
	63	59
	64	60
	65	61
	68	64
	69	65
	70	66
	71	66
	77	70
	78	71
	81	74
	82	74
	85	74
	89	78
	90	79
	91	80
	93	83
	94	85
	95	88
	99	92
	100	93
	101	94
	102	95
	106	99
	107	100
	108	101
	110	102
	111	103
	112	104
	122	108
	123	109
	124	110
	126	111
	127	112
net/minecraft/client/renderer/entity/WitherSkullRenderer	79	66
	64	53
	69	57
	74	61
	75	62
	76	63
	77	64
	78	65
	79	66
	22	20
	23	21
	28	25
	29	26
	30	27
	33	30
	34	31
	36	32
	37	32
	38	32
	42	33
	47	37
	52	43
	54	44
	56	45
	58	48
	60	49
	61	50
net/minecraft/client/model/animal/parrot/ParrotModel	214	157
	35	25
	36	26
	37	27
	38	28
	39	29
	40	30
	41	31
	42	32
	43	33
	46	36
	47	37
	49	38
	50	40
	51	40
	52	41
	54	43
	55	45
	56	45
	57	46
	59	48
	60	50
	61	50
	62	51
	64	53
	65	55
	66	55
	67	56
	69	58
	70	59
	71	59
	72	59
	74	61
	75	61
	76	61
	77	61
	79	62
	80	62
	81	62
	82	62
	84	63
	85	63
	86	63
	87	63
	89	64
	90	66
	91	66
	92	67
	94	69
	95	69
	96	70
	97	71
	99	72
	104	76
	106	77
	108	78
	109	79
	111	80
	115	101
	116	102
	117	103
	118	104
	120	105
	121	106
	122	107
	124	108
	125	109
	127	110
	128	111
	129	112
	131	113
	132	114
	133	115
	135	116
	136	117
	140	82
	141	83
	146	87
	147	88
	149	89
	150	90
	152	91
	154	92
	155	93
	157	94
	158	95
	160	96
	161	97
	164	119
	167	122
	169	124
	170	125
	173	131
	175	132
	177	133
	178	134
	180	135
	182	136
	183	137
	185	138
	186	139
	188	140
	189	141
	191	142
	192	143
	193	144
	195	146
	196	147
	204	149
	207	152
	208	153
	209	154
	210	155
	211	157
	212	157
	214	157
com/mojang/blaze3d/systems/GpuDeviceBackend	0	0
net/minecraft/client/gui/font/TextFieldHelper	264	290
	258	284
	259	285
	260	286
	261	287
	264	290
	29	30
	30	31
	31	32
	32	33
	33	34
	35	35
	36	36
	39	39
	43	43
	47	47
	51	51
	52	52
	55	55
	56	56
	58	59
	62	63
	63	64
	64	65
	65	68
	66	69
	67	70
	68	73
	69	74
	70	75
	71	78
	72	79
	73	80
	76	83
	77	84
	78	85
	79	86
	80	89
	81	90
	82	92
	83	93
	84	94
	85	97
	86	98
	87	99
	88	102
	89	103
	90	104
	91	107
	92	108
	93	109
	95	113
	99	117
	103	121
	104	122
	107	125
	108	126
	109	127
	110	128
	111	129
	113	131
	116	134
	117	135
	120	138
	121	139
	123	141
	126	144
	127	146
	128	149
	130	151
	133	154
	134	155
	137	158
	138	159
	139	160
	142	163
	143	164
	146	167
	147	168
	148	169
	151	172
	152	174
	153	177
	155	179
	158	182
	159	183
	160	184
	163	187
	164	188
	166	190
	167	191
	169	193
	170	194
	171	195
	172	196
	173	197
	174	198
	177	202
	179	204
	182	207
	183	208
	184	209
	185	210
	188	213
	189	214
	190	215
	193	218
	194	219
	197	222
	198	223
	199	224
	202	227
	203	228
	204	229
	208	233
	209	234
	211	237
	212	238
	213	239
	214	240
	215	241
	219	245
	220	246
	223	249
	224	250
	225	251
	228	254
	229	255
	232	258
	233	259
	234	260
	237	263
	241	267
	242	268
	245	271
	246	272
	247	273
	250	276
	254	280
	255	281
net/minecraft/client/searchtree/FullTextSearchTree	31	29
	16	15
	17	16
	21	20
	26	25
	27	26
	28	27
	30	28
	15	14
	31	29
net/minecraft/client/resources/model/ModelBakery	270	239
	128	190
	260	142
	261	143
	133	191
	135	192
	136	192
	265	147
	270	152
	144	193
	152	194
	157	86
	158	87
	160	88
	161	90
	165	92
	166	93
	167	94
	168	95
	174	100
	48	47
	50	48
	178	103
	51	49
	179	108
	180	109
	181	110
	54	52
	55	54
	56	54
	57	55
	58	56
	187	115
	60	57
	188	116
	189	117
	191	118
	192	119
	194	121
	196	122
	197	125
	75	76
	76	77
	77	78
	78	79
	79	80
	207	203
	80	81
	81	82
	82	83
	210	206
	211	207
	212	208
	213	209
	217	213
	91	158
	94	161
	222	218
	227	223
	100	166
	232	228
	233	229
	106	171
	234	230
	235	231
	237	233
	111	176
	243	239
	116	181
	120	184
	121	185
	122	186
	123	187
	124	188
	126	189
	255	137
net/minecraft/client/model/monster/zombie/GiantZombieModel	9	9
	8	8
	9	9
net/minecraft/client/renderer/entity/layers/MushroomCowMushroomLayer	65	77
	65	77
	14	14
	15	15
	19	25
	20	61
	23	26
	25	27
	26	61
	29	28
	31	29
	32	30
	33	31
	34	32
	35	33
	36	34
	37	37
	39	38
	40	39
	41	40
	42	41
	43	42
	44	43
	45	44
	46	45
	47	48
	49	49
	50	50
	51	51
	52	52
	53	53
	54	54
	55	55
	56	58
	57	61
	60	72
	61	73
	63	75
net/minecraft/client/model/animal/bee/package-info	0	0
net/minecraft/client/renderer/entity/TropicalFishRenderer	77	71
	68	64
	70	65
	71	66
	73	67
	74	68
	75	69
	77	71
	21	20
	22	21
	25	24
	27	25
	28	26
	29	27
	33	30
	34	31
	35	32
	41	38
	46	42
	47	43
	48	44
	49	45
	50	46
	54	51
	55	52
	56	53
	58	56
	59	57
	63	60
net/minecraft/client/model/animal/polarbear/BabyPolarBearModel	55	44
	14	12
	15	13
	18	16
	19	17
	21	18
	22	18
	23	18
	24	18
	26	19
	27	21
	28	22
	29	24
	30	26
	31	28
	32	30
	34	32
	35	33
	36	33
	37	33
	39	35
	40	36
	41	36
	42	36
	44	38
	45	39
	46	39
	47	39
	49	41
	50	42
	51	42
	52	42
	55	44
net/minecraft/client/renderer/gizmos/DrawableGizmoPrimitives	224	198
	25	21
	26	22
	27	23
	30	26
	31	26
	33	26
	39	30
	40	31
	41	32
	45	35
	46	36
	47	37
	51	40
	52	41
	53	42
	57	45
	58	46
	59	47
	63	50
	64	51
	65	52
	68	55
	69	56
	70	57
	73	60
	96	72
	97	73
	100	76
	101	77
	102	78
	103	79
	104	80
	105	81
	108	84
	109	85
	111	86
	112	107
	114	87
	115	88
	116	89
	118	91
	119	92
	120	93
	121	94
	122	95
	125	97
	127	98
	129	100
	132	103
	134	104
	136	107
	139	110
	140	111
	141	112
	142	113
	143	114
	144	115
	145	116
	146	117
	147	118
	148	119
	150	121
	151	122
	152	123
	153	124
	154	125
	156	126
	157	127
	159	128
	164	129
	168	130
	169	131
	174	135
	175	136
	176	137
	177	138
	179	140
	183	144
	184	148
	186	154
	189	157
	190	158
	191	159
	192	160
	193	162
	194	163
	195	165
	196	166
	199	169
	202	172
	203	173
	204	174
	205	175
	206	176
	207	178
	208	179
	209	180
	210	181
	211	182
	213	184
	216	187
	217	188
	218	189
	219	190
	220	191
	221	193
	222	194
	224	198
net/minecraft/client/renderer/gizmos/package-info	0	0
com/mojang/blaze3d/buffers/GpuFence	0	0
net/minecraft/client/renderer/entity/HorseRenderer	66	94
	64	92
	65	93
	66	94
	19	19
	20	22
	21	26
	22	30
	23	35
	24	39
	25	43
	26	47
	30	54
	32	55
	33	56
	35	61
	36	62
	40	67
	42	72
	43	73
	47	78
	51	81
	52	82
	57	86
	62	90
	63	91
net/minecraft/client/model/geom/package-info	0	0
net/minecraft/client/gui/layouts/HeaderAndFooterLayout	145	135
	129	119
	130	120
	133	123
	137	127
	141	131
	145	135
	25	21
	26	22
	29	25
	30	26
	33	29
	34	30
	35	31
	36	32
	37	33
	38	34
	43	38
	48	42
	52	46
	57	51
	62	56
	67	61
	71	65
	75	69
	76	70
	79	73
	80	74
	83	77
	87	81
	92	86
	93	87
	94	88
	95	89
	99	93
	100	94
	102	95
	103	96
	104	97
	105	98
	107	99
	108	100
	109	101
	110	102
	112	103
	113	104
	115	105
	116	106
	117	107
	118	108
	121	111
	125	115
net/minecraft/client/model/monster/zombie/BabyDrownedModel	14	13
	10	9
	11	10
	14	13
net/minecraft/client/renderer/rendertype/OutputTarget	34	28
	32	13
	16	19
	34	14
	19	22
	20	23
	25	28
	28	11
	30	12
	14	17
	15	18
net/minecraft/client/renderer/item/properties/conditional/ComponentMatches	24	27
	19	22
	24	27
	13	14
	14	15
	15	15
com/mojang/blaze3d/opengl/GlStateManager	585	614
	512	546
	513	547
	517	551
	518	552
	519	553
	527	556
	528	557
	529	558
	530	559
	531	560
	535	602
	536	603
	537	604
	27	25
	28	26
	29	27
	541	598
	30	28
	545	608
	551	593
	552	594
	42	38
	44	41
	556	614
	49	46
	50	47
	51	48
	564	568
	565	569
	54	51
	55	52
	56	53
	568	572
	569	573
	59	56
	60	57
	572	576
	61	58
	573	577
	64	61
	576	580
	65	62
	577	581
	66	63
	578	582
	579	583
	580	584
	69	66
	70	67
	582	586
	71	68
	585	589
	74	71
	75	72
	76	73
	77	74
	79	76
	82	79
	83	80
	84	81
	85	82
	87	84
	90	87
	91	88
	92	89
	95	92
	96	93
	97	94
	100	97
	101	98
	102	99
	103	100
	104	101
	105	102
	106	103
	108	105
	111	108
	112	109
	116	113
	117	114
	118	115
	121	118
	122	119
	123	120
	126	123
	127	124
	131	128
	135	129
	136	130
	137	131
	138	132
	139	133
	141	135
	142	136
	143	137
	144	138
	146	140
	147	142
	151	145
	152	146
	153	147
	156	150
	157	151
	161	155
	162	156
	163	157
	166	160
	167	161
	171	165
	172	166
	173	167
	176	170
	177	171
	178	172
	181	175
	182	176
	186	180
	187	181
	188	182
	191	185
	192	186
	193	187
	196	190
	197	191
	198	192
	201	195
	202	196
	203	197
	207	201
	208	202
	212	206
	213	207
	214	208
	217	211
	218	212
	219	213
	222	216
	223	217
	224	218
	227	221
	228	222
	229	223
	232	226
	233	227
	234	228
	237	231
	238	232
	242	236
	243	237
	244	238
	247	241
	248	242
	249	243
	250	244
	251	245
	254	248
	255	249
	256	250
	258	253
	259	254
	260	255
	262	257
	265	260
	266	261
	268	263
	269	263
	271	263
	275	279
	276	280
	277	281
	280	284
	281	285
	282	286
	283	287
	285	290
	286	291
	288	293
	291	296
	293	297
	297	301
	299	302
	300	303
	303	306
	304	307
	305	308
	308	311
	309	312
	313	316
	314	317
	318	321
	319	322
	320	323
	323	326
	324	327
	325	328
	328	331
	329	332
	330	333
	333	336
	334	337
	335	338
	338	341
	339	342
	340	343
	343	346
	344	347
	345	348
	346	349
	347	350
	349	352
	352	355
	353	356
	354	357
	357	360
	358	361
	359	362
	362	365
	363	366
	364	367
	365	368
	367	370
	370	373
	371	374
	372	375
	373	376
	375	378
	378	381
	379	382
	380	383
	383	386
	387	390
	388	391
	389	392
	390	393
	394	397
	395	398
	396	400
	397	401
	398	402
	401	406
	402	407
	403	408
	406	411
	407	412
	408	413
	409	414
	411	416
	414	429
	415	430
	416	431
	419	444
	420	445
	421	446
	424	459
	425	460
	426	461
	429	464
	430	465
	433	468
	434	469
	435	470
	436	471
	438	473
	441	476
	442	477
	444	478
	445	479
	447	481
	450	484
	451	485
	452	486
	455	489
	456	490
	457	491
	460	494
	461	495
	462	496
	465	499
	466	500
	467	501
	470	504
	471	505
	472	506
	475	509
	476	510
	477	511
	480	514
	481	515
	482	516
	485	519
	486	520
	490	524
	492	526
	494	528
	497	531
	498	532
	502	536
	503	537
	507	541
	508	542
net/minecraft/client/renderer/feature/TextFeatureRenderer	20	40
	17	28
	20	40
	12	11
	13	13
	14	14
	15	15
net/minecraft/client/resources/model/SimpleModelWrapper	62	57
	32	26
	33	27
	34	28
	36	29
	37	31
	38	32
	39	33
	40	34
	41	35
	43	38
	47	42
	48	43
	49	44
	52	46
	57	52
	26	21
	29	24
	62	57
	31	25
net/minecraft/client/renderer/entity/FireworkEntityRenderer	50	45
	33	32
	35	33
	37	34
	38	35
	42	38
	47	42
	48	43
	49	44
	18	17
	50	45
	19	18
	20	19
	24	24
	25	25
	27	26
	28	27
	29	28
	30	29
net/minecraft/client/gui/font/PlayerGlyphProvider	117	113
	64	68
	77	69
	78	70
	23	21
	91	72
	94	91
	31	28
	95	92
	32	29
	96	93
	97	94
	34	30
	99	95
	100	96
	37	34
	101	97
	102	98
	103	99
	42	41
	107	103
	112	108
	49	50
	50	51
	53	54
	117	113
	59	64
	60	65
	61	66
	62	67
net/minecraft/client/model/monster/zombie/BabyZombieModel	59	43
	16	14
	17	15
	20	18
	21	19
	23	20
	24	20
	25	20
	26	20
	28	21
	29	23
	30	24
	31	26
	32	28
	34	30
	35	30
	38	31
	39	32
	40	32
	41	32
	43	34
	44	35
	45	35
	46	35
	48	37
	49	38
	50	38
	51	38
	53	40
	54	41
	55	41
	56	41
	59	43
net/minecraft/client/renderer/fog/FogRenderer	222	213
	38	35
	39	35
	40	35
	41	35
	42	35
	43	35
	44	35
	45	35
	52	36
	61	44
	66	49
	67	50
	69	52
	70	53
	71	54
	72	55
	76	58
	77	59
	81	63
	82	64
	83	65
	86	68
	87	69
	90	72
	91	73
	93	76
	94	77
	95	78
	100	85
	101	86
	103	87
	104	88
	105	90
	106	91
	107	92
	108	93
	110	96
	111	97
	116	102
	117	103
	120	106
	122	107
	123	108
	124	109
	125	110
	126	111
	129	114
	130	115
	131	116
	133	117
	134	118
	135	119
	136	120
	137	121
	140	124
	141	125
	142	126
	143	127
	147	131
	148	132
	149	133
	151	135
	153	137
	154	138
	156	140
	159	143
	161	144
	162	145
	163	146
	164	147
	167	150
	168	151
	171	154
	175	160
	176	161
	178	162
	179	163
	180	164
	182	165
	184	167
	185	168
	186	169
	187	170
	191	174
	192	175
	193	176
	195	177
	199	181
	200	182
	202	186
	205	189
	206	190
	207	190
	209	190
	213	204
	214	205
	215	206
	216	207
	217	208
	218	209
	219	210
	220	211
	221	212
	222	213
net/minecraft/client/gui/screens/worldselection/FileFixerProgressScreen	128	112
	128	112
	17	18
	23	23
	24	24
	25	25
	29	29
	30	30
	31	31
	32	32
	33	33
	34	34
	35	35
	39	39
	44	44
	46	45
	47	46
	48	47
	50	48
	52	49
	53	50
	54	51
	56	53
	58	55
	61	58
	62	59
	65	62
	66	63
	67	64
	69	65
	70	66
	72	67
	73	68
	75	69
	76	70
	78	71
	79	72
	81	73
	82	74
	84	75
	85	76
	86	77
	89	80
	90	81
	91	82
	93	83
	94	84
	95	85
	98	88
	99	89
	100	90
	102	92
	105	95
	106	96
	107	97
	110	100
	112	101
	113	101
	116	102
	117	102
	119	103
	122	106
	123	107
	126	110
	127	111
net/minecraft/client/gui/screens/inventory/BeaconScreen	305	303
	256	301
	258	303
	265	273
	266	274
	267	275
	268	276
	272	280
	273	281
	278	155
	279	156
	283	160
	284	163
	285	164
	33	31
	289	168
	34	32
	290	169
	35	33
	36	34
	37	35
	38	36
	39	37
	295	140
	40	38
	296	141
	41	39
	300	145
	301	146
	48	45
	305	150
	50	46
	53	48
	57	51
	58	52
	59	53
	61	55
	64	58
	65	59
	66	60
	70	64
	72	65
	74	67
	75	68
	76	69
	78	71
	79	72
	80	74
	81	76
	82	77
	85	81
	87	82
	88	83
	90	85
	91	86
	92	88
	93	90
	94	91
	98	94
	99	96
	100	98
	101	99
	103	100
	104	101
	105	102
	109	106
	110	107
	111	108
	114	111
	115	112
	116	113
	120	117
	121	118
	122	119
	126	123
	127	124
	128	125
	129	126
	130	127
	131	128
	132	129
	133	130
	134	131
	135	132
	145	229
	146	230
	149	233
	150	234
	155	239
	156	240
	157	241
	158	242
	159	243
	160	244
	162	246
	165	249
	166	250
	167	251
	172	256
	176	260
	177	261
	181	265
	182	266
	192	179
	193	180
	194	181
	195	182
	196	183
	199	186
	200	187
	201	188
	202	189
	205	192
	210	197
	211	206
	214	198
	215	199
	217	201
	219	204
	220	206
	224	210
	225	211
	229	215
	230	216
	231	217
	235	221
	241	286
	242	287
	246	291
	251	296
	252	297
	253	298
	254	299
net/minecraft/client/resources/LegacyStuffWrapper	17	16
	17	16
	14	13
	15	14
net/minecraft/client/resources/sounds/AbstractTickableSoundInstance	23	22
	16	16
	20	20
	22	21
	23	22
	11	11
	12	12
net/minecraft/client/gui/screens/AccessibilityOnboardingScreen	187	181
	129	124
	130	125
	131	126
	135	130
	137	131
	139	132
	140	133
	143	136
	144	137
	145	138
	146	139
	147	140
	148	141
	150	143
	151	144
	153	147
	156	150
	157	151
	30	29
	158	152
	31	30
	159	153
	160	154
	161	155
	163	157
	164	158
	166	161
	169	164
	170	165
	174	169
	178	173
	179	174
	180	175
	181	176
	183	177
	56	48
	184	178
	57	49
	58	50
	59	51
	187	181
	60	52
	61	53
	65	57
	66	58
	68	59
	70	60
	71	61
	72	62
	73	63
	74	64
	75	65
	76	66
	78	69
	79	70
	80	71
	81	72
	82	73
	84	75
	85	78
	87	81
	89	82
	90	83
	91	84
	95	88
	96	89
	98	92
	99	93
	103	97
	104	98
	106	100
	108	102
	111	105
	116	110
	117	111
	119	113
	122	116
	123	117
	126	120
	127	121
net/minecraft/client/renderer/special/SpecialModelRenderers	30	35
	11	16
	14	19
	15	20
	16	21
	17	22
	18	23
	19	24
	20	25
	21	26
	22	27
	23	28
	24	29
	25	30
	26	31
	27	32
	28	33
	29	34
	30	35
net/minecraft/client/renderer/entity/state/TurtleRenderState	0	0
net/minecraft/client/renderer/blockentity/state/BedRenderState	9	9
	8	8
	9	9
net/minecraft/client/telemetry/package-info	0	0
com/mojang/blaze3d/systems/RenderPass	136	147
	135	146
	136	147
	18	17
	26	23
	27	24
	28	25
	31	28
	32	29
	34	32
	35	33
	36	34
	39	37
	40	38
	42	41
	43	42
	45	45
	46	46
	47	47
	50	50
	51	51
	54	54
	55	55
	58	58
	59	59
	62	62
	63	63
	64	64
	66	67
	67	68
	70	71
	71	72
	74	75
	75	76
	79	79
	80	80
	83	83
	84	84
	95	87
	96	88
	98	91
	99	92
	102	101
	103	102
	105	105
	106	106
	113	109
	114	110
	116	113
	117	114
	121	118
	122	119
	123	120
	125	123
	127	125
com/mojang/blaze3d/package-info	0	0
net/minecraft/client/renderer/state/level/WorldBorderRenderState	29	29
	18	19
	24	24
	28	28
	29	29
com/mojang/realmsclient/util/task/SwitchMinigameTask	56	57
	32	31
	35	34
	36	35
	39	38
	40	39
	41	40
	43	43
	12	12
	44	44
	45	45
	14	13
	46	46
	48	49
	49	50
	52	53
	21	19
	22	20
	23	21
	24	22
	56	57
	28	26
	29	28
	31	30
net/minecraft/client/renderer/state/gui/GuiTextRenderState	53	63
	32	41
	33	42
	34	43
	35	44
	36	45
	39	48
	40	49
	41	50
	42	51
	43	52
	44	53
	47	57
	52	62
	53	63
	26	35
	27	36
	28	37
	29	38
	30	39
	31	40
net/minecraft/client/gui/components/LockIconButton	57	61
	33	38
	34	39
	35	40
	36	41
	38	43
	41	46
	42	47
	45	50
	14	14
	46	51
	15	15
	47	52
	48	53
	49	54
	50	55
	19	22
	23	28
	56	60
	57	61
	27	32
	28	33
net/minecraft/client/model/animal/llama/BabyLlamaModel	67	55
	64	53
	67	55
	15	13
	16	14
	19	17
	20	18
	22	19
	23	21
	24	22
	25	24
	26	26
	27	28
	28	30
	30	32
	31	33
	32	33
	33	33
	35	35
	36	36
	37	36
	38	36
	40	38
	41	39
	42	39
	43	39
	45	41
	46	42
	47	42
	48	42
	50	44
	51	44
	52	44
	53	44
	56	45
	57	47
	58	47
	59	48
	61	50
	62	52
	63	52
net/minecraft/client/renderer/entity/PigRenderer	68	73
	32	35
	65	70
	66	71
	35	39
	67	72
	68	73
	38	43
	39	45
	40	47
	46	53
	47	57
	49	54
	50	55
	51	57
	55	60
	27	27
	28	28
	60	66
	29	29
	31	34
net/minecraft/client/gui/font/AtlasGlyphProvider	86	95
	68	78
	69	79
	70	80
	71	81
	73	82
	74	83
	75	84
	76	85
	77	86
	81	90
	22	21
	86	95
	33	29
	34	30
	35	31
	36	32
	38	33
	39	34
	40	35
	41	35
	43	35
	45	37
	48	40
	52	44
	55	48
	60	56
net/minecraft/client/resources/sounds/DirectionalSoundInstance	33	35
	32	34
	33	35
	15	17
	16	18
	17	19
	18	20
	19	21
	20	22
	23	25
	24	26
	25	27
	26	28
	27	29
	28	30
net/minecraft/client/model/object/boat/package-info	0	0
net/minecraft/client/model/monster/witch/WitchModel	108	90
	27	26
	28	27
	29	28
	30	29
	31	30
	32	31
	33	32
	36	35
	37	36
	39	37
	40	37
	41	37
	44	38
	45	39
	46	39
	47	39
	49	41
	50	43
	51	43
	52	44
	54	46
	55	48
	56	48
	57	49
	59	51
	60	53
	61	53
	62	54
	65	56
	66	57
	67	58
	68	58
	69	58
	72	60
	77	64
	79	65
	80	66
	82	67
	83	68
	85	69
	86	70
	87	71
	89	72
	90	73
	91	74
	93	76
	96	79
	101	84
	106	88
	107	89
	108	90
com/mojang/blaze3d/buffers/GpuBufferSlice	10	9
	7	5
	8	9
	10	6
net/minecraft/client/renderer/entity/layers/HumanoidArmorLayer	67	88
	67	88
	22	24
	23	25
	26	30
	27	31
	28	32
	29	33
	30	34
	33	37
	34	38
	38	42
	43	48
	44	49
	45	50
	46	51
	47	52
	50	62
	51	63
	52	81
	55	64
	57	65
	58	67
	59	68
	60	81
	63	84
net/minecraft/client/renderer/entity/layers/WolfArmorLayer	59	87
	35	40
	36	41
	37	42
	38	43
	42	53
	43	54
	44	55
	45	70
	48	56
	49	68
	50	70
	53	80
	54	81
	55	87
	57	82
	58	83
	59	87
	28	28
	29	30
	30	32
	31	34
net/minecraft/client/renderer/entity/layers/VillagerProfessionLayer	114	104
	65	60
	66	61
	68	62
	69	63
	71	64
	73	65
	75	66
	78	68
	79	69
	81	70
	82	71
	83	72
	84	73
	85	74
	86	77
	89	82
	92	85
	31	30
	32	31
	96	89
	33	32
	34	33
	35	34
	36	35
	100	95
	37	36
	101	96
	102	97
	105	98
	108	98
	110	100
	111	101
	48	47
	112	102
	49	48
	50	49
	114	104
	51	50
	52	51
	53	52
	57	57
	58	82
	61	58
	62	59
	63	82
net/minecraft/client/renderer/texture/AbstractTexture	43	46
	32	33
	36	38
	37	39
	39	41
	43	46
	14	14
	18	18
	19	19
	20	20
	22	23
	23	24
	24	25
	26	27
	29	30
	30	31
net/minecraft/client/renderer/fog/environment/WaterFogEnvironment	33	34
	16	16
	17	17
	33	34
	18	18
	19	19
	20	20
	22	23
	23	24
	24	25
	28	29
net/minecraft/client/player/KeyboardInput	37	36
	34	33
	35	34
	36	35
	37	36
	11	11
	12	12
	15	15
	16	16
	19	18
	24	24
	25	25
	26	26
	27	27
	28	28
	29	29
	30	30
	31	31
com/mojang/blaze3d/systems/BackendCreationException	6	6
	5	5
	6	6
net/minecraft/client/renderer/item/SpecialModelWrapper	103	109
	70	74
	71	76
	72	77
	73	78
	74	80
	78	85
	79	86
	83	90
	85	91
	86	92
	87	93
	89	96
	90	97
	94	101
	96	102
	33	33
	97	103
	34	34
	98	104
	36	35
	37	36
	38	37
	39	38
	103	109
	41	40
	42	41
	46	53
	47	54
	48	55
	49	56
	50	57
	51	58
	52	59
	55	62
	56	63
	57	64
	58	65
	59	66
	60	67
	62	70
	63	71
com/mojang/realmsclient/dto/ReflectionBasedSerialization	0	0
net/minecraft/client/gui/screens/inventory/BookViewScreen	292	308
	256	221
	257	222
	258	223
	259	224
	263	228
	267	232
	268	233
	271	236
	273	237
	274	243
	275	248
	276	273
	279	274
	281	277
	284	256
	288	284
	292	288
	43	40
	45	41
	49	293
	53	297
	54	297
	56	297
	60	301
	61	302
	62	303
	63	304
	65	307
	66	308
	67	308
	69	308
	73	42
	75	43
	100	62
	101	63
	104	66
	105	54
	108	70
	109	71
	110	72
	111	73
	114	76
	115	77
	116	78
	117	79
	118	80
	121	83
	122	84
	123	85
	124	86
	125	87
	126	88
	128	90
	132	95
	137	100
	138	101
	139	102
	143	106
	147	110
	151	115
	152	117
	155	120
	156	121
	158	122
	159	123
	161	124
	162	125
	165	128
	169	132
	170	133
	172	136
	173	137
	176	140
	177	141
	179	144
	180	145
	183	148
	184	149
	185	150
	189	154
	190	155
	193	158
	195	160
	196	161
	199	164
	200	165
	202	167
	208	173
	209	174
	210	175
	213	178
	214	179
	215	180
	216	181
	217	182
	220	185
	221	186
	223	187
	224	188
	227	191
	228	193
	229	194
	230	195
	232	197
	236	201
	237	202
	238	203
	241	206
	245	210
	249	214
	254	219
	255	220
net/minecraft/client/particle/SingleQuadParticle	148	190
	130	141
	134	169
	135	172
	136	174
	137	176
	138	178
	139	180
	142	184
	143	185
	144	186
	145	187
	146	188
	19	161
	148	190
	21	162
	36	27
	37	28
	38	29
	39	30
	42	35
	43	36
	44	37
	45	38
	48	41
	52	45
	53	46
	54	47
	55	48
	58	51
	59	52
	62	57
	64	58
	65	59
	66	60
	68	61
	69	62
	72	67
	73	84
	76	87
	81	92
	82	93
	87	98
	91	102
	92	103
	94	105
	97	108
	98	109
	101	112
	105	116
	109	120
	113	124
	119	130
	120	131
	121	132
	122	133
	125	136
	126	137
net/minecraft/client/quickplay/package-info	0	0
net/minecraft/client/renderer/block/LoadedBlockModels	43	52
	32	36
	33	37
	37	52
	38	44
	39	46
	41	48
	42	49
	43	50
	29	33
	30	34
	31	35
net/minecraft/client/gui/narration/ScreenNarrationCollector	78	79
	65	46
	66	47
	70	51
	71	52
	72	53
	73	54
	74	55
	11	11
	77	58
	78	59
	17	67
	18	68
	22	73
	23	75
	27	79
	32	15
	34	16
	35	17
	38	20
	39	21
	44	25
	45	26
	47	29
	48	30
	49	31
	52	33
	53	34
	54	35
	55	36
	57	38
	58	39
net/minecraft/client/gui/components/SubtitleOverlay	207	185
	33	30
	34	31
	37	34
	38	35
	39	36
	40	37
	41	38
	42	39
	43	40
	46	43
	47	114
	50	44
	51	45
	52	46
	53	47
	55	48
	56	50
	57	51
	58	52
	62	56
	63	114
	66	57
	67	58
	69	59
	71	60
	72	63
	73	64
	74	65
	75	66
	77	68
	81	72
	83	73
	84	74
	87	77
	88	78
	89	79
	91	80
	93	81
	97	82
	98	83
	99	84
	100	85
	102	86
	103	87
	104	88
	105	89
	106	90
	107	92
	109	94
	110	95
	111	96
	113	97
	115	98
	116	99
	117	100
	118	101
	119	102
	120	103
	123	107
	124	108
	125	109
	127	114
	131	118
	132	131
	134	119
	135	120
	136	121
	137	122
	138	123
	139	124
	144	129
	145	131
	155	142
	156	143
	157	144
	158	145
	161	148
	165	152
	166	153
	169	155
	170	156
	173	157
	174	157
	175	157
	179	162
	180	163
	181	164
	184	167
	185	168
	188	171
	189	172
	192	175
	194	176
	195	176
	198	176
	202	180
	203	181
	204	182
	207	185
net/minecraft/client/renderer/state/gui/pip/OversizedItemRenderState	27	26
	17	16
	22	21
	27	26
	12	11
net/minecraft/client/renderer/BiomeColors	31	31
	19	19
	23	23
	10	10
	11	11
	27	27
	12	12
	15	15
	31	31
net/minecraft/client/renderer/entity/FallingBlockRenderer	62	52
	16	16
	17	17
	18	18
	22	21
	23	21
	25	21
	30	27
	31	28
	32	35
	35	29
	36	30
	37	31
	38	32
	40	33
	41	35
	45	38
	50	42
	53	43
	54	44
	55	45
	56	46
	57	47
	58	48
	59	49
	60	50
	62	52
net/minecraft/client/NarratorStatus	48	46
	32	30
	36	34
	40	38
	10	10
	11	11
	12	12
	44	42
	13	13
	16	15
	48	46
	17	16
	23	21
	24	22
	25	23
	28	26
com/mojang/realmsclient/dto/RealmsSlot	52	46
	35	32
	51	45
	52	46
	39	36
	25	22
	26	23
	27	24
	28	25
	46	41
	31	28
	47	42
net/minecraft/client/gui/screens/inventory/tooltip/MenuTooltipPositioner	45	41
	32	29
	33	30
	35	31
	38	33
	40	36
	44	40
	45	41
	16	16
	17	17
	21	21
	23	22
	24	23
	27	26
	29	27
	31	28
net/minecraft/client/model/animal/fish/SalmonModel	89	70
	16	15
	17	16
	26	23
	27	24
	28	25
	31	28
	32	29
	34	30
	35	31
	36	32
	37	32
	38	32
	40	34
	41	35
	42	35
	43	35
	45	37
	46	37
	47	37
	48	37
	50	38
	51	39
	52	39
	53	39
	55	41
	56	42
	57	42
	58	42
	60	44
	61	45
	62	45
	63	45
	65	47
	66	49
	67	49
	68	50
	70	52
	71	54
	72	54
	73	55
	76	57
	81	61
	82	62
	83	63
	84	64
	85	65
	86	66
	88	69
	89	70
net/minecraft/client/model/geom/builders/MeshDefinition	28	27
	16	15
	17	16
	20	19
	24	23
	12	11
	28	27
	13	12
net/minecraft/client/gui/ComponentPath	47	47
	34	40
	35	41
	37	43
	39	46
	40	47
	9	9
	13	13
	14	13
	46	33
	47	34
	16	13
	20	17
	21	19
	22	20
	24	23
com/mojang/realmsclient/gui/package-info	0	0
net/minecraft/client/gui/screens/inventory/tooltip/package-info	0	0
net/minecraft/client/renderer/LevelEventHandler	542	599
	514	573
	516	574
	517	575
	518	576
	519	577
	520	578
	521	579
	522	580
	523	581
	526	584
	527	585
	528	586
	530	588
	533	591
	534	592
	535	593
	538	596
	539	596
	540	597
	542	599
	62	59
	63	60
	64	61
	67	64
	71	68
	72	69
	74	70
	76	71
	77	72
	78	73
	79	74
	80	75
	82	77
	87	81
	90	84
	91	85
	93	171
	94	172
	96	165
	97	166
	99	168
	100	169
	102	162
	103	163
	105	90
	106	91
	108	87
	109	88
	111	207
	112	208
	114	210
	115	211
	117	96
	118	97
	120	93
	121	94
	123	213
	124	214
	126	355
	127	356
	129	254
	130	255
	132	298
	133	299
	134	300
	136	301
	137	303
	138	304
	140	307
	141	308
	142	310
	148	267
	150	268
	151	270
	152	271
	155	277
	156	278
	157	279
	159	280
	160	282
	161	283
	162	284
	163	285
	164	286
	165	287
	167	288
	168	290
	169	292
	171	295
	172	296
	175	257
	176	258
	177	259
	178	260
	180	263
	181	264
	183	467
	184	468
	185	469
	187	472
	188	473
	190	315
	191	316
	192	317
	193	318
	195	319
	196	320
	200	478
	201	479
	203	481
	204	483
	205	484
	207	548
	208	550
	211	486
	212	488
	213	489
	215	530
	216	532
	217	533
	219	535
	220	544
	221	545
	222	546
	224	491
	225	493
	226	494
	228	508
	229	509
	231	496
	232	498
	233	500
	237	504
	238	505
	239	506
	241	511
	242	512
	243	513
	244	514
	245	515
	247	527
	248	528
	250	250
	251	251
	252	252
	254	358
	255	359
	257	361
	258	362
	260	475
	261	476
	263	375
	264	376
	266	378
	270	364
	271	365
	273	392
	274	393
	276	394
	277	395
	278	396
	279	397
	281	400
	282	401
	283	402
	284	403
	285	404
	286	404
	287	404
	289	406
	290	407
	291	408
	292	409
	293	411
	296	415
	297	416
	298	417
	299	418
	303	422
	304	423
	305	424
	306	425
	307	426
	308	428
	309	429
	310	430
	311	431
	312	433
	314	435
	321	446
	322	447
	324	450
	325	451
	327	452
	328	453
	332	382
	333	383
	334	384
	336	386
	337	387
	339	389
	340	390
	342	347
	343	348
	345	216
	346	217
	348	247
	349	248
	351	219
	352	221
	353	222
	357	226
	358	229
	359	230
	360	231
	361	232
	363	233
	367	237
	368	239
	369	240
	370	241
	371	242
	373	243
	378	324
	379	325
	380	326
	381	327
	382	328
	383	329
	385	330
	388	342
	389	343
	393	350
	394	351
	398	99
	399	100
	400	101
	401	102
	405	153
	406	154
	408	156
	409	157
	411	191
	412	192
	414	159
	415	160
	417	174
	418	175
	420	107
	421	108
	423	110
	424	111
	426	113
	427	114
	429	119
	430	120
	432	116
	433	117
	435	125
	436	127
	438	137
	439	138
	441	133
	442	135
	444	129
	445	131
	447	122
	448	123
	450	140
	451	141
	453	146
	454	147
	456	149
	457	151
	459	177
	460	179
	462	181
	463	183
	465	143
	466	144
	468	185
	469	186
	471	188
	472	189
	474	367
	475	368
	476	370
	478	372
	479	373
	481	194
	482	195
	484	197
	485	198
	487	200
	488	201
	490	203
	493	552
	496	555
	497	556
	498	557
	499	558
	501	560
	502	561
	503	562
	504	563
	505	564
	506	565
	507	566
	508	567
	509	568
	511	570
net/minecraft/client/gui/components/debugchart/BandwidthDebugChart	71	68
	33	30
	34	31
	67	64
	37	34
	38	35
	39	36
	71	68
	43	40
	47	44
	48	45
	50	47
	51	48
	21	18
	53	49
	22	19
	26	23
	58	55
	27	24
	28	25
	29	26
	30	27
	62	59
net/minecraft/client/resources/sounds/TickableSoundInstance	0	0
com/mojang/realmsclient/gui/screens/RealmsLongRunningMcoConnectTaskScreen	67	65
	65	63
	66	64
	67	65
	23	22
	24	23
	25	24
	26	25
	30	29
	31	30
	32	44
	35	31
	36	33
	37	35
	38	36
	39	39
	40	40
	42	41
	43	42
	44	44
	48	48
	50	49
	51	50
	53	51
	54	52
	55	53
	59	57
	60	58
	61	59
net/minecraft/client/resources/metadata/gui/package-info	0	0
net/minecraft/client/model/monster/slime/MagmaCubeModel	62	54
	19	18
	20	19
	21	20
	24	23
	28	27
	29	28
	31	30
	32	31
	33	32
	34	33
	35	34
	36	35
	37	36
	38	37
	40	40
	41	40
	42	40
	47	43
	48	43
	49	43
	52	44
	57	48
	58	49
	59	51
	60	52
	62	54
net/minecraft/client/gui/components/WidgetSprites	22	22
	16	16
	19	19
	20	20
	22	22
	7	7
	8	8
	11	11
	12	12
	15	15
net/minecraft/client/model/animal/wolf/BabyWolfModel	86	68
	17	14
	18	15
	21	18
	22	19
	24	20
	25	23
	26	25
	27	27
	29	29
	30	30
	31	30
	33	32
	34	33
	35	33
	36	33
	38	35
	39	35
	40	35
	41	35
	43	36
	44	37
	45	37
	46	37
	48	39
	49	40
	50	40
	51	40
	53	42
	54	43
	55	43
	56	43
	58	45
	59	46
	60	46
	61	46
	64	48
	65	48
	67	49
	68	51
	69	51
	70	52
	72	54
	77	59
	78	60
	79	61
	80	62
	84	66
	85	67
	86	68
net/minecraft/client/gui/spectator/categories/TeleportToTeamMenuCategory	127	123
	64	62
	68	66
	77	75
	78	76
	79	77
	80	78
	83	81
	84	83
	85	84
	88	85
	89	86
	26	25
	27	26
	28	27
	93	90
	94	91
	33	31
	97	94
	34	32
	98	95
	35	33
	38	36
	103	100
	104	101
	43	41
	108	105
	48	46
	113	110
	115	111
	116	112
	53	51
	117	113
	54	52
	118	114
	119	115
	58	56
	122	118
	123	119
	63	61
	127	123
net/minecraft/client/renderer/entity/state/ArmadilloRenderState	0	0
com/mojang/realmsclient/dto/WorldTemplatePaginatedList	60	47
	35	20
	39	24
	40	25
	41	26
	42	27
	44	30
	45	31
	46	32
	47	33
	48	34
	49	35
	21	13
	54	40
	55	41
	24	16
	56	42
	25	16
	57	43
	58	44
	60	47
	30	17
net/minecraft/client/CommandHistory	57	55
	33	30
	36	33
	37	34
	38	35
	40	38
	41	39
	43	41
	46	44
	47	45
	16	15
	48	46
	49	47
	51	49
	52	50
	54	52
	25	22
	57	55
	26	23
	27	24
	28	25
	29	26
	30	27
net/minecraft/client/quickplay/QuickPlayLog	117	115
	65	56
	66	57
	67	58
	71	61
	72	62
	73	64
	74	65
	76	67
	77	68
	78	69
	79	70
	81	72
	82	73
	83	78
	86	103
	87	104
	88	105
	25	24
	90	107
	28	27
	95	111
	32	31
	96	112
	35	33
	36	34
	100	115
	105	92
	106	94
	43	39
	107	95
	44	40
	108	96
	109	98
	47	43
	48	43
	113	81
	50	43
	114	83
	115	84
	116	85
	117	87
	54	47
	55	48
	58	51
	59	76
	60	78
	63	52
net/minecraft/client/renderer/block/model/BlockModel	0	0
net/minecraft/client/gui/screens/inventory/NautilusInventoryScreen	40	40
	16	16
	35	35
	20	20
	40	40
	25	25
	11	11
	12	12
	30	30
	15	15
net/minecraft/client/renderer/item/properties/numeric/CustomModelDataProperty	32	33
	16	15
	32	33
	20	20
	21	21
	22	22
	23	23
	24	24
	27	28
	14	14
	15	15
net/minecraft/client/gui/screens/inventory/JigsawBlockEditScreen	260	237
	257	234
	258	235
	260	237
	24	23
	25	24
	26	25
	27	26
	28	27
	29	28
	30	29
	31	30
	32	31
	53	47
	54	48
	55	49
	58	52
	59	53
	60	54
	63	57
	64	58
	67	63
	68	65
	69	66
	70	67
	71	68
	72	69
	74	71
	75	72
	77	75
	81	79
	82	80
	83	81
	88	86
	89	86
	93	87
	97	91
	98	92
	102	96
	103	97
	104	98
	105	99
	106	100
	108	101
	109	102
	110	103
	111	104
	112	105
	114	106
	115	107
	116	108
	117	109
	118	110
	120	111
	121	112
	122	113
	123	114
	125	115
	126	116
	127	117
	128	118
	129	119
	131	120
	132	121
	133	122
	134	123
	135	124
	137	125
	138	126
	139	129
	140	130
	142	132
	143	133
	144	134
	146	138
	148	137
	153	142
	154	143
	158	147
	159	148
	162	152
	164	154
	166	155
	167	156
	168	157
	170	159
	171	161
	172	162
	173	163
	177	167
	178	168
	181	171
	185	175
	186	175
	187	175
	188	176
	189	177
	190	178
	194	182
	199	187
	200	188
	201	189
	202	190
	203	191
	204	192
	205	193
	206	194
	208	195
	210	196
	211	197
	212	198
	213	199
	214	200
	215	201
	216	202
	217	203
	218	204
	219	205
	223	209
	224	210
	227	211
	228	212
	229	213
	232	215
	237	221
	239	222
	240	223
	242	224
	243	225
	245	226
	246	227
	248	228
	249	229
	251	230
	252	231
	254	232
	255	233
com/mojang/realmsclient/gui/screens/RealmsConfirmScreen	36	34
	32	31
	18	17
	34	32
	19	18
	35	33
	20	19
	36	34
	21	20
	22	21
	26	25
	27	26
	28	27
net/minecraft/client/renderer/block/dispatch/multipart/Condition	43	35
	33	31
	34	31
	35	31
	38	32
	39	33
	40	34
	41	35
	43	32
	16	17
	18	19
	20	20
	21	20
	22	22
	24	24
	25	25
	27	28
	28	29
	30	30
com/mojang/realmsclient/RealmsMainScreen	1276	1331
	1024	730
	1025	731
	1026	732
	1028	734
	1032	739
	1033	741
	1034	743
	1035	745
	1036	746
	1037	748
	1038	749
	1039	751
	1043	758
	1044	760
	1054	1085
	1055	1086
	1056	1087
	1058	1089
	1062	1093
	1063	1094
	1064	1095
	1065	1096
	1066	1097
	1067	1098
	1068	1107
	1072	1111
	1077	1187
	1087	1195
	1088	1196
	1089	1197
	1090	1198
	1091	1199
	1092	1200
	1094	1202
	1098	1206
	1099	1207
	1101	1208
	1102	1209
	1103	1231
	1107	1211
	1109	1212
	1110	1213
	1111	1214
	1113	1215
	1114	1216
	91	88
	1115	1219
	92	89
	1116	1220
	93	90
	94	91
	1118	1231
	95	92
	96	93
	97	94
	1121	1243
	98	95
	1122	1244
	99	96
	1123	1245
	1124	1246
	101	97
	1125	1247
	1126	1248
	103	98
	1127	1249
	105	99
	1129	1251
	106	100
	1130	1252
	107	101
	108	102
	1132	1254
	109	103
	110	104
	111	105
	1135	1257
	112	106
	1136	1259
	113	107
	1137	1260
	114	108
	1138	1261
	115	109
	1139	1262
	116	110
	1140	1263
	117	111
	118	112
	1142	1264
	119	113
	1143	1265
	120	114
	121	115
	122	116
	123	117
	1147	1269
	124	118
	1148	1270
	1149	1277
	1152	1281
	1156	1285
	1157	1286
	1158	1287
	136	128
	137	129
	1161	1290
	1162	1291
	1163	1292
	1164	1293
	1168	1297
	1169	1298
	1170	1299
	1171	1299
	1172	1300
	1175	1303
	1180	1308
	1181	1309
	1182	1310
	1183	1311
	1184	1314
	1185	1315
	1186	1316
	1189	1320
	1194	1325
	1195	1326
	1197	1327
	176	155
	177	156
	178	157
	1202	1331
	179	158
	183	162
	1207	672
	185	163
	187	164
	1211	676
	188	166
	190	168
	191	169
	1215	680
	192	170
	1216	681
	193	171
	1217	682
	194	180
	1218	683
	1220	684
	197	172
	1222	685
	199	173
	1223	686
	200	174
	201	175
	202	176
	1226	941
	203	177
	1227	941
	1228	942
	205	180
	1229	943
	1230	944
	207	181
	1231	945
	208	182
	1232	946
	209	183
	211	184
	212	185
	213	186
	215	187
	216	188
	217	191
	218	192
	219	193
	1243	954
	220	194
	1244	955
	223	198
	1247	958
	224	199
	226	200
	227	201
	1251	962
	228	202
	1252	963
	229	203
	231	205
	1256	967
	233	207
	1257	968
	234	208
	1258	969
	1260	971
	237	211
	1263	974
	1264	977
	242	216
	243	217
	244	218
	1268	770
	1269	770
	246	220
	1270	770
	250	224
	1274	774
	251	225
	1275	775
	1276	776
	254	228
	255	229
	257	231
	259	233
	262	236
	263	246
	265	237
	266	238
	268	241
	269	242
	270	243
	271	244
	272	246
	275	249
	276	250
	277	251
	279	252
	280	253
	281	254
	282	255
	284	256
	285	258
	286	261
	287	264
	290	267
	294	271
	296	272
	297	273
	298	274
	299	275
	301	276
	302	277
	304	278
	305	279
	306	280
	308	281
	312	285
	313	286
	315	287
	316	288
	317	289
	318	290
	319	291
	321	294
	322	295
	324	296
	328	300
	329	301
	331	302
	333	303
	335	310
	339	314
	340	315
	341	316
	342	317
	343	318
	344	319
	346	322
	347	323
	348	324
	349	325
	352	328
	356	332
	360	336
	365	341
	367	342
	368	343
	370	345
	373	348
	374	349
	377	352
	378	353
	381	356
	382	357
	384	359
	387	362
	389	363
	390	364
	391	365
	393	366
	395	367
	396	369
	397	370
	398	371
	401	375
	402	376
	403	377
	405	379
	407	380
	408	381
	409	382
	411	384
	412	385
	413	386
	414	387
	415	388
	416	389
	417	390
	423	395
	424	396
	426	398
	428	399
	429	400
	430	401
	431	402
	432	403
	434	405
	436	406
	438	407
	440	408
	441	409
	442	410
	443	411
	444	412
	446	413
	450	417
	451	419
	452	420
	453	421
	457	425
	458	426
	459	427
	460	428
	461	429
	463	431
	470	434
	471	435
	473	437
	474	438
	475	439
	477	441
	478	442
	479	443
	481	445
	484	448
	485	449
	486	450
	487	451
	491	455
	492	456
	493	457
	495	457
	499	460
	500	461
	501	462
	503	464
	504	465
	507	468
	509	470
	510	471
	511	472
	515	476
	519	480
	520	481
	521	482
	522	483
	523	484
	525	486
	527	488
	529	490
	532	493
	533	494
	535	496
	538	499
	539	500
	540	501
	541	501
	544	503
	547	506
	548	506
	550	506
	554	510
	558	514
	559	515
	560	516
	561	517
	562	518
	563	519
	565	521
	566	522
	568	523
	569	524
	572	527
	573	528
	574	529
	576	531
	577	532
	578	533
	579	534
	582	537
	583	538
	584	539
	588	543
	589	544
	590	545
	591	546
	597	552
	599	553
	600	554
	603	557
	604	558
	607	561
	608	563
	609	566
	611	568
	614	571
	615	572
	618	575
	619	576
	622	579
	623	580
	624	581
	625	582
	627	585
	629	587
	630	590
	631	593
	632	594
	635	599
	636	602
	637	603
	638	605
	639	605
	640	607
	642	611
	644	615
	645	618
	646	620
	647	620
	648	623
	649	624
	652	629
	653	631
	654	632
	655	633
	659	637
	662	642
	664	642
	665	642
	666	643
	667	644
	668	645
	669	645
	670	645
	672	646
	675	649
	676	650
	677	651
	678	652
	679	653
	680	654
	681	655
	682	656
	683	657
	687	1117
	688	1118
	692	1121
	693	1122
	694	1123
	698	1127
	702	1131
	703	1132
	705	1134
	706	1135
	707	1136
	708	1137
	710	1138
	714	1142
	715	1143
	718	1148
	719	1149
	720	1150
	721	1151
	722	1152
	723	1153
	725	1155
	728	1158
	729	1159
	732	1162
	734	1164
	735	1165
	738	1169
	740	1171
	742	1174
	743	1175
	744	1176
	747	1179
	751	660
	755	664
	756	664
	758	664
	763	668
	764	668
	766	668
	776	788
	777	789
	778	790
	779	791
	780	792
	781	793
	782	794
	783	795
	784	803
	785	804
	786	806
	787	807
	789	808
	792	812
	793	813
	795	815
	798	820
	799	821
	800	822
	802	824
	805	829
	806	830
	808	831
	809	832
	810	833
	811	834
	812	835
	814	837
	817	840
	818	841
	819	842
	821	843
	822	844
	823	845
	824	846
	825	847
	827	855
	828	856
	830	858
	833	861
	834	862
	835	863
	837	864
	838	865
	839	866
	840	867
	841	868
	843	870
	846	875
	847	884
	849	876
	850	877
	851	878
	852	879
	854	881
	856	884
	859	887
	863	891
	867	895
	868	896
	869	897
	870	898
	871	899
	872	900
	873	901
	875	904
	876	905
	877	906
	879	909
	883	913
	887	917
	891	921
	895	925
	899	929
	918	996
	919	997
	920	998
	921	999
	922	1000
	923	1001
	924	1006
	925	1007
	926	1010
	928	1016
	930	1019
	931	1022
	932	1023
	933	1024
	937	1028
	938	1029
	940	1031
	941	1031
	943	1031
	947	1036
	948	1037
	949	1038
	950	1039
	952	1041
	955	1044
	956	1045
	957	1046
	958	1047
	959	1048
	962	1051
	967	1056
	968	1057
	969	1058
	970	1059
	974	1063
	975	1064
	977	1066
	978	1066
	981	1066
	985	1071
	990	1076
	995	689
	1002	695
	1003	696
	1004	697
	1008	701
	1010	702
	1011	703
	1012	704
	1013	711
	1014	720
	1018	724
	1019	725
net/minecraft/client/gui/spectator/RootSpectatorMenuCategory	26	25
	16	15
	17	16
	21	20
	26	25
	11	10
	12	11
	15	14
net/minecraft/client/gui/screens/DisconnectedScreen	84	83
	65	65
	67	66
	68	67
	69	68
	70	69
	74	73
	75	74
	14	14
	15	15
	79	78
	16	16
	17	17
	84	83
	26	24
	27	25
	30	28
	31	29
	34	32
	35	33
	38	36
	39	37
	40	38
	41	39
	42	40
	46	44
	47	45
	48	46
	50	47
	51	48
	52	51
	55	53
	56	56
	57	57
	60	59
	61	60
	63	62
net/minecraft/client/model/animal/frog/package-info	0	0
net/minecraft/client/gui/screens/multiplayer/package-info	0	0
net/minecraft/client/gui/screens/worldselection/package-info	0	0
net/minecraft/client/renderer/entity/state/TextDisplayEntityRenderState	13	13
	13	13
net/minecraft/client/renderer/entity/state/ItemEntityRenderState	0	0
net/minecraft/client/renderer/blockentity/state/VaultRenderState	0	0
net/minecraft/client/renderer/entity/state/SquidRenderState	0	0
net/minecraft/client/gui/screens/recipebook/CraftingRecipeBookComponent	97	102
	64	60
	65	62
	67	68
	68	69
	69	70
	70	72
	71	74
	72	76
	73	77
	74	79
	75	80
	82	87
	20	21
	21	21
	22	22
	86	91
	23	23
	24	24
	27	26
	91	96
	29	28
	96	101
	97	102
	38	36
	39	37
	43	41
	47	45
	48	46
	50	48
	51	49
	52	49
	53	50
	54	50
	55	51
	61	57
	62	58
	63	59
net/minecraft/client/tutorial/OpenInventoryTutorialStep	52	45
	32	26
	33	26
	34	27
	35	28
	36	29
	39	32
	43	36
	12	10
	44	37
	13	11
	45	38
	47	40
	51	44
	20	17
	52	45
	21	18
	25	22
	27	23
	28	24
	29	32
net/minecraft/client/particle/SuspendedParticle	111	143
	67	84
	70	87
	73	90
	74	91
	75	92
	76	93
	15	13
	16	14
	18	15
	19	16
	20	17
	84	43
	85	44
	22	18
	23	19
	24	20
	89	57
	90	58
	27	25
	91	59
	28	26
	92	60
	93	61
	30	27
	94	62
	31	28
	32	29
	34	30
	35	31
	36	32
	102	125
	103	126
	40	36
	107	139
	108	140
	109	141
	110	142
	47	101
	111	143
	48	102
	52	115
	53	116
	54	117
	62	70
	63	71
net/minecraft/client/renderer/entity/EvokerFangsRenderer	55	46
	33	28
	34	29
	36	30
	37	31
	39	32
	40	33
	42	34
	43	36
	47	39
	16	15
	52	43
	21	19
	53	44
	54	45
	23	20
	55	46
	24	21
	28	26
	29	27
	30	36
com/mojang/realmsclient/dto/Ops	30	29
	18	15
	20	18
	21	19
	22	20
	23	21
	24	22
	27	25
	28	26
	30	29
	15	12
com/mojang/realmsclient/dto/ValueObject	31	32
	16	16
	20	21
	21	22
	22	23
	26	27
	11	10
	27	28
	12	12
	13	13
	15	15
	31	32
com/mojang/realmsclient/dto/GuardedSerializer	37	33
	33	29
	19	19
	37	33
	23	22
	24	22
	25	22
	26	22
	29	25
	14	14
net/minecraft/client/renderer/blockentity/state/EndGatewayRenderState	0	0
net/minecraft/client/model/animal/goat/BabyGoatModel	92	75
	19	15
	20	16
	23	19
	24	20
	26	21
	27	22
	28	22
	29	22
	31	24
	32	25
	33	25
	34	25
	36	27
	37	28
	38	28
	39	28
	41	30
	42	31
	43	31
	44	31
	46	33
	47	35
	48	35
	49	35
	50	36
	52	38
	53	40
	54	40
	55	41
	57	43
	58	45
	59	45
	60	46
	62	48
	63	50
	64	50
	65	51
	67	53
	68	55
	69	55
	70	56
	72	58
	73	60
	74	60
	75	61
	77	63
	78	64
	79	64
	80	64
	82	66
	87	71
	89	72
	90	73
	92	75
net/minecraft/client/renderer/block/dispatch/multipart/Selector	22	20
	16	12
	17	14
	18	14
	19	16
	22	20
com/mojang/blaze3d/opengl/GlDebug	184	186
	128	126
	129	127
	130	128
	132	131
	133	132
	134	133
	136	136
	137	137
	138	138
	139	139
	140	140
	141	141
	142	142
	144	145
	145	146
	146	147
	148	150
	149	151
	23	22
	151	153
	26	30
	30	34
	32	36
	34	38
	36	40
	164	166
	165	167
	38	42
	166	168
	167	169
	40	44
	168	170
	169	171
	42	46
	44	48
	172	174
	176	174
	49	53
	51	55
	53	57
	181	179
	182	182
	55	59
	183	184
	184	186
	57	61
	59	63
	61	65
	63	67
	65	69
	70	74
	72	78
	74	80
	76	82
	78	76
	80	84
	85	24
	89	89
	92	91
	93	92
	94	93
	95	96
	96	97
	97	98
	99	94
	103	102
	104	103
	107	106
	108	107
	109	109
	110	110
	112	113
	116	26
	117	27
	120	118
	121	119
	124	122
	125	123
	126	124
	127	125
net/minecraft/client/gui/screens/social/PlayerSocialManager	83	82
	67	67
	71	71
	72	72
	74	73
	75	74
	77	76
	80	79
	81	80
	83	82
	25	24
	26	25
	27	26
	30	29
	31	30
	34	33
	35	34
	38	37
	42	41
	46	45
	47	46
	48	47
	51	50
	52	51
	55	54
	56	55
	58	58
	59	59
	63	63
net/minecraft/client/renderer/feature/LeashFeatureRenderer	70	75
	64	69
	66	72
	68	73
	69	74
	70	75
	19	19
	20	20
	22	22
	25	25
	26	26
	27	27
	29	28
	32	29
	33	30
	36	31
	38	32
	40	34
	41	35
	43	38
	44	39
	46	41
	49	56
	50	57
	51	58
	52	59
	54	60
	55	61
	56	62
	57	63
	59	64
	61	66
	62	67
net/minecraft/client/renderer/entity/state/PigRenderState	8	8
	8	8
net/minecraft/client/resources/model/cuboid/ItemTransforms	70	74
	66	73
	67	74
	68	74
	70	74
	24	23
	27	35
	28	36
	29	37
	30	38
	31	39
	32	40
	33	41
	34	42
	35	43
	36	44
	37	45
	44	51
	46	52
	47	53
	48	54
	49	55
	51	58
	52	59
	53	60
	54	61
	56	64
	57	65
	58	66
	59	67
	60	68
	62	69
net/minecraft/client/renderer/texture/atlas/sources/SingleFile	42	39
	32	29
	33	30
	34	31
	36	33
	38	35
	42	39
	18	14
	20	15
	21	17
	22	17
	23	19
	26	23
	27	24
	31	28
net/minecraft/client/renderer/state/gui/pip/GuiBannerResultRenderState	17	35
	17	35
	12	30
	13	31
net/minecraft/client/waypoints/ClientWaypointManager	40	38
	33	29
	19	17
	20	18
	37	33
	38	36
	39	37
	24	21
	40	38
	25	22
	29	25
	30	26
net/minecraft/client/gui/screens/inventory/CyclingSlotBackground	59	57
	33	30
	34	31
	36	33
	39	36
	40	37
	41	47
	44	38
	45	39
	46	40
	47	41
	48	42
	50	45
	51	47
	54	52
	55	53
	24	21
	25	22
	58	56
	59	57
	28	25
	29	26
	30	27
net/minecraft/client/resources/language/LanguageInfo	24	19
	17	9
	18	11
	19	12
	20	13
	21	15
	24	19
net/minecraft/client/data/models/ItemModelOutput	10	10
	9	9
	10	10
net/minecraft/client/gui/screens/debug/GameModeSwitcherScreen	249	236
	29	27
	30	28
	32	155
	33	156
	34	157
	35	158
	37	160
	46	168
	47	169
	48	170
	49	171
	52	174
	53	175
	56	178
	57	179
	58	180
	59	181
	60	182
	65	187
	66	188
	67	189
	68	190
	69	191
	74	29
	82	36
	91	42
	94	45
	96	46
	97	47
	98	48
	101	51
	102	52
	103	53
	104	54
	106	56
	111	62
	113	63
	114	64
	116	66
	117	67
	118	68
	120	70
	125	74
	128	76
	129	78
	131	79
	132	80
	133	81
	135	82
	138	85
	140	87
	141	88
	143	89
	145	90
	146	91
	149	94
	153	98
	154	99
	155	100
	156	101
	159	104
	160	105
	163	108
	164	114
	167	109
	169	110
	170	111
	172	114
	176	118
	177	119
	178	120
	179	121
	182	123
	187	129
	188	130
	189	131
	190	132
	193	134
	198	140
	199	141
	200	142
	201	143
	203	145
	208	151
	216	202
	217	203
	218	204
	222	208
	223	209
	224	210
	226	213
	227	214
	231	218
	232	219
	236	223
	240	227
	241	228
	244	231
	245	232
	248	235
	249	236
net/minecraft/client/gui/screens/recipebook/RecipeBookPage	231	216
	29	27
	30	27
	31	27
	33	30
	34	30
	35	30
	37	32
	38	33
	66	52
	67	53
	69	55
	70	56
	72	58
	75	61
	76	62
	78	64
	79	65
	85	68
	86	69
	87	70
	88	71
	89	72
	92	75
	93	76
	94	77
	96	78
	97	79
	100	82
	101	83
	104	86
	105	87
	106	89
	107	90
	109	91
	110	92
	112	93
	114	94
	116	96
	120	100
	121	101
	124	104
	125	105
	127	108
	128	109
	130	111
	133	114
	134	115
	135	116
	136	117
	139	120
	140	122
	141	123
	142	124
	143	125
	147	129
	148	130
	150	133
	151	134
	154	137
	155	138
	156	139
	159	142
	160	143
	161	144
	162	145
	164	147
	167	150
	171	154
	175	158
	176	159
	179	162
	180	163
	182	164
	183	165
	184	166
	185	167
	187	169
	190	172
	193	174
	194	175
	195	176
	196	177
	197	180
	198	181
	199	182
	200	183
	203	186
	204	188
	205	189
	206	190
	207	191
	208	192
	209	193
	210	193
	211	194
	214	198
	218	202
	222	207
	223	208
	226	211
	230	215
	231	216
net/minecraft/client/resources/model/ResolvableModel	0	0
net/minecraft/client/renderer/entity/SalmonRenderer	72	65
	66	58
	67	59
	68	60
	69	61
	71	64
	72	65
	15	15
	22	21
	23	22
	24	23
	25	24
	26	25
	30	28
	31	29
	32	30
	36	33
	41	37
	46	41
	48	42
	49	43
	50	44
	51	45
	52	46
	55	49
	56	50
	58	51
	59	52
	60	53
	62	55
net/minecraft/client/telemetry/events/WorldLoadEvent	68	66
	64	62
	67	65
	68	66
	21	19
	22	20
	25	23
	26	24
	28	27
	29	28
	32	31
	33	32
	34	33
	36	35
	37	35
	39	35
	43	40
	44	50
	46	41
	47	42
	48	43
	49	44
	50	45
	52	47
	53	48
	58	55
	59	56
	60	57
	61	58
	62	59
net/minecraft/client/model/animal/equine/EquineSaddleModel	85	65
	65	49
	66	50
	67	50
	70	52
	71	53
	72	53
	76	55
	81	60
	82	62
	83	63
	85	65
	26	23
	27	24
	28	25
	29	26
	30	27
	33	30
	34	31
	35	32
	37	33
	39	34
	40	35
	41	35
	45	37
	46	37
	47	37
	50	38
	51	38
	52	38
	55	39
	56	41
	57	41
	58	42
	60	44
	61	46
	62	46
	63	47
net/minecraft/client/renderer/special/SkullSpecialRenderer	72	77
	67	43
	68	44
	69	45
	70	46
	71	47
	72	48
	25	24
	26	25
	27	26
	28	27
	31	51
	32	53
	33	54
	34	55
	35	57
	38	61
	39	62
	43	66
	48	70
	49	71
	51	72
	52	73
	55	76
	56	77
	62	38
	63	39
net/minecraft/client/gui/screens/NoticeWithLinkScreen	112	80
	65	52
	66	53
	67	54
	68	54
	70	54
	72	54
	73	54
	75	55
	76	56
	78	56
	80	57
	17	16
	81	58
	18	18
	83	60
	20	20
	84	60
	21	22
	86	60
	88	60
	89	60
	92	61
	29	30
	30	31
	94	62
	31	32
	95	63
	32	33
	96	64
	33	34
	36	37
	100	68
	101	69
	102	70
	106	74
	45	41
	111	79
	112	80
	55	46
	57	47
	58	48
	60	49
	61	50
	63	51
net/minecraft/client/particle/DustParticle	28	46
	16	25
	17	26
	23	32
	24	33
	10	20
	12	21
	28	46
	13	22
	14	23
	15	24
net/minecraft/client/renderer/WorldBorderRenderer	188	193
	35	34
	37	35
	46	43
	50	44
	54	55
	55	56
	56	57
	57	58
	58	59
	60	60
	61	61
	62	62
	63	63
	65	64
	66	65
	67	66
	68	67
	70	68
	72	69
	73	70
	74	71
	75	72
	77	73
	78	74
	79	75
	80	76
	82	77
	83	78
	84	79
	85	80
	87	81
	88	82
	89	83
	90	84
	92	86
	93	87
	96	90
	97	91
	98	92
	99	93
	100	94
	101	95
	102	96
	104	98
	107	103
	108	104
	109	105
	110	106
	111	108
	113	122
	114	124
	117	117
	118	118
	119	119
	120	120
	121	124
	124	127
	125	186
	127	128
	128	129
	129	130
	131	131
	132	132
	133	133
	135	134
	137	135
	138	136
	140	137
	141	138
	144	141
	145	142
	147	143
	149	144
	150	145
	153	148
	154	149
	155	150
	157	152
	158	153
	161	156
	162	157
	163	167
	164	168
	165	169
	166	170
	167	171
	168	172
	169	173
	171	174
	172	176
	173	177
	174	178
	175	179
	179	183
	181	186
	184	189
	185	190
	188	193
net/minecraft/client/model/object/bell/package-info	0	0
net/minecraft/client/renderer/debug/HeightMapRenderer	63	68
	27	26
	28	27
	32	33
	34	34
	36	36
	37	37
	38	38
	39	40
	40	41
	41	42
	42	43
	43	45
	44	46
	45	47
	46	48
	47	49
	48	51
	54	59
	57	62
	58	63
	59	64
	60	65
	61	66
	62	67
	63	68
com/mojang/blaze3d/opengl/GlRenderPipeline	9	9
	9	9
net/minecraft/client/renderer/entity/layers/CustomHeadLayer	88	88
	64	62
	65	63
	67	66
	68	68
	71	71
	72	72
	73	73
	74	74
	78	78
	82	82
	83	83
	84	84
	85	85
	88	88
	31	30
	32	31
	35	39
	36	40
	37	41
	38	42
	39	43
	43	48
	44	68
	47	49
	48	50
	50	51
	51	52
	52	53
	54	54
	55	55
	56	56
	58	57
	59	58
	60	59
	62	60
net/minecraft/client/renderer/entity/state/ArrowRenderState	0	0
net/minecraft/client/renderer/LevelTargetBundle	80	80
	11	10
	12	11
	13	12
	14	13
	15	14
	16	15
	17	16
	19	17
	20	18
	21	20
	23	22
	33	32
	34	33
	35	34
	36	35
	37	36
	38	37
	39	38
	40	39
	41	40
	42	41
	43	42
	44	43
	45	45
	46	49
	48	46
	50	51
	54	55
	55	56
	56	57
	57	58
	58	59
	59	60
	60	61
	61	62
	62	63
	63	64
	64	65
	65	66
	66	68
	67	68
	69	68
	73	73
	74	74
	75	75
	76	76
	77	77
	78	78
	79	79
	80	80
net/minecraft/client/renderer/state/gui/BlitRenderState	26	56
	18	46
	19	47
	20	48
	21	49
	22	50
	25	55
	26	56
	13	41
	14	42
com/mojang/realmsclient/dto/WorldTemplate	40	38
	32	31
	33	32
	34	33
	35	34
	37	36
	38	37
	40	38
	21	20
	25	24
	26	25
	27	26
	28	27
	29	28
	30	29
	31	30
net/minecraft/client/renderer/entity/SquidRenderer	44	40
	32	29
	33	30
	34	31
	35	32
	39	35
	40	36
	41	37
	42	38
	43	39
	12	12
	44	40
	13	13
	16	16
	17	17
	21	20
	26	24
	31	28
net/minecraft/client/multiplayer/chat/ChatLog	62	66
	34	36
	35	38
	36	39
	38	42
	42	46
	43	47
	12	14
	13	17
	14	18
	46	50
	15	19
	17	20
	50	54
	54	58
	25	27
	26	28
	58	62
	29	31
	30	32
	62	66
	31	33
net/minecraft/client/resources/package-info	0	0
com/mojang/realmsclient/gui/screens/RealmsPopups	44	41
	33	33
	34	34
	35	35
	36	36
	37	37
	41	41
	42	41
	43	41
	44	41
	13	11
	14	12
	17	17
	18	18
	19	19
	20	20
	21	21
	25	25
	26	26
	27	27
	28	28
	29	29
net/minecraft/client/gui/screens/inventory/tooltip/DefaultTooltipPositioner	31	28
	16	15
	17	16
	22	20
	23	21
	11	10
	27	24
	28	25
	29	26
	15	14
	31	28
net/minecraft/client/renderer/special/package-info	0	0
net/minecraft/client/renderer/texture/SkinTextureDownloader	169	162
	128	118
	129	119
	130	120
	131	121
	132	122
	135	125
	137	126
	138	127
	140	130
	141	131
	143	132
	147	140
	148	141
	149	142
	150	143
	151	144
	24	24
	156	149
	157	150
	158	151
	161	154
	34	33
	35	34
	36	35
	164	157
	37	36
	165	158
	166	159
	40	39
	41	40
	169	162
	44	43
	45	44
	46	45
	48	48
	49	49
	50	49
	54	53
	55	54
	56	56
	57	57
	61	60
	62	61
	63	62
	65	65
	66	66
	67	67
	68	68
	70	69
	71	70
	72	71
	76	74
	79	77
	80	78
	81	79
	82	80
	85	83
	87	85
	88	86
	94	97
	95	94
	96	95
	97	96
	102	101
	103	102
	104	103
	105	134
	106	135
	109	104
	110	105
	111	106
	112	107
	113	108
	114	109
	116	110
	119	111
	120	112
	121	113
	122	114
	123	115
	124	116
	127	117
net/minecraft/client/multiplayer/chat/report/ReportType	17	17
	17	17
	6	6
	7	7
	8	8
	13	13
	14	14
net/minecraft/client/gui/screens/LevelLoadingScreen	194	188
	130	135
	131	136
	132	137
	133	138
	134	139
	135	140
	138	143
	142	147
	144	161
	145	162
	146	163
	149	149
	150	150
	152	152
	153	153
	154	154
	155	156
	156	158
	29	28
	30	29
	159	165
	162	168
	163	169
	165	172
	166	177
	171	182
	172	183
	45	54
	173	184
	46	55
	47	56
	48	57
	177	188
	51	60
	180	37
	52	61
	181	38
	53	62
	182	39
	183	40
	184	41
	185	42
	57	66
	186	43
	187	44
	188	45
	189	46
	190	47
	62	71
	191	48
	192	49
	193	50
	194	51
	67	76
	68	77
	70	79
	74	83
	75	84
	76	85
	77	86
	79	88
	83	92
	85	93
	86	94
	87	95
	88	96
	91	99
	92	100
	94	101
	96	103
	97	104
	98	105
	99	106
	101	108
	104	111
	106	112
	107	113
	109	115
	112	118
	113	119
	114	120
	117	125
	119	126
	120	127
	122	128
	123	129
	125	130
	126	131
	127	132
net/minecraft/client/renderer/SpriteMapper	15	12
	11	8
	15	12
com/mojang/blaze3d/opengl/GlBackend	48	48
	33	33
	34	34
	35	35
	36	36
	37	37
	39	39
	42	42
	48	48
	18	18
	23	23
	24	24
	25	25
	26	26
	27	27
	28	28
	29	29
net/minecraft/client/renderer/block/dispatch/BlockStateModelPart	0	0
net/minecraft/client/renderer/texture/TextureManager	184	182
	131	126
	132	127
	133	128
	134	129
	135	130
	137	132
	139	133
	140	134
	141	135
	142	136
	143	138
	144	139
	146	141
	151	146
	152	147
	153	148
	154	149
	29	30
	157	152
	158	153
	31	31
	160	155
	161	156
	162	157
	165	160
	166	161
	40	37
	42	38
	170	165
	43	39
	171	166
	44	40
	172	167
	173	168
	175	171
	48	44
	49	45
	50	46
	51	47
	52	48
	180	178
	53	49
	54	50
	182	180
	183	181
	184	182
	57	53
	58	54
	62	58
	63	59
	65	60
	66	61
	72	66
	73	67
	76	70
	77	71
	78	72
	79	73
	81	76
	82	77
	85	80
	89	83
	91	86
	92	87
	93	88
	95	90
	98	93
	99	94
	100	95
	104	98
	105	99
	106	100
	110	104
	111	105
	113	107
	116	110
	117	111
	118	112
	120	114
	124	118
	125	119
	126	120
	127	121
net/minecraft/client/renderer/chunk/ChunkSectionLayerGroup	35	34
	32	31
	17	15
	33	32
	18	16
	19	17
	35	34
	22	20
	9	8
	10	9
	26	24
	30	28
	31	30
net/minecraft/client/gui/screens/CreateFlatWorldScreen	272	265
	261	172
	262	173
	266	177
	267	178
	268	185
	272	189
	30	28
	31	29
	50	46
	51	47
	52	48
	53	49
	54	50
	57	53
	61	57
	62	58
	63	59
	64	60
	66	62
	70	66
	72	67
	74	68
	75	69
	76	70
	77	71
	79	72
	80	73
	81	74
	83	76
	85	77
	86	78
	87	79
	88	80
	89	81
	91	82
	92	83
	93	84
	94	85
	95	86
	97	87
	98	88
	99	89
	100	90
	102	91
	103	92
	105	93
	106	94
	107	95
	111	99
	112	100
	114	103
	115	104
	118	107
	119	108
	121	110
	124	113
	129	118
	130	119
	133	122
	134	123
	137	126
	139	127
	140	128
	143	131
	144	132
	145	134
	146	135
	148	137
	152	140
	153	141
	154	142
	157	145
	158	146
	159	147
	161	148
	162	149
	163	150
	165	152
	168	155
	169	156
	170	157
	171	158
	172	159
	173	160
	174	161
	175	162
	176	163
	186	200
	187	201
	188	202
	192	206
	194	207
	195	208
	197	209
	198	210
	201	212
	202	213
	203	214
	204	215
	206	217
	209	220
	210	221
	213	224
	214	225
	215	226
	216	227
	217	228
	218	229
	221	233
	226	238
	227	239
	228	240
	229	242
	231	244
	234	247
	240	252
	241	253
	245	257
	247	258
	248	259
	250	261
	253	264
	254	265
net/minecraft/client/renderer/entity/LlamaRenderer	54	60
	33	42
	34	43
	38	46
	39	47
	44	51
	16	16
	17	18
	49	55
	18	20
	50	56
	19	22
	51	57
	20	24
	52	58
	53	59
	54	60
	23	28
	24	30
	25	32
	26	34
	27	36
	31	41
net/minecraft/client/multiplayer/chat/GuiMessageTag	64	61
	64	61
	35	33
	39	37
	40	38
	41	39
	12	12
	13	13
	45	43
	14	14
	15	15
	16	16
	49	47
	21	19
	22	20
	23	21
	24	22
	57	54
	58	55
	27	25
	59	56
	60	57
	31	29
	63	60
net/minecraft/client/renderer/item/properties/select/package-info	0	0
net/minecraft/client/renderer/entity/FrogRenderer	33	31
	16	16
	32	30
	33	31
	21	20
	26	24
	11	12
	27	25
	12	13
	28	26
	29	27
	30	28
	31	29
com/mojang/realmsclient/dto/RealmsNews	25	23
	17	14
	19	17
	20	18
	21	19
	22	20
	25	23
	14	11
net/minecraft/client/model/animal/golem/IronGolemModel	102	88
	23	22
	24	23
	25	24
	26	25
	27	26
	28	27
	29	28
	32	31
	33	32
	35	33
	36	35
	37	35
	38	35
	39	36
	41	38
	42	40
	43	41
	44	43
	45	45
	47	47
	48	48
	49	48
	50	48
	52	50
	53	50
	54	50
	55	50
	57	51
	58	52
	59	52
	60	52
	62	54
	63	55
	64	55
	65	55
	68	57
	73	61
	75	62
	76	63
	77	64
	78	65
	79	66
	80	67
	82	69
	83	70
	84	71
	85	72
	87	74
	88	75
	92	79
	93	80
	95	81
	96	82
	97	83
	98	84
	99	85
	102	88
net/minecraft/client/model/object/skull/PiglinHeadModel	38	33
	32	28
	33	29
	35	30
	36	31
	37	32
	38	33
	16	14
	17	15
	18	16
	19	17
	20	18
	23	21
	24	22
	26	23
	31	27
net/minecraft/client/model/animal/turtle/package-info	0	0
net/minecraft/client/renderer/blockentity/BlockEntityRenderers	58	67
	13	16
	16	40
	17	41
	18	42
	19	43
	20	44
	21	45
	22	46
	23	47
	24	48
	25	49
	26	50
	27	51
	28	52
	29	53
	30	54
	31	55
	32	56
	33	57
	34	58
	35	59
	36	60
	37	61
	38	62
	39	63
	40	64
	41	65
	42	66
	43	67
	46	24
	47	25
	50	28
	51	29
	53	31
	54	32
	55	33
	57	35
	58	36
net/minecraft/client/renderer/item/properties/numeric/CompassAngle	29	28
	16	15
	19	18
	20	19
	24	23
	10	10
	29	28
	15	14
net/minecraft/client/particle/DustPlumeParticle	35	54
	35	54
	12	22
	13	23
	14	24
	15	25
	16	26
	17	27
	21	31
	22	32
	23	33
	24	34
	30	40
	31	41
net/minecraft/client/ScrollWheelHandler	43	44
	33	32
	34	33
	35	34
	37	36
	38	37
	40	40
	41	41
	11	10
	43	44
	12	11
	14	14
	15	15
	17	18
	18	19
	20	20
	21	21
	22	22
	23	23
	26	26
	27	27
	29	28
net/minecraft/client/renderer/blockentity/BlockEntityRendererProvider	28	30
	28	30
net/minecraft/client/model/player/PlayerEarsModel	33	23
	33	23
	14	13
	15	14
	18	17
	20	18
	21	19
	23	20
	24	20
	25	20
	26	21
	27	21
	29	22
	30	22
net/minecraft/client/renderer/entity/layers/CatCollarLayer	38	42
	32	42
	34	37
	35	38
	36	39
	37	40
	38	42
	16	16
	17	17
	23	22
	24	23
	25	24
	26	25
	30	35
	31	36
net/minecraft/client/gui/screens/reporting/ReportReasonSelectionScreen	194	187
	128	118
	132	122
	137	127
	138	128
	142	133
	143	140
	144	141
	145	142
	148	145
	151	148
	152	148
	153	148
	26	23
	154	148
	27	24
	28	25
	159	153
	164	157
	165	158
	166	159
	172	165
	173	166
	46	39
	47	40
	48	41
	49	42
	177	170
	50	43
	178	171
	51	44
	179	172
	180	173
	55	48
	56	49
	184	177
	57	50
	58	52
	59	54
	60	55
	189	182
	62	56
	190	183
	63	57
	64	58
	65	59
	66	60
	194	187
	67	61
	69	64
	70	65
	72	66
	73	67
	74	68
	78	72
	79	73
	80	74
	82	76
	86	80
	88	81
	89	82
	90	83
	92	84
	93	85
	94	86
	95	87
	96	88
	97	89
	99	90
	100	91
	102	92
	103	93
	105	95
	108	98
	112	102
	116	106
	120	110
	124	114
net/minecraft/client/multiplayer/LevelLoadTracker	146	128
	64	59
	68	62
	69	63
	133	109
	70	64
	74	67
	138	113
	75	68
	139	114
	140	115
	142	117
	79	71
	143	118
	80	72
	144	120
	146	119
	20	20
	84	75
	21	21
	85	76
	87	78
	90	81
	94	85
	34	30
	98	89
	35	31
	38	34
	39	35
	103	97
	42	38
	43	39
	107	101
	46	42
	47	43
	50	46
	51	47
	53	49
	56	52
	120	128
	57	52
	61	56
	62	57
net/minecraft/client/renderer/entity/layers/DolphinCarryingItemLayer	39	40
	33	34
	36	37
	38	38
	39	40
	15	14
	16	15
	20	25
	21	26
	22	40
	25	27
	27	28
	28	29
	29	30
	30	31
	31	32
net/minecraft/client/data/models/MultiVariant	28	27
	16	15
	18	17
	21	20
	25	24
	26	25
	27	26
	28	27
	15	14
net/minecraft/client/model/geom/PartPose	44	34
	17	7
	33	25
	21	11
	37	29
	38	29
	40	29
	25	17
	44	34
	29	21
	14	4
net/minecraft/client/telemetry/WorldSessionTelemetryManager	79	76
	65	62
	66	63
	67	64
	68	65
	71	68
	72	69
	73	70
	74	71
	75	72
	76	73
	77	74
	79	76
	27	26
	28	27
	29	28
	31	29
	32	30
	33	31
	34	32
	35	33
	38	36
	39	37
	42	40
	43	41
	44	42
	45	43
	48	46
	49	47
	50	48
	53	51
	54	52
	57	55
	58	56
	59	57
	61	59
net/minecraft/client/renderer/entity/HumanoidMobRenderer	98	99
	25	25
	26	26
	29	29
	30	30
	33	35
	35	36
	36	37
	37	38
	38	39
	41	42
	42	43
	43	44
	44	45
	46	47
	47	47
	49	47
	54	52
	55	53
	56	54
	57	55
	58	56
	61	61
	63	62
	64	63
	65	64
	66	65
	67	66
	68	67
	69	68
	70	69
	71	70
	73	73
	74	74
	76	77
	77	78
	78	79
	79	80
	80	81
	81	82
	82	83
	83	84
	84	85
	85	86
	86	87
	87	88
	88	89
	89	90
	92	93
	93	94
	97	98
	98	99
net/minecraft/client/gui/screens/AlertScreen	63	57
	32	29
	33	30
	37	34
	42	39
	44	40
	46	41
	47	42
	48	43
	50	44
	51	45
	55	49
	24	21
	56	50
	25	22
	57	51
	58	52
	59	53
	28	25
	29	26
	30	27
	31	28
	63	57
net/minecraft/client/gui/layouts/SpacerElement	65	63
	65	63
	34	33
	35	34
	39	38
	40	39
	44	43
	14	13
	15	14
	49	48
	18	17
	19	18
	20	19
	21	20
	22	21
	54	53
	25	24
	59	58
	29	28
net/minecraft/client/renderer/item/properties/numeric/RangeSelectItemModelProperty	0	0
com/mojang/blaze3d/platform/TextureUtil	237	226
	27	24
	33	27
	37	30
	38	31
	39	31
	41	31
	46	35
	48	38
	49	39
	50	40
	53	44
	54	45
	55	46
	56	47
	57	48
	62	53
	63	54
	64	56
	65	57
	67	60
	68	61
	70	64
	71	65
	72	66
	73	67
	74	68
	75	70
	77	72
	78	73
	81	76
	82	77
	84	79
	85	80
	87	82
	88	84
	89	85
	90	86
	91	88
	92	89
	93	90
	94	91
	95	92
	98	96
	99	97
	100	98
	101	99
	102	100
	104	103
	107	107
	108	108
	110	109
	111	110
	112	112
	113	113
	114	114
	115	115
	117	117
	118	118
	120	120
	124	123
	128	127
	132	131
	133	132
	136	133
	137	134
	138	135
	141	136
	144	138
	145	139
	146	140
	147	141
	148	142
	149	143
	150	144
	151	145
	157	150
	158	151
	159	152
	160	153
	161	155
	162	156
	163	157
	164	158
	165	159
	166	159
	167	160
	168	161
	169	162
	176	167
	177	168
	178	169
	179	170
	181	171
	183	173
	187	177
	190	180
	191	181
	193	182
	194	183
	196	185
	197	186
	198	187
	199	188
	200	189
	201	190
	202	191
	203	192
	204	193
	205	194
	206	195
	207	196
	213	202
	214	203
	215	204
	216	205
	218	207
	219	208
	220	209
	221	210
	222	211
	226	215
	229	218
	233	222
	237	226
net/minecraft/client/model/geom/builders/package-info	0	0
net/minecraft/client/renderer/culling/Frustum	134	135
	130	131
	134	135
	20	20
	21	21
	24	24
	25	25
	28	28
	29	29
	30	30
	31	31
	32	32
	33	33
	34	34
	37	37
	38	38
	39	39
	40	40
	44	44
	45	45
	46	46
	47	47
	48	48
	49	50
	50	51
	58	63
	59	64
	60	61
	62	67
	66	71
	67	72
	68	73
	69	74
	72	77
	74	78
	75	79
	76	80
	79	83
	80	84
	84	88
	88	92
	89	93
	90	94
	91	95
	92	96
	93	97
	94	98
	98	102
	102	106
	105	107
	106	108
	107	109
	108	110
	111	111
	112	112
	113	113
	114	114
	116	116
	117	118
	118	119
	119	120
	122	123
	126	127
net/minecraft/client/gui/screens/worldselection/WorldCreationContextMapper	0	0
com/mojang/blaze3d/opengl/GlConst	393	310
	257	181
	258	182
	259	183
	260	184
	261	185
	262	186
	263	187
	264	188
	265	189
	266	190
	267	191
	268	192
	269	193
	270	194
	271	195
	272	196
	277	201
	278	202
	279	203
	280	204
	281	205
	282	206
	283	207
	284	208
	285	209
	290	214
	291	215
	292	216
	297	221
	298	222
	299	223
	300	224
	301	225
	306	230
	307	231
	308	232
	313	237
	314	238
	315	239
	316	240
	317	241
	318	242
	319	243
	320	244
	325	249
	326	250
	327	251
	328	252
	329	253
	334	258
	335	259
	336	260
	337	261
	338	262
	343	267
	344	268
	345	269
	346	270
	347	271
	352	276
	353	277
	354	278
	359	283
	360	284
	361	285
	363	288
	364	289
	366	292
	368	293
	370	296
	371	297
	373	300
	379	304
	380	305
	381	306
	382	306
	384	306
	386	307
	387	308
	388	308
	390	308
	393	310
	164	105
	218	142
	219	143
	220	144
	221	145
	222	146
	223	147
	224	148
	225	149
	226	150
	231	155
	232	156
	233	157
	238	162
	239	163
	240	164
	241	165
	242	166
	243	167
	244	168
	245	169
	246	170
	247	171
	248	172
	249	173
	250	174
	251	175
	252	176
net/minecraft/client/renderer/block/model/properties/conditional/ConditionalBlockModelProperty	0	0
net/minecraft/client/renderer/block/FluidModel	45	32
	32	28
	33	28
	25	20
	26	21
	42	32
	27	22
	43	32
	28	23
	29	24
	45	32
	30	25
net/minecraft/client/color/item/TeamColor	37	36
	32	31
	17	15
	18	16
	19	16
	37	36
	23	21
	24	22
	25	23
	26	24
	27	25
	28	26
net/minecraft/client/renderer/entity/GhastRenderer	34	28
	32	26
	33	27
	34	28
	19	18
	20	18
	22	18
	10	10
	11	11
	27	22
	14	14
	15	15
net/minecraft/client/model/object/projectile/package-info	0	0
net/minecraft/client/data/models/BlockModelGenerators	4518	4837
	4096	4140
	4097	4141
	4098	4142
	4100	4143
	4102	4144
	4103	4145
	4104	4146
	4107	4147
	4108	4148
	4109	4149
	4110	4150
	4111	4151
	4112	4152
	4113	4153
	4114	4154
	4116	4155
	4118	4156
	4120	4157
	4122	4158
	4124	4159
	4126	4160
	4127	4161
	4128	4162
	4129	4163
	4130	4164
	4131	4165
	4132	4166
	4133	4167
	4134	4168
	4135	4169
	4136	4170
	4137	4171
	4138	4172
	4139	4173
	4140	4174
	4141	4175
	4142	4176
	4144	4177
	4146	4178
	4147	4179
	4149	4180
	4150	4181
	4152	4182
	4153	4183
	4155	4184
	4156	4185
	4157	4186
	4158	4187
	4159	4188
	4160	4189
	4161	4190
	4162	4191
	4163	4192
	4164	4193
	4165	4194
	4166	4195
	4167	4196
	4168	4197
	4169	4198
	4170	4199
	4171	4200
	4172	4201
	4174	4202
	4193	4221
	4194	4222
	4195	4223
	4196	4224
	4197	4225
	4198	4226
	4199	4227
	4200	4228
	4201	4229
	4202	4230
	4203	4231
	4204	4232
	4205	4233
	4206	4234
	4207	4235
	4208	4236
	4209	4237
	4211	4238
	4212	4239
	4213	4240
	4214	4241
	4215	4242
	4216	4243
	4217	4244
	4218	4245
	4219	4246
	4220	4247
	4221	4248
	4222	4249
	4223	4250
	4224	4251
	4225	4252
	4226	4253
	4227	4254
	4228	4255
	4230	4256
	141	141
	143	142
	145	143
	147	144
	148	145
	149	146
	151	147
	152	148
	153	149
	4249	4275
	4250	4276
	155	150
	4251	4277
	156	151
	4252	4278
	157	154
	4253	4279
	158	157
	4254	4280
	4255	4281
	160	160
	4256	4282
	161	163
	4257	4283
	162	166
	4258	4284
	163	169
	4259	4285
	4260	4286
	165	173
	4261	4287
	4262	4288
	167	173
	4263	4289
	4264	4290
	4266	4291
	4267	4292
	4269	4293
	4270	4294
	4271	4295
	4272	4296
	177	176
	4273	4297
	4274	4298
	4275	4299
	4276	4300
	4277	4301
	4278	4302
	183	183
	4279	4303
	184	184
	4280	4304
	185	185
	4281	4305
	186	186
	4282	4306
	187	187
	4283	4307
	188	188
	4284	4308
	189	189
	4285	4309
	4286	4310
	191	190
	4287	4311
	192	191
	4288	4312
	193	192
	4289	4313
	194	193
	4290	4314
	195	194
	196	195
	4292	4315
	197	196
	4294	4316
	199	197
	4295	4317
	200	198
	4296	4318
	201	199
	202	200
	4298	4319
	203	201
	4299	4320
	4300	4321
	205	202
	4301	4322
	206	203
	4302	4323
	207	204
	4303	4324
	208	205
	4304	4325
	209	206
	4305	4326
	4306	4327
	211	207
	4307	4328
	212	208
	4308	4329
	213	209
	4309	4330
	214	210
	4310	4331
	215	211
	4311	4332
	4312	4333
	4313	4334
	218	285
	4314	4337
	4315	4338
	4316	4339
	4317	4340
	222	292
	4318	4341
	4319	4342
	4320	4343
	4321	4344
	226	299
	4323	4345
	4324	4346
	4325	4347
	230	306
	4327	4348
	4328	4358
	4329	4368
	234	313
	4330	4378
	4331	4388
	4333	4398
	4334	4399
	239	321
	4336	4400
	4337	4401
	4338	4402
	243	328
	4339	4403
	4341	4404
	4342	4405
	247	335
	4343	4406
	4344	4407
	4345	4408
	251	342
	4347	4409
	4348	4410
	4349	4411
	4350	4412
	255	354
	4351	4413
	256	355
	4353	4414
	4354	4415
	4355	4416
	260	367
	4356	4417
	261	368
	4357	4418
	4359	4419
	4360	4420
	265	380
	4361	4421
	266	381
	4362	4422
	267	381
	4363	4423
	4365	4424
	270	212
	4366	4425
	271	213
	4367	4426
	272	214
	4368	4427
	273	215
	4369	4428
	274	216
	275	219
	4371	4429
	276	223
	4372	4430
	277	225
	4373	4431
	278	226
	4374	4432
	279	227
	4375	4433
	280	228
	281	233
	4377	4434
	282	235
	4378	4435
	283	236
	4379	4436
	284	237
	4380	4437
	285	238
	4381	4438
	286	239
	287	240
	4383	4439
	288	241
	4384	4440
	289	242
	4385	4441
	290	243
	4386	4442
	291	244
	4387	4443
	292	245
	4389	4444
	4390	4445
	295	389
	4391	4446
	296	390
	4392	4447
	297	391
	4393	4448
	298	392
	4395	4449
	4396	4450
	301	398
	4397	4451
	302	399
	4398	4452
	4399	4453
	305	405
	4401	4454
	306	406
	4402	4455
	4403	4456
	309	412
	4405	4457
	310	413
	4406	4458
	4408	4459
	313	419
	4409	4460
	4411	4461
	317	426
	4413	4462
	4414	4463
	4415	4464
	4416	4465
	321	433
	4418	4466
	4420	4467
	325	441
	4421	4468
	326	442
	4422	4469
	327	443
	4424	4470
	4425	4471
	4426	4472
	331	450
	332	451
	4428	4473
	4429	4474
	335	457
	4431	4475
	336	458
	4432	4476
	337	459
	4433	4477
	339	461
	4435	4478
	4437	4479
	342	467
	4438	4480
	343	468
	344	469
	4440	4481
	4441	4482
	346	471
	4442	4483
	4443	4484
	4444	4485
	349	477
	4445	4486
	350	478
	4446	4487
	351	479
	4447	4488
	352	480
	354	482
	4450	4491
	4452	4492
	357	488
	4454	4493
	359	488
	4455	4495
	360	488
	4456	4496
	361	488
	4457	4497
	4458	4498
	4459	4500
	4460	4502
	366	497
	4463	4505
	369	497
	370	497
	4469	4506
	4470	4506
	375	504
	4471	4506
	376	504
	377	504
	4473	4507
	4476	4513
	381	511
	4477	4514
	382	512
	4478	4515
	383	513
	4479	4516
	384	513
	386	514
	4482	4522
	4484	4523
	389	520
	4485	4524
	390	521
	391	521
	4487	4525
	4488	4526
	393	522
	4489	4527
	4490	4528
	396	529
	4492	4529
	397	529
	4493	4530
	398	529
	4494	4532
	399	529
	4495	4534
	400	529
	401	530
	4497	4536
	402	531
	4498	4537
	403	532
	4499	4538
	404	533
	4500	4539
	4501	4540
	4502	4541
	4503	4542
	4504	4543
	409	535
	4505	4544
	410	536
	4506	4545
	4507	4546
	4508	4547
	413	542
	414	543
	415	543
	416	543
	4512	4550
	417	543
	4513	4552
	4514	4555
	419	544
	4515	4555
	420	545
	4516	4555
	421	546
	422	547
	4518	4556
	423	548
	424	549
	426	550
	427	551
	428	552
	429	553
	431	554
	432	555
	433	556
	434	557
	439	575
	440	576
	441	577
	443	580
	444	581
	445	582
	446	583
	448	584
	449	585
	450	586
	451	587
	453	588
	454	589
	455	590
	456	591
	458	592
	459	593
	460	594
	461	595
	464	596
	465	597
	466	598
	467	599
	469	600
	470	601
	471	602
	472	603
	474	604
	475	605
	476	606
	477	607
	479	608
	480	609
	481	610
	482	611
	487	621
	488	622
	489	623
	490	624
	491	625
	492	626
	496	633
	497	634
	498	635
	499	636
	500	637
	501	638
	505	645
	506	646
	508	647
	509	648
	510	649
	511	650
	513	651
	514	652
	515	653
	516	654
	520	663
	521	664
	522	665
	523	666
	524	667
	525	668
	526	669
	528	671
	529	672
	533	679
	534	680
	535	681
	536	682
	537	683
	538	684
	539	685
	540	686
	541	687
	542	688
	543	689
	544	690
	545	691
	546	692
	547	693
	548	694
	549	695
	550	696
	551	697
	552	698
	553	699
	554	700
	555	701
	556	702
	557	703
	558	704
	559	705
	560	706
	561	707
	562	708
	563	709
	564	710
	565	711
	566	712
	567	713
	568	714
	569	715
	570	716
	571	717
	572	718
	573	719
	574	720
	575	721
	580	731
	581	732
	582	733
	583	734
	584	735
	585	736
	586	737
	587	738
	588	739
	589	740
	590	741
	591	742
	592	743
	593	744
	594	745
	595	746
	596	747
	597	748
	598	749
	603	757
	604	758
	605	759
	606	760
	607	761
	608	762
	609	763
	610	764
	611	765
	612	766
	613	767
	614	768
	615	769
	616	770
	617	771
	618	772
	619	773
	620	774
	621	775
	626	783
	630	790
	631	790
	632	790
	633	790
	637	799
	638	800
	639	801
	641	802
	642	803
	643	803
	644	803
	645	803
	646	803
	651	810
	655	817
	656	817
	658	818
	661	824
	662	825
	663	825
	665	826
	668	832
	669	833
	670	833
	671	833
	673	834
	676	842
	677	843
	678	844
	679	845
	680	846
	681	847
	686	857
	687	858
	688	859
	689	859
	691	860
	694	866
	695	867
	696	868
	697	869
	698	870
	699	871
	700	873
	701	874
	702	875
	703	876
	704	877
	705	878
	706	879
	707	880
	708	881
	709	882
	710	883
	711	884
	712	885
	715	888
	718	896
	719	895
	720	895
	721	897
	725	906
	729	913
	730	913
	734	920
	735	921
	736	921
	737	921
	738	921
	739	921
	744	928
	745	929
	748	935
	749	935
	751	936
	754	939
	755	940
	756	940
	758	941
	759	942
	762	945
	764	946
	765	947
	766	948
	769	954
	770	955
	771	956
	773	246
	774	247
	775	248
	776	249
	777	250
	778	251
	779	252
	780	253
	781	254
	782	255
	783	256
	784	257
	785	258
	786	259
	787	260
	788	261
	789	262
	790	263
	791	264
	802	4569
	803	4570
	806	4573
	807	4574
	808	4575
	810	4580
	812	4583
	816	4587
	817	4588
	818	4589
	819	4590
	820	4591
	824	4595
	825	4596
	826	4597
	828	4598
	829	4599
	830	4600
	834	4604
	835	4605
	836	4606
	837	4607
	839	4608
	840	4609
	841	4610
	845	4614
	847	4615
	848	4616
	849	4617
	850	4618
	851	4619
	852	4620
	854	4621
	855	4622
	856	4623
	860	4627
	861	4628
	862	4629
	864	4630
	865	4631
	866	4632
	870	4636
	872	4637
	873	4639
	874	4642
	875	4645
	876	4647
	877	4648
	881	4652
	882	4653
	883	4655
	884	4658
	885	4660
	886	4661
	890	4665
	891	4666
	892	4667
	893	4668
	897	4672
	898	4673
	900	4676
	901	4677
	902	4678
	903	4679
	904	4680
	905	4681
	909	4685
	910	4686
	912	4689
	913	4690
	915	4691
	916	4693
	917	4694
	921	4698
	922	4699
	923	4700
	925	4701
	926	4702
	927	4703
	931	4707
	932	4708
	933	4709
	934	4710
	938	4714
	939	4715
	943	4719
	944	4720
	946	4722
	948	4724
	951	4727
	955	4731
	956	4732
	957	4733
	958	4734
	959	4740
	961	4735
	962	4736
	963	4737
	965	4740
	966	4741
	971	962
	972	963
	976	967
	977	968
	978	969
	979	970
	980	971
	983	977
	984	978
	985	979
	986	980
	987	981
	988	982
	989	983
	990	984
	991	985
	993	986
	994	987
	995	991
	998	997
	999	998
	1000	999
	1001	1000
	1002	1001
	1003	1002
	1004	1003
	1005	1004
	1007	1005
	1008	1006
	1009	1010
	1012	1016
	1013	1017
	1014	1018
	1015	1019
	1017	1020
	1018	1021
	1019	1022
	1022	1028
	1023	1029
	1024	1030
	1025	1031
	1027	1032
	1028	1033
	1029	1034
	1032	1040
	1033	1041
	1034	1042
	1036	1043
	1037	1044
	1038	1045
	1041	1048
	1042	1049
	1043	1050
	1045	1052
	1046	1053
	1047	1054
	1048	1055
	1049	1056
	1050	1057
	1051	1058
	1052	1059
	1054	1061
	1056	1063
	1062	4804
	1063	4805
	1066	4808
	1067	4809
	1068	4810
	1069	4811
	1070	4812
	1074	4816
	1075	4817
	1076	4818
	1077	4819
	1081	4823
	1082	4825
	1083	4827
	1084	4829
	1085	4830
	1089	4834
	1090	4836
	1091	4837
	1096	1069
	1100	1076
	1101	1077
	1104	1083
	1105	1084
	1108	4759
	1109	4760
	1110	4761
	1118	4768
	1119	4769
	1120	4770
	1121	4771
	1124	4774
	1128	4778
	1132	4782
	1133	4783
	1134	4784
	1136	4785
	1141	4789
	1145	4793
	1150	1090
	1151	1091
	1152	1092
	1155	1098
	1156	1099
	1157	1100
	1160	1106
	1161	1107
	1162	1108
	1165	1114
	1166	1115
	1167	1116
	1170	1122
	1171	1123
	1174	1126
	1175	1127
	1176	1127
	1177	1127
	1178	1127
	1179	1128
	1180	1129
	1181	1130
	1185	1132
	1188	1138
	1189	1139
	1190	1140
	1193	1146
	1195	1147
	1196	1148
	1197	1149
	1198	1150
	1201	1156
	1203	1157
	1204	1158
	1206	1159
	1207	1160
	1209	1161
	1210	1162
	1213	1168
	1214	1169
	1215	1170
	1217	1171
	1218	1173
	1219	1174
	1220	1175
	1221	1177
	1222	1178
	1223	1179
	1224	1180
	1227	1184
	1228	1185
	1229	1186
	1230	1187
	1231	1188
	1234	1191
	1237	1194
	1238	1195
	1239	1196
	1240	1197
	1241	1198
	1242	1199
	1245	1202
	1247	1203
	1249	1205
	1250	1206
	1251	1207
	1252	1207
	1253	1208
	1254	1209
	1256	1210
	1260	1215
	1263	1230
	1264	1231
	1266	1232
	1267	1233
	1269	1234
	1270	1235
	1271	1236
	1274	1242
	1275	1243
	1276	1244
	1277	1245
	1280	1251
	1281	1252
	1282	1253
	1285	1259
	1286	1260
	1287	1261
	1288	1262
	1291	1265
	1292	1266
	1293	1268
	1294	1270
	1295	1271
	1298	1274
	1299	1275
	1300	1276
	1301	1277
	1304	1280
	1305	1281
	1306	1283
	1307	1284
	1308	1285
	1309	1285
	1310	1285
	1311	1285
	1313	1286
	1315	1288
	1318	1295
	1319	1296
	1320	1297
	1321	1297
	1322	1297
	1323	1297
	1326	1299
	1329	1305
	1330	1306
	1332	1307
	1333	1308
	1334	1309
	1335	1310
	1337	1311
	1338	1313
	1339	1314
	1340	1315
	1341	1316
	1342	1317
	1343	1318
	1345	1319
	1346	1320
	1347	1321
	1348	1322
	1350	1323
	1351	1324
	1352	1325
	1353	1326
	1356	1329
	1359	1335
	1360	1336
	1361	1337
	1363	1338
	1364	1339
	1365	1340
	1367	1341
	1368	1343
	1369	1344
	1370	1345
	1371	1345
	1372	1346
	1373	1347
	1374	1348
	1375	1349
	1376	1350
	1377	1351
	1378	1352
	1379	1353
	1383	1357
	1386	1363
	1387	1364
	1388	1365
	1391	1371
	1392	1372
	1393	1373
	1397	1379
	1402	1383
	1403	1384
	1406	1390
	1407	1391
	1410	1397
	1413	1398
	1414	1399
	1415	1400
	1418	1406
	1419	1407
	1420	1408
	1421	1409
	1422	1410
	1423	1411
	1424	1422
	1427	1428
	1428	1429
	1429	1430
	1430	1431
	1431	1432
	1432	1433
	1433	1444
	1440	1461
	1441	1462
	1442	1463
	1443	1463
	1444	1463
	1447	1464
	1448	1464
	1449	1464
	1450	1464
	1452	1465
	1453	1465
	1454	1465
	1455	1465
	1457	1466
	1458	1466
	1459	1466
	1460	1466
	1462	1467
	1463	1467
	1464	1467
	1467	1468
	1468	1468
	1469	1468
	1470	1468
	1472	1469
	1473	1469
	1474	1469
	1475	1469
	1477	1470
	1478	1470
	1479	1470
	1480	1470
	1482	1471
	1483	1471
	1484	1471
	1487	1472
	1488	1472
	1489	1472
	1490	1472
	1492	1473
	1493	1473
	1494	1473
	1495	1473
	1497	1474
	1498	1474
	1499	1474
	1500	1474
	1502	1475
	1503	1475
	1504	1475
	1507	1476
	1508	1476
	1509	1476
	1510	1476
	1512	1477
	1513	1477
	1514	1477
	1515	1477
	1517	1478
	1518	1478
	1519	1478
	1520	1478
	1523	1480
	1526	1486
	1527	1487
	1528	1488
	1529	1488
	1532	1490
	1535	1496
	1536	1497
	1537	1498
	1538	1498
	1539	1498
	1542	1500
	1545	1506
	1547	1507
	1548	1508
	1549	1509
	1550	1510
	1551	1511
	1552	1512
	1554	1513
	1555	1514
	1557	1516
	1558	1517
	1559	1518
	1560	1519
	1561	1520
	1562	1521
	1563	1522
	1565	1523
	1566	1524
	1567	1525
	1568	1526
	1570	1528
	1573	1534
	1575	1535
	1576	1537
	1578	1540
	1579	1541
	1580	1542
	1581	1543
	1583	1545
	1586	1551
	1587	1552
	1588	1552
	1589	1552
	1591	1553
	1594	1559
	1595	1561
	1596	1563
	1597	1564
	1601	1571
	1602	1572
	1603	1573
	1604	1574
	1605	1576
	1606	1580
	1608	1584
	1611	1587
	1613	1588
	1614	1592
	1615	1596
	1616	1597
	1617	1598
	1618	1598
	1619	1598
	1620	1598
	1622	1599
	1624	1601
	1627	1609
	1628	1609
	1629	1610
	1630	1611
	1635	1619
	1636	1620
	1638	1621
	1639	1622
	1641	1626
	1643	1626
	1644	1626
	1645	1626
	1649	1629
	1650	1630
	1651	1631
	1652	1632
	1654	1634
	1657	1640
	1659	1641
	1660	1642
	1663	1645
	1664	1646
	1665	1646
	1666	1646
	1667	1646
	1668	1646
	1669	1647
	1670	1648
	1674	1650
	1677	1653
	1678	1654
	1679	1655
	1680	1656
	1682	1657
	1683	1659
	1684	1660
	1685	1661
	1686	1662
	1687	1663
	1688	1664
	1689	1665
	1690	1666
	1692	1667
	1693	1668
	1694	1669
	1695	1670
	1697	1671
	1698	1672
	1699	1673
	1700	1674
	1702	1675
	1703	1676
	1704	1677
	1705	1678
	1708	1681
	1711	1685
	1712	1686
	1713	1687
	1714	1688
	1715	1689
	1716	1690
	1717	1691
	1718	1692
	1720	1693
	1721	1694
	1722	1695
	1723	1696
	1725	1697
	1726	1698
	1727	1699
	1728	1700
	1731	1703
	1734	1709
	1736	1710
	1737	1712
	1739	1715
	1740	1716
	1741	1716
	1742	1716
	1744	1718
	1747	1724
	1749	1726
	1750	1727
	1752	1728
	1753	1730
	1754	1731
	1755	1732
	1756	1733
	1759	1736
	1762	1742
	1763	1743
	1764	1744
	1768	1751
	1769	1752
	1771	1754
	1773	1757
	1774	1758
	1777	1761
	1778	1762
	1779	1763
	1780	1764
	1783	1767
	1784	1769
	1785	1770
	1786	1771
	1787	1772
	1788	1773
	1789	1774
	1790	1775
	1791	1776
	1792	1777
	1793	1778
	1794	1779
	1795	1780
	1796	1781
	1797	1782
	1798	1783
	1799	1784
	1800	1785
	1801	1786
	1802	1787
	1803	1788
	1804	1789
	1806	1791
	1808	1793
	1809	1794
	1810	1794
	1811	1795
	1813	1797
	1814	1798
	1815	1798
	1816	1799
	1818	1801
	1819	1802
	1820	1802
	1821	1803
	1823	1805
	1824	1806
	1825	1806
	1826	1807
	1828	1809
	1829	1810
	1830	1810
	1832	1812
	1833	1813
	1834	1814
	1836	1816
	1837	1817
	1838	1818
	1840	1820
	1841	1821
	1842	1822
	1845	1825
	1848	1828
	1849	1830
	1850	1831
	1851	1832
	1852	1833
	1853	1834
	1854	1835
	1855	1836
	1856	1837
	1858	1839
	1860	1841
	1863	1844
	1864	1845
	1865	1846
	1866	1846
	1868	1848
	1869	1849
	1870	1851
	1871	1853
	1872	1854
	1873	1856
	1876	1859
	1877	1861
	1878	1862
	1879	1863
	1880	1864
	1881	1865
	1882	1866
	1884	1867
	1885	1868
	1886	1869
	1888	1871
	1891	1877
	1892	1878
	1894	1880
	1895	1881
	1896	1882
	1897	1883
	1898	1884
	1899	1885
	1900	1886
	1901	1887
	1903	1888
	1904	1889
	1905	1890
	1906	1891
	1907	1892
	1908	1893
	1911	1895
	1912	1896
	1915	1899
	1916	1901
	1917	1902
	1918	1903
	1919	1904
	1920	1905
	1921	1906
	1922	1907
	1923	1908
	1924	1909
	1925	1910
	1926	1911
	1929	1914
	1932	1918
	1933	1918
	1934	1919
	1935	1920
	1936	1921
	1937	1922
	1938	1923
	1939	1924
	1941	1925
	1942	1927
	1945	1931
	1946	1931
	1947	1932
	1948	1933
	1949	1934
	1950	1935
	1951	1936
	1952	1937
	1954	1938
	1955	1940
	1958	1946
	1959	1947
	1960	1948
	1963	1951
	1965	1952
	1967	1953
	1968	1954
	1969	1955
	1972	1962
	1973	1964
	1974	1964
	1975	1964
	1977	1965
	1980	1968
	1981	1969
	1983	1970
	1985	1981
	1986	1982
	1987	1983
	1988	1984
	1989	1986
	1990	1993
	1991	2000
	1995	2009
	1996	2010
	1997	2011
	1998	2012
	1999	2014
	2000	2023
	2001	2032
	2004	2040
	2007	2043
	2008	2044
	2009	2046
	2011	2049
	2012	2049
	2013	2049
	2015	2050
	2018	2053
	2019	2054
	2020	2055
	2021	2056
	2023	2058
	2024	2059
	2025	2060
	2026	2061
	2027	2062
	2028	2063
	2029	2064
	2030	2065
	2032	2067
	2033	2067
	2034	2067
	2037	2069
	2040	2076
	2041	2076
	2042	2077
	2043	2078
	2045	2080
	2046	2080
	2047	2081
	2049	2082
	2050	2083
	2052	2085
	2053	2086
	2054	2087
	2055	2088
	2056	2089
	2057	2090
	2059	2091
	2060	2092
	2061	2093
	2062	2094
	2066	2097
	2069	2100
	2070	2101
	2072	2103
	2073	2104
	2074	2105
	2075	2105
	2076	2105
	2077	2105
	2079	2106
	2083	2108
	2086	2111
	2087	2112
	2088	2113
	2089	2114
	2090	2115
	2092	2116
	2093	2117
	2094	2118
	2095	2119
	2097	2121
	2098	2122
	2099	2123
	2100	2124
	2101	2125
	2102	2126
	2103	2127
	2104	2128
	2106	2129
	2107	2131
	2115	2133
	2116	2136
	2117	2138
	2118	2139
	2119	2140
	2120	2141
	2124	2146
	2125	2149
	2126	2151
	2127	2152
	2128	2153
	2129	2154
	2133	2159
	2134	2162
	2135	2164
	2136	2165
	2137	2166
	2138	2167
	2142	2172
	2143	2175
	2144	2177
	2145	2178
	2146	2179
	2147	2180
	2151	2185
	2152	2188
	2153	2190
	2154	2191
	2155	2192
	2156	2193
	2160	2199
	2163	2203
	2164	2204
	2165	2205
	2166	2206
	2167	2207
	2168	2208
	2169	2209
	2170	2210
	2171	2211
	2172	2212
	2173	2213
	2175	2215
	2178	2221
	2179	2222
	2180	2223
	2181	2224
	2183	2225
	2184	2226
	2187	2234
	2188	2235
	2189	2235
	2190	2235
	2191	2236
	2192	2237
	2194	2239
	2200	2248
	2201	2249
	2202	2250
	2203	2251
	2205	2252
	2206	2253
	2207	2254
	2210	2260
	2211	2261
	2212	2261
	2213	2261
	2215	2262
	2218	2265
	2219	2266
	2220	2267
	2221	2268
	2222	2269
	2225	2273
	2226	2276
	2227	2277
	2229	2280
	2230	2281
	2232	2284
	2233	2284
	2234	2284
	2236	2285
	2239	2291
	2240	2292
	2241	2293
	2245	2301
	2246	2301
	2247	2302
	2248	2303
	2250	2304
	2251	2305
	2254	2308
	2255	2310
	2256	2313
	2258	2316
	2259	2317
	2260	2318
	2261	2319
	2262	2320
	2263	2322
	2266	2330
	2269	2337
	2270	2337
	2271	2337
	2273	2338
	2276	2344
	2277	2345
	2279	2347
	2280	2347
	2281	2347
	2282	2347
	2284	2349
	2285	2350
	2286	2350
	2287	2350
	2289	2352
	2290	2353
	2293	2357
	2294	2360
	2296	2362
	2297	2364
	2299	2367
	2300	2367
	2301	2367
	2303	2368
	2306	2374
	2307	2375
	2308	2376
	2313	2384
	2314	2385
	2315	2386
	2317	2387
	2318	2388
	2323	2396
	2324	2397
	2325	2398
	2326	2399
	2327	2400
	2332	2405
	2333	2406
	2334	2407
	2335	2408
	2336	2409
	2337	2410
	2338	2411
	2339	2412
	2340	2413
	2342	2415
	2343	2416
	2344	2417
	2348	2418
	2349	2418
	2352	2419
	2353	2419
	2354	2419
	2356	2420
	2357	2420
	2358	2420
	2360	2421
	2361	2421
	2362	2421
	2364	2422
	2365	2422
	2369	2424
	2372	2427
	2373	2428
	2375	2430
	2376	2431
	2377	2432
	2378	2433
	2379	2434
	2380	2435
	2381	2436
	2383	2438
	2386	2444
	2387	2445
	2389	2446
	2390	2447
	2391	2447
	2392	2447
	2394	2448
	2397	2454
	2398	2455
	2400	2456
	2401	2457
	2402	2459
	2403	2459
	2404	2459
	2406	2461
	2407	2461
	2408	2461
	2410	2462
	2413	2468
	2414	2469
	2415	2470
	2416	2471
	2419	2475
	2420	2477
	2421	2478
	2422	2479
	2425	2482
	2427	2483
	2429	2484
	2430	2486
	2431	2487
	2432	2488
	2433	2489
	2434	2490
	2435	2490
	2436	2490
	2437	2490
	2441	2493
	2444	2497
	2445	2498
	2446	2499
	2447	2500
	2448	2501
	2449	2502
	2450	2503
	2451	2504
	2454	2507
	2457	2510
	2458	2512
	2459	2512
	2460	2513
	2461	2514
	2462	2515
	2464	2516
	2466	2517
	2467	2518
	2468	2519
	2470	2522
	2471	2525
	2473	2528
	2474	2531
	2475	2532
	2478	2539
	2479	2539
	2480	2539
	2481	2539
	2482	2539
	2483	2539
	2486	2540
	2489	2543
	2490	2545
	2491	2546
	2492	2547
	2493	2548
	2494	2549
	2495	2550
	2496	2551
	2498	2553
	2500	2555
	2503	2558
	2504	2559
	2505	2559
	2507	2560
	2510	2566
	2511	2567
	2512	2568
	2514	2569
	2515	2569
	2516	2569
	2518	2570
	2521	2573
	2522	2574
	2524	2575
	2525	2577
	2526	2578
	2527	2579
	2528	2580
	2529	2581
	2530	2582
	2531	2583
	2532	2584
	2533	2585
	2537	2588
	2540	2594
	2541	2595
	2542	2596
	2543	2597
	2546	2603
	2547	2604
	2549	2606
	2550	2607
	2551	2608
	2552	2609
	2553	2610
	2554	2611
	2556	2613
	2557	2614
	2560	2620
	2561	2621
	2562	2622
	2563	2623
	2564	2624
	2565	2625
	2566	2626
	2568	2627
	2569	2628
	2571	2629
	2572	2630
	2573	2631
	2576	2645
	2577	2646
	2578	2647
	2579	2648
	2580	2649
	2581	2650
	2583	2652
	2584	2653
	2585	2654
	2586	2655
	2587	2656
	2588	2657
	2589	2658
	2590	2659
	2591	2660
	2594	2663
	2595	2664
	2596	2665
	2597	2666
	2598	2667
	2599	2668
	2602	2671
	2603	2672
	2604	2673
	2605	2674
	2606	2675
	2607	2676
	2608	2677
	2610	2679
	2611	2680
	2612	2681
	2613	2682
	2614	2683
	2615	2684
	2618	2687
	2619	2688
	2620	2689
	2621	2690
	2622	2691
	2623	2692
	2624	2693
	2626	2695
	2627	2696
	2628	2697
	2629	2698
	2631	2700
	2634	2707
	2635	2707
	2636	2707
	2638	2708
	2641	2711
	2642	2712
	2644	2713
	2645	2715
	2646	2716
	2647	2717
	2648	2717
	2650	2718
	2651	2719
	2652	2720
	2653	2721
	2654	2722
	2655	2723
	2657	2724
	2658	2725
	2659	2726
	2660	2727
	2662	2728
	2663	2729
	2664	2730
	2665	2731
	2668	2734
	2671	2737
	2672	2738
	2673	2739
	2674	2740
	2675	2740
	2677	2741
	2680	2744
	2681	2745
	2682	2746
	2685	2750
	2686	2751
	2687	2752
	2688	2753
	2689	2754
	2690	2755
	2693	2758
	2696	2761
	2697	2763
	2698	2764
	2699	2766
	2701	2768
	2702	2769
	2703	2770
	2705	2771
	2706	2772
	2707	2773
	2708	2774
	2710	2775
	2711	2776
	2712	2777
	2713	2778
	2715	2779
	2716	2780
	2717	2781
	2718	2782
	2722	2786
	2725	2789
	2726	2790
	2728	2792
	2729	2792
	2730	2792
	2731	2792
	2733	2793
	2736	2797
	2737	2797
	2738	2798
	2740	2799
	2741	2800
	2743	2801
	2744	2802
	2746	2803
	2748	2804
	2749	2805
	2751	2806
	2752	2808
	2754	2810
	2755	2811
	2756	2812
	2759	2818
	2760	2820
	2761	2820
	2762	2820
	2763	2820
	2765	2821
	2768	2825
	2769	2825
	2770	2826
	2772	2827
	2773	2828
	2775	2830
	2776	2831
	2777	2832
	2778	2833
	2779	2834
	2780	2836
	2781	2839
	2782	2844
	2784	2849
	2788	2851
	2791	2854
	2792	2855
	2793	2856
	2794	2857
	2795	2858
	2796	2859
	2797	2860
	2799	2861
	2800	2862
	2801	2863
	2802	2865
	2803	2868
	2804	2871
	2805	2874
	2807	2876
	2809	2878
	2810	2879
	2811	2880
	2812	2880
	2813	2881
	2814	2882
	2816	2883
	2817	2884
	2821	2889
	2824	2892
	2825	2893
	2826	2894
	2827	2895
	2828	2896
	2830	2897
	2831	2898
	2832	2899
	2833	2900
	2834	2901
	2836	2902
	2837	2903
	2838	2904
	2839	2906
	2841	2908
	2842	2909
	2843	2910
	2844	2912
	2846	2914
	2847	2916
	2848	2916
	2849	2916
	2850	2916
	2851	2917
	2852	2918
	2853	2919
	2854	2920
	2855	2921
	2858	2924
	2860	2925
	2863	2928
	2864	2929
	2865	2930
	2866	2931
	2867	2933
	2868	2934
	2869	2935
	2870	2936
	2871	2937
	2874	2940
	2877	2943
	2878	2944
	2879	2945
	2880	2946
	2881	2948
	2882	2949
	2883	2950
	2884	2951
	2885	2952
	2887	2954
	2889	2956
	2892	2959
	2893	2960
	2894	2962
	2896	2964
	2897	2966
	2898	2967
	2899	2968
	2901	2970
	2904	2973
	2905	2974
	2906	2975
	2907	2976
	2908	2978
	2909	2978
	2910	2978
	2912	2979
	2915	2982
	2916	2983
	2918	2985
	2919	2985
	2920	2985
	2923	2986
	2924	2987
	2926	2989
	2927	2989
	2928	2989
	2930	2990
	2933	2993
	2934	2994
	2936	2995
	2937	2995
	2938	2995
	2940	2996
	2943	3002
	2945	3003
	2947	3005
	2948	3005
	2949	3005
	2951	3006
	2952	3007
	2955	3010
	2956	3011
	2958	3012
	2959	3013
	2961	3015
	2962	3015
	2963	3015
	2966	3016
	2967	3017
	2969	3019
	2970	3020
	2971	3021
	2972	3022
	2974	3024
	2975	3025
	2978	3028
	2979	3030
	2980	3031
	2981	3032
	2982	3033
	2983	3034
	2984	3035
	2985	3036
	2986	3037
	2987	3038
	2989	3041
	2990	3042
	2992	3045
	2995	3048
	2997	3050
	3000	3053
	3002	3055
	3003	3056
	3004	3057
	3005	3058
	3006	3059
	3007	3060
	3008	3061
	3009	3062
	3011	3063
	3012	3064
	3013	3065
	3014	3066
	3018	3069
	3021	3072
	3022	3073
	3024	3075
	3025	3076
	3026	3077
	3027	3078
	3028	3079
	3032	3082
	3033	3083
	3034	3084
	3037	3088
	3038	3089
	3039	3089
	3041	3091
	3044	3094
	3045	3095
	3047	3097
	3048	3098
	3049	3099
	3050	3100
	3051	3103
	3054	3108
	3057	3111
	3058	3113
	3059	3114
	3062	3118
	3063	3119
	3064	3120
	3065	3120
	3066	3120
	3070	3125
	3072	3127
	3073	3128
	3074	3130
	3075	3132
	3076	3134
	3079	3138
	3082	3141
	3083	3143
	3084	3144
	3085	3145
	3086	3146
	3087	3147
	3088	3147
	3092	3150
	3095	3153
	3096	3155
	3097	3156
	3098	3157
	3099	3158
	3101	3161
	3104	3162
	3105	3163
	3106	3164
	3107	3165
	3110	3166
	3111	3167
	3112	3168
	3113	3169
	3114	3170
	3115	3171
	3118	3172
	3119	3173
	3120	3174
	3121	3175
	3124	3176
	3127	3177
	3130	3178
	3131	3179
	3132	3180
	3133	3181
	3136	3182
	3137	3183
	3138	3184
	3139	3185
	3140	3186
	3141	3187
	3144	3188
	3145	3189
	3146	3190
	3147	3191
	3150	3192
	3153	3195
	3156	3198
	3157	3200
	3158	3201
	3159	3202
	3160	3203
	3161	3205
	3163	3208
	3165	3210
	3168	3218
	3170	3220
	3172	3223
	3174	3226
	3176	3229
	3177	3231
	3182	3239
	3183	3240
	3185	3241
	3187	3242
	3188	3243
	3193	3248
	3194	3250
	3195	3251
	3196	3252
	3197	3253
	3198	3254
	3201	3257
	3204	3260
	3205	3261
	3207	3262
	3208	3263
	3209	3263
	3210	3264
	3211	3265
	3212	3266
	3213	3267
	3214	3263
	3216	3269
	3217	3270
	3220	3273
	3221	3274
	3222	3275
	3223	3275
	3224	3276
	3226	3278
	3229	3281
	3231	3283
	3232	3283
	3233	3283
	3234	3283
	3235	3284
	3236	3284
	3237	3285
	3238	3286
	3239	3287
	3240	3284
	3242	3289
	3243	3290
	3247	3292
	3250	3298
	3251	3299
	3252	3300
	3255	3306
	3256	3307
	3257	3308
	3261	265
	3263	269
	3264	271
	3265	273
	3266	275
	3267	277
	3272	3314
	3273	3315
	3274	3316
	3275	3317
	3276	3318
	3278	3320
	3279	3321
	3283	3328
	3285	3329
	3286	3330
	3288	3331
	3290	3332
	3291	3333
	3292	3334
	3293	3335
	3294	3336
	3296	3337
	3297	3338
	3300	3344
	3302	3345
	3303	3346
	3305	3347
	3306	3351
	3307	3357
	3309	3360
	3310	3361
	3311	3362
	3312	3363
	3313	3364
	3314	3365
	3315	3366
	3316	3367
	3318	3368
	3319	3369
	3322	3375
	3323	3376
	3324	3376
	3325	3376
	3326	3376
	3327	3376
	3328	3377
	3329	3378
	3330	3379
	3334	3381
	3337	3384
	3338	3386
	3339	3386
	3340	3387
	3341	3388
	3343	3390
	3344	3390
	3345	3391
	3346	3392
	3348	3393
	3349	3394
	3350	3395
	3352	3397
	3353	3398
	3354	3399
	3355	3399
	3356	3399
	3359	3401
	3360	3402
	3363	3409
	3364	3411
	3366	3412
	3367	3413
	3369	3414
	3370	3415
	3371	3416
	3372	3417
	3374	3418
	3375	3419
	3376	3420
	3379	3433
	3380	3434
	3381	3434
	3382	3435
	3385	3441
	3386	3441
	3387	3441
	3388	3441
	3389	3441
	3390	3442
	3391	3443
	3392	3444
	3393	3445
	3394	3446
	3395	3447
	3398	3453
	3399	3454
	3400	3455
	3403	3458
	3404	3459
	3405	3459
	3406	3459
	3410	3463
	3411	3464
	3412	3465
	3414	3466
	3415	3467
	3416	3468
	3417	3469
	3418	3470
	3420	3471
	3421	3472
	3422	3473
	3423	3474
	3426	3480
	3427	3481
	3428	3482
	3429	3483
	3430	3484
	3431	3485
	3432	3486
	3433	3488
	3434	3489
	3435	3490
	3436	3491
	3437	3492
	3438	3493
	3439	3494
	3447	3507
	3448	3508
	3449	3509
	3450	3511
	3452	3513
	3455	3514
	3457	3514
	3460	3515
	3462	3517
	3465	3520
	3466	3521
	3467	3522
	3468	3523
	3471	3529
	3473	3530
	3474	3531
	3475	3532
	3476	3533
	3477	3534
	3478	3535
	3480	3536
	3481	3537
	3484	3543
	3485	3544
	3486	3545
	3489	3548
	3490	3549
	3491	3550
	3492	3551
	3493	3551
	3495	3552
	3496	3553
	3499	3556
	3500	3557
	3501	3558
	3502	3559
	3503	3559
	3505	3560
	3506	3561
	3509	3567
	3510	3568
	3511	3569
	3512	3570
	3513	3571
	3516	3574
	3517	3575
	3518	3576
	3519	3577
	3520	3579
	3521	3581
	3522	3581
	3523	3582
	3524	3583
	3525	3584
	3528	3588
	3529	3589
	3530	3590
	3531	3590
	3532	3590
	3535	3592
	3536	3593
	3539	3599
	3540	3600
	3541	3601
	3542	3602
	3543	3603
	3544	3604
	3545	3605
	3546	3606
	3547	3607
	3548	3608
	3549	3609
	3550	3610
	3551	3611
	3556	3617
	3557	3618
	3558	3619
	3559	3620
	3560	3622
	3561	3622
	3562	3623
	3563	3624
	3565	3625
	3567	3626
	3568	3627
	3570	3628
	3572	3630
	3573	3631
	3574	3632
	3575	3632
	3576	3632
	3579	3634
	3582	3637
	3583	3638
	3584	3639
	3585	3640
	3586	3641
	3587	3642
	3588	3643
	3589	3644
	3592	3650
	3593	3651
	3594	3652
	3596	3653
	3597	3654
	3599	3656
	3601	3658
	3604	3661
	3605	3662
	3606	3663
	3607	3664
	3608	3665
	3609	3666
	3610	3667
	3613	3668
	3614	3669
	3617	3672
	3618	3673
	3619	3674
	3620	3675
	3622	3676
	3623	3677
	3624	3678
	3625	3679
	3626	3680
	3629	3687
	3630	3689
	3631	3690
	3632	3694
	3640	3697
	3644	3698
	3645	3700
	3646	3702
	3647	3704
	3648	3708
	3651	3714
	3652	3715
	3653	3716
	3654	3717
	3655	3718
	3656	3719
	3657	3726
	3660	3729
	3661	3730
	3662	3731
	3663	3732
	3664	3733
	3665	3734
	3666	3735
	3667	3736
	3668	3737
	3669	3738
	3670	3739
	3671	3740
	3672	3741
	3673	3742
	3674	3743
	3675	3744
	3676	3745
	3679	3751
	3681	3752
	3682	3753
	3683	3754
	3685	3755
	3686	3756
	3687	3757
	3692	3759
	3694	3761
	3697	3767
	3698	3768
	3701	3771
	3702	3772
	3703	3773
	3704	3774
	3707	3777
	3708	3778
	3709	3779
	3710	3780
	3712	3781
	3713	3782
	3714	3783
	3715	3784
	3716	3785
	3719	3791
	3720	3792
	3721	3793
	3723	3794
	3724	3796
	3725	3797
	3727	3798
	3728	3799
	3730	3800
	3731	3801
	3734	3804
	3735	3805
	3736	3806
	3737	3807
	3738	3808
	3739	3809
	3740	3810
	3741	3811
	3742	3812
	3743	3813
	3744	3814
	3745	3815
	3746	3816
	3747	3817
	3748	3818
	3749	3819
	3750	3820
	3753	3828
	3754	3829
	3755	3830
	3756	3831
	3759	3834
	3760	3836
	3761	3836
	3764	3837
	3765	3838
	3766	3839
	3767	3840
	3768	3841
	3770	3842
	3771	3843
	3772	3844
	3773	3845
	3774	3846
	3776	3847
	3777	3848
	3778	3849
	3779	3850
	3780	3851
	3782	3852
	3783	3853
	3784	3854
	3785	3855
	3786	3856
	3788	3857
	3789	3858
	3790	3859
	3791	3860
	3792	3861
	3793	3862
	3794	3863
	3795	3864
	3797	3865
	3798	3866
	3799	3867
	3800	3868
	3801	3869
	3802	3870
	3803	3871
	3804	3872
	3805	3873
	3806	3874
	3807	3875
	3808	3876
	3809	3877
	3810	3878
	3811	3879
	3812	3880
	3814	3881
	3816	3882
	3817	3883
	3818	3884
	3819	3885
	3820	3886
	3821	3887
	3822	3888
	3823	3889
	3824	3890
	3825	3891
	3826	3892
	3827	3893
	3828	3894
	3829	3895
	3830	3896
	3831	3897
	3832	3898
	3834	3899
	3835	3900
	3836	3901
	3837	3902
	3838	3903
	3839	3904
	3840	3905
	3841	3906
	3842	3907
	3843	3908
	3844	3909
	3845	3910
	3846	3911
	3847	3912
	3848	3913
	3849	3914
	3850	3915
	3851	3916
	3853	3917
	3854	3918
	3855	3919
	3856	3920
	3857	3921
	3858	3922
	3860	3923
	3861	3924
	3862	3925
	3863	3926
	3864	3927
	3865	3928
	3866	3929
	3867	3930
	3868	3931
	3869	3932
	3870	3933
	3871	3934
	3872	3935
	3873	3936
	3874	3937
	3875	3938
	3876	3939
	3877	3940
	3878	3941
	3879	3942
	3880	3943
	3881	3944
	3882	3945
	3883	3946
	3884	3947
	3885	3948
	3886	3949
	3888	3950
	3889	3951
	3890	3952
	3891	3953
	3892	3954
	3893	3955
	3894	3956
	3895	3957
	3896	3958
	3897	3959
	3898	3960
	3899	3961
	3900	3962
	3901	3963
	3902	3964
	3903	3965
	3904	3966
	3905	3967
	3906	3968
	3907	3969
	3908	3970
	3909	3971
	3910	3972
	3911	3973
	3912	3974
	3913	3975
	3914	3976
	3915	3977
	3916	3978
	3917	3979
	3918	3980
	3919	3981
	3920	3982
	3921	3983
	3922	3984
	3923	3985
	3924	3986
	3925	3987
	3926	3988
	3928	3989
	3930	3990
	3931	3991
	3932	3992
	3933	3993
	3934	3994
	3935	3995
	3936	3996
	3937	3997
	3938	3998
	3939	3999
	3940	4000
	3941	4001
	3942	4002
	3943	4003
	3944	4004
	3945	4005
	3946	4006
	3947	4007
	3948	4008
	3949	4009
	3950	4010
	3951	4011
	3952	4012
	3953	4013
	3954	4014
	3955	4015
	3956	4016
	3957	4017
	3958	4018
	3959	4019
	3960	4020
	3961	4021
	3962	4022
	3963	4023
	3964	4024
	3965	4025
	3966	4026
	3967	4027
	3969	4028
	3970	4029
	3972	4030
	3973	4031
	3974	4032
	3975	4033
	3976	4034
	3977	4035
	3978	4036
	3979	4037
	3980	4038
	3981	4039
	3982	4040
	3983	4041
	3985	4042
	3986	4043
	3987	4044
	3988	4045
	3989	4046
	3990	4047
	3991	4048
	3992	4049
	3993	4050
	3994	4051
	3995	4052
	3996	4053
	3997	4054
	3998	4055
	3999	4056
	4000	4057
	4001	4058
	4002	4059
	4003	4060
	4004	4061
	4005	4062
	4006	4063
	4007	4064
	4009	4065
	4010	4066
	4012	4067
	4013	4068
	4014	4069
	4015	4070
	4016	4071
	4017	4072
	4018	4073
	4019	4074
	4020	4075
	4021	4076
	4022	4077
	4023	4078
	4024	4079
	4025	4080
	4026	4081
	4027	4082
	4028	4083
	4029	4084
	4030	4085
	4031	4086
	4032	4087
	4033	4088
	4034	4089
	4035	4090
	4036	4091
	4037	4092
	4038	4093
	4039	4094
	4040	4095
	4041	4096
	4042	4097
	4043	4098
	4044	4099
	4045	4100
	4046	4101
	4047	4102
	4048	4103
	4049	4104
	4051	4105
	4052	4106
	4053	4107
	4055	4108
	4056	4109
	4058	4110
	4059	4111
	4060	4112
	4062	4113
	4063	4114
	4065	4115
	4066	4116
	4068	4117
	4069	4118
	4070	4119
	4072	4120
	4073	4121
	4075	4122
	4077	4123
	4079	4124
	4081	4125
	4082	4126
	4083	4127
	4084	4128
	4085	4129
	4086	4130
	4087	4131
	4088	4132
	4089	4133
	4090	4134
	4091	4135
	4092	4136
	4093	4137
	4094	4138
	4095	4139
net/minecraft/client/renderer/entity/CamelHuskRenderer	33	30
	16	16
	32	29
	17	17
	33	30
	21	20
	26	24
	12	12
	15	15
	31	28
net/minecraft/client/renderer/entity/state/ZombieRenderState	0	0
net/minecraft/client/gui/font/glyphs/BakedGlyph	0	0
com/mojang/blaze3d/platform/BackendOptions	0	0
com/mojang/realmsclient/dto/RegionPingResult	14	9
	14	9
net/minecraft/client/gui/screens/inventory/tooltip/BelowOrAboveWidgetTooltipPositioner	30	27
	17	16
	18	17
	19	18
	22	19
	23	20
	11	11
	27	23
	12	12
	28	24
	30	27
net/minecraft/client/renderer/texture/atlas/SpriteSourceList	78	78
	64	62
	68	66
	69	67
	70	69
	71	70
	72	71
	73	72
	74	73
	75	74
	78	78
	25	26
	27	27
	32	31
	33	32
	36	35
	37	36
	40	39
	41	40
	42	41
	44	43
	48	47
	49	49
	50	50
	51	51
	52	52
	53	53
	56	56
	59	58
	61	59
	62	60
	63	61
net/minecraft/client/resources/model/BlockStateDefinitions	40	40
	16	17
	32	30
	17	18
	19	19
	20	20
	36	34
	37	36
	22	22
	38	37
	40	40
	28	26
net/minecraft/client/renderer/entity/state/HoldingEntityRenderState	14	13
	13	12
	14	13
net/minecraft/client/FramerateLimiter	50	43
	32	28
	35	29
	37	30
	38	31
	40	32
	41	33
	42	34
	12	11
	13	12
	45	38
	17	16
	49	42
	18	17
	50	43
	20	18
	21	19
	22	20
	26	24
	27	25
	28	26
	30	27
com/mojang/blaze3d/systems/CommandEncoder	550	633
	514	588
	515	589
	517	592
	518	593
	520	596
	521	597
	523	600
	524	601
	526	604
	527	605
	529	607
	20	18
	532	610
	533	611
	535	614
	536	615
	26	23
	538	618
	27	24
	539	619
	28	25
	541	622
	542	623
	31	28
	544	626
	545	627
	35	38
	547	630
	36	39
	548	631
	38	42
	550	633
	39	43
	41	46
	42	47
	44	50
	45	51
	47	54
	48	55
	50	58
	51	59
	52	60
	54	63
	55	64
	57	67
	58	68
	62	72
	66	76
	67	77
	70	80
	72	81
	73	82
	76	85
	77	86
	80	89
	81	90
	83	91
	84	92
	87	104
	88	105
	91	108
	92	109
	94	110
	96	111
	97	112
	100	115
	101	116
	104	119
	106	120
	107	121
	118	124
	119	125
	122	128
	123	129
	143	132
	164	136
	165	137
	168	139
	169	140
	170	141
	172	142
	173	143
	175	144
	176	145
	178	146
	179	147
	181	148
	182	151
	185	159
	197	165
	198	166
	201	169
	202	170
	203	171
	204	174
	205	175
	208	178
	209	179
	210	180
	211	183
	212	184
	215	187
	216	188
	219	191
	220	194
	223	203
	224	206
	227	215
	228	216
	237	219
	238	220
	239	221
	240	223
	242	227
	243	228
	245	231
	246	232
	249	235
	250	236
	270	250
	271	251
	274	254
	275	306
	277	255
	278	258
	280	272
	281	275
	283	292
	284	293
	286	296
	287	297
	289	300
	290	301
	293	304
	294	308
	312	321
	313	322
	316	325
	317	363
	319	326
	320	328
	322	332
	323	335
	325	349
	326	350
	328	353
	329	354
	331	357
	332	358
	335	361
	336	365
	351	368
	352	369
	355	372
	356	373
	375	386
	376	387
	379	390
	380	445
	382	391
	383	394
	385	406
	386	407
	388	410
	389	411
	391	414
	392	417
	394	431
	395	432
	397	435
	398	436
	400	439
	401	440
	404	443
	405	447
	419	460
	420	461
	423	464
	424	525
	426	465
	427	468
	429	482
	430	485
	432	499
	433	500
	435	503
	436	504
	438	507
	439	508
	441	511
	442	512
	444	515
	445	516
	447	519
	448	520
	451	523
	452	527
	455	530
	456	531
	458	534
	459	535
	461	538
	462	539
	464	542
	465	543
	468	546
	469	547
	476	550
	477	551
	480	553
	486	558
	492	562
	493	563
	496	566
	497	567
	499	570
	500	571
	502	574
	503	575
	505	578
	506	579
	508	582
	509	583
	511	585
net/minecraft/client/multiplayer/chat/package-info	0	0
com/mojang/realmsclient/gui/task/RepeatedDelayStrategy	40	39
	32	31
	37	36
	38	37
	39	38
	24	24
	40	39
	25	25
	10	10
	15	15
	31	30
net/minecraft/client/model/animal/sniffer/SniffletModel	104	77
	22	19
	23	20
	24	21
	28	25
	29	26
	30	27
	33	30
	34	31
	36	32
	37	32
	38	32
	40	33
	41	35
	42	36
	43	38
	44	40
	45	42
	47	44
	48	46
	49	46
	50	46
	51	47
	53	49
	54	50
	55	50
	56	50
	58	52
	59	53
	60	53
	61	53
	63	55
	64	55
	65	55
	66	55
	68	56
	69	57
	70	57
	71	57
	73	59
	74	60
	75	60
	76	60
	78	62
	79	63
	80	63
	81	63
	83	65
	84	66
	85	66
	86	66
	88	68
	89	69
	90	69
	91	69
	93	71
	94	72
	95	72
	96	72
	98	74
	99	75
	100	75
	101	75
	104	77
net/minecraft/client/gui/screens/social/PlayerEntry	290	280
	256	251
	257	252
	258	253
	261	256
	262	257
	263	258
	264	259
	267	262
	268	263
	269	264
	271	265
	276	269
	277	270
	279	271
	280	272
	281	273
	282	274
	283	275
	284	276
	285	277
	286	278
	287	280
	288	280
	290	280
	35	34
	36	35
	37	37
	38	37
	39	38
	40	39
	42	42
	43	42
	44	42
	46	45
	47	45
	48	45
	69	61
	70	62
	71	63
	72	64
	73	65
	74	66
	75	67
	76	68
	77	69
	81	72
	83	74
	84	75
	85	76
	86	77
	89	87
	90	88
	91	89
	92	90
	94	91
	95	92
	96	93
	97	94
	99	95
	100	96
	102	97
	104	98
	105	99
	106	100
	107	103
	108	112
	109	114
	112	119
	115	122
	116	123
	117	124
	118	125
	119	126
	120	127
	121	128
	124	131
	127	134
	128	135
	129	136
	130	137
	131	138
	132	139
	135	142
	138	145
	139	146
	141	147
	142	148
	143	149
	144	150
	146	101
	148	152
	151	155
	152	156
	155	159
	156	160
	158	161
	160	161
	166	166
	167	167
	168	168
	171	169
	172	171
	173	172
	174	173
	176	175
	177	176
	178	177
	181	180
	183	181
	185	182
	186	183
	189	186
	190	187
	192	188
	193	189
	194	190
	195	191
	196	192
	197	193
	198	194
	199	195
	200	196
	202	197
	203	198
	207	202
	208	203
	210	205
	214	209
	219	214
	223	218
	227	222
	231	226
	235	230
	236	231
	239	234
	243	238
	244	239
	247	242
	251	246
	255	250
net/minecraft/client/data/models/blockstates/MultiPartGenerator	62	57
	32	31
	36	35
	37	36
	40	39
	41	40
	42	41
	46	45
	18	17
	19	18
	51	50
	52	51
	53	51
	23	22
	27	26
	62	57
	31	30
net/minecraft/client/animation/definitions/CopperGolemAnimation	1112	1360
	10	9
	11	11
	12	15
	13	16
	14	17
	15	18
	16	19
	18	22
	19	26
	20	27
	21	28
	22	29
	23	30
	25	33
	26	37
	27	38
	28	39
	30	42
	31	46
	32	47
	33	48
	35	51
	36	55
	37	56
	38	57
	40	60
	41	64
	42	65
	43	66
	45	69
	47	70
	48	71
	49	75
	50	76
	51	77
	52	78
	53	79
	54	80
	55	81
	56	82
	58	85
	59	89
	60	90
	61	91
	62	92
	63	93
	64	94
	65	95
	66	96
	67	97
	68	98
	69	99
	71	102
	73	103
	74	104
	75	105
	76	109
	77	110
	78	111
	79	112
	80	113
	82	116
	83	120
	84	121
	85	122
	86	123
	87	124
	89	127
	90	131
	92	134
	93	137
	95	140
	96	143
	98	146
	99	150
	100	151
	101	152
	103	155
	104	159
	105	160
	106	161
	108	164
	110	165
	111	166
	112	167
	113	171
	114	172
	115	173
	116	174
	117	175
	118	176
	119	177
	120	178
	121	179
	122	180
	123	181
	124	182
	125	183
	126	184
	127	185
	128	186
	129	187
	130	188
	131	189
	132	190
	133	191
	134	192
	135	193
	136	194
	137	195
	138	196
	139	197
	140	198
	141	199
	142	200
	143	201
	145	204
	146	208
	147	209
	148	210
	149	211
	150	212
	151	213
	152	214
	153	215
	154	216
	155	217
	156	218
	157	219
	158	220
	159	221
	160	222
	161	223
	163	226
	164	230
	165	231
	166	232
	167	233
	168	234
	169	235
	170	236
	171	237
	172	238
	173	239
	174	240
	175	241
	176	242
	177	243
	178	244
	179	245
	180	246
	181	247
	182	248
	183	249
	184	250
	185	251
	186	252
	187	253
	188	254
	189	255
	190	256
	191	257
	192	258
	193	259
	194	260
	195	261
	196	262
	197	263
	198	264
	200	267
	201	271
	202	272
	203	273
	204	274
	205	275
	206	276
	207	277
	208	278
	209	279
	210	280
	211	281
	212	282
	213	283
	214	284
	215	285
	216	286
	217	287
	218	288
	219	289
	220	290
	221	291
	222	292
	224	295
	225	299
	226	300
	227	301
	228	302
	229	303
	230	304
	231	305
	232	306
	233	307
	234	308
	235	309
	236	310
	237	311
	238	312
	239	313
	240	314
	241	315
	242	316
	243	317
	244	318
	245	319
	246	320
	247	321
	248	322
	249	323
	250	324
	251	325
	253	328
	254	332
	255	333
	256	334
	257	335
	258	336
	259	337
	260	338
	261	339
	262	340
	263	341
	264	342
	265	343
	266	344
	267	345
	268	346
	269	347
	271	350
	272	354
	273	355
	274	356
	275	357
	276	358
	277	359
	278	360
	279	361
	280	362
	281	363
	282	364
	283	365
	284	366
	285	367
	286	368
	287	369
	288	370
	289	371
	290	372
	291	373
	292	374
	293	375
	294	376
	295	377
	296	378
	298	381
	299	385
	300	386
	301	387
	302	388
	303	389
	304	390
	305	391
	306	392
	307	393
	308	394
	310	397
	311	401
	312	402
	313	403
	314	404
	315	405
	316	406
	317	407
	318	408
	319	409
	320	410
	321	411
	322	412
	323	413
	325	416
	326	420
	327	421
	328	422
	329	423
	330	424
	331	425
	332	426
	333	427
	334	428
	335	429
	336	430
	338	433
	339	437
	340	438
	341	439
	342	440
	343	441
	344	442
	345	443
	346	444
	347	445
	348	446
	349	447
	350	448
	352	451
	353	455
	354	456
	355	457
	356	458
	357	459
	358	460
	359	461
	360	462
	361	463
	362	464
	364	467
	366	468
	367	469
	368	470
	369	474
	370	475
	371	476
	372	477
	373	478
	374	479
	375	480
	376	481
	377	482
	378	483
	379	484
	380	485
	381	486
	382	487
	383	488
	384	489
	385	490
	386	491
	387	492
	388	493
	389	494
	390	495
	391	496
	392	497
	393	498
	395	501
	396	505
	397	506
	398	507
	399	508
	400	509
	401	510
	402	511
	403	512
	404	513
	405	514
	406	515
	407	516
	408	517
	409	518
	411	521
	412	525
	413	526
	414	527
	415	528
	416	529
	417	530
	418	531
	419	532
	420	533
	421	534
	422	535
	423	536
	424	537
	425	538
	426	539
	427	540
	428	541
	429	542
	430	543
	431	544
	432	545
	433	546
	434	547
	435	548
	436	549
	437	550
	438	551
	439	552
	440	553
	441	554
	442	555
	443	556
	444	557
	445	558
	447	561
	448	565
	449	566
	450	567
	451	568
	452	569
	453	570
	454	571
	455	572
	456	573
	457	574
	458	575
	459	576
	460	577
	461	578
	462	579
	463	580
	464	581
	465	582
	466	583
	467	584
	468	585
	469	586
	470	587
	472	590
	473	594
	474	595
	475	596
	476	597
	477	598
	478	599
	479	600
	480	601
	481	602
	482	603
	483	604
	484	605
	485	606
	486	607
	487	608
	488	609
	489	610
	490	611
	491	612
	492	613
	493	614
	494	615
	495	616
	496	617
	498	620
	499	624
	500	625
	501	626
	502	627
	503	628
	504	629
	505	630
	506	631
	507	632
	508	633
	509	634
	510	635
	511	636
	512	637
	513	638
	514	639
	515	640
	516	641
	517	642
	518	643
	519	644
	521	647
	522	651
	523	652
	524	653
	525	654
	526	655
	527	656
	528	657
	529	658
	530	659
	531	660
	532	661
	533	662
	534	663
	535	664
	536	665
	537	666
	538	667
	539	668
	540	669
	541	670
	542	671
	543	672
	544	673
	545	674
	546	675
	547	676
	549	679
	550	683
	551	684
	552	685
	553	686
	554	687
	555	688
	556	689
	557	690
	558	691
	559	692
	560	693
	561	694
	562	695
	563	696
	564	697
	565	698
	566	699
	568	702
	569	706
	570	707
	571	708
	572	709
	573	710
	574	711
	575	712
	576	713
	577	714
	579	717
	580	721
	581	722
	582	723
	583	724
	584	725
	585	726
	586	727
	587	728
	588	729
	590	732
	591	736
	592	737
	593	738
	594	739
	596	742
	597	746
	598	747
	599	748
	600	749
	601	750
	602	751
	604	754
	605	758
	606	759
	608	762
	610	763
	611	764
	612	765
	613	769
	614	770
	615	771
	616	772
	617	773
	618	774
	619	775
	620	776
	621	777
	622	778
	623	779
	624	780
	625	781
	626	782
	627	783
	628	784
	629	785
	630	786
	631	787
	632	788
	633	789
	634	790
	635	791
	636	792
	637	793
	638	794
	639	795
	640	796
	641	797
	642	798
	643	799
	645	802
	646	806
	647	807
	648	808
	649	809
	650	810
	651	811
	652	812
	653	813
	654	814
	655	815
	656	816
	657	817
	658	818
	659	819
	660	820
	661	821
	663	824
	664	828
	665	829
	666	830
	667	831
	668	832
	669	833
	670	834
	671	835
	672	836
	673	837
	674	838
	675	839
	676	840
	677	841
	678	842
	679	843
	680	844
	681	845
	682	846
	683	847
	684	848
	685	849
	686	850
	687	851
	688	852
	689	853
	690	854
	691	855
	692	856
	693	857
	694	858
	695	859
	696	860
	697	861
	698	862
	699	863
	700	864
	701	865
	702	866
	704	869
	705	873
	706	874
	707	875
	708	876
	709	877
	710	878
	711	879
	712	880
	713	881
	714	882
	715	883
	716	884
	717	885
	718	886
	719	887
	720	888
	721	889
	722	890
	723	891
	724	892
	725	893
	726	894
	727	895
	728	896
	729	897
	731	900
	732	904
	733	905
	734	906
	735	907
	736	908
	737	909
	738	910
	739	911
	740	912
	741	913
	742	914
	743	915
	744	916
	745	917
	746	918
	747	919
	748	920
	749	921
	750	922
	751	923
	752	924
	753	925
	754	926
	755	927
	756	928
	757	929
	758	930
	759	931
	760	932
	761	933
	762	934
	763	935
	764	936
	765	937
	766	938
	767	939
	768	940
	770	943
	771	947
	772	948
	773	949
	774	950
	775	951
	776	952
	777	953
	778	954
	779	955
	780	956
	781	957
	782	958
	783	959
	784	960
	785	961
	786	962
	787	963
	788	964
	789	965
	790	966
	791	967
	792	968
	793	969
	794	970
	795	971
	796	972
	797	973
	798	974
	799	975
	801	978
	802	982
	803	983
	804	984
	805	985
	806	986
	807	987
	808	988
	809	989
	810	990
	811	991
	812	992
	813	993
	814	994
	815	995
	816	996
	817	997
	818	998
	819	999
	820	1000
	821	1001
	822	1002
	823	1003
	824	1004
	825	1005
	826	1006
	828	1009
	829	1013
	830	1014
	831	1015
	832	1016
	833	1017
	834	1018
	835	1019
	836	1020
	837	1021
	838	1022
	840	1025
	841	1029
	842	1030
	843	1031
	844	1032
	845	1033
	846	1034
	847	1035
	848	1036
	849	1037
	851	1040
	852	1044
	853	1045
	854	1046
	855	1047
	856	1048
	857	1049
	858	1050
	859	1051
	861	1054
	862	1058
	863	1059
	864	1060
	865	1061
	866	1062
	867	1063
	868	1064
	869	1065
	870	1066
	871	1067
	872	1068
	874	1071
	875	1075
	876	1076
	877	1077
	878	1078
	879	1079
	880	1080
	881	1081
	882	1082
	883	1083
	884	1084
	885	1085
	887	1088
	889	1089
	890	1090
	891	1091
	892	1095
	893	1096
	894	1097
	895	1098
	896	1099
	897	1100
	898	1101
	899	1102
	900	1103
	901	1104
	902	1105
	903	1106
	904	1107
	905	1108
	906	1109
	907	1110
	908	1111
	909	1112
	910	1113
	911	1114
	912	1115
	913	1116
	914	1117
	916	1120
	917	1124
	918	1125
	919	1126
	920	1127
	921	1128
	922	1129
	923	1130
	924	1131
	925	1132
	926	1133
	927	1134
	928	1135
	930	1138
	931	1142
	932	1143
	933	1144
	934	1145
	935	1146
	936	1147
	937	1148
	938	1149
	939	1150
	940	1151
	941	1152
	942	1153
	943	1154
	944	1155
	945	1156
	946	1157
	947	1158
	948	1159
	949	1160
	950	1161
	951	1162
	952	1163
	953	1164
	954	1165
	955	1166
	956	1167
	957	1168
	958	1169
	959	1170
	960	1171
	961	1172
	962	1173
	964	1176
	965	1180
	966	1181
	967	1182
	968	1183
	969	1184
	970	1185
	971	1186
	972	1187
	973	1188
	974	1189
	975	1190
	976	1191
	977	1192
	978	1193
	979	1194
	980	1195
	981	1196
	983	1199
	984	1203
	985	1204
	986	1205
	987	1206
	988	1207
	989	1208
	990	1209
	991	1210
	992	1211
	993	1212
	994	1213
	995	1214
	996	1215
	997	1216
	998	1217
	999	1218
	1000	1219
	1001	1220
	1002	1221
	1003	1222
	1004	1223
	1005	1224
	1006	1225
	1007	1226
	1008	1227
	1010	1230
	1011	1234
	1012	1235
	1013	1236
	1014	1237
	1015	1238
	1016	1239
	1017	1240
	1018	1241
	1019	1242
	1020	1243
	1021	1244
	1022	1245
	1023	1246
	1024	1247
	1025	1248
	1026	1249
	1027	1250
	1028	1251
	1029	1252
	1030	1253
	1032	1256
	1033	1260
	1034	1261
	1035	1262
	1036	1263
	1037	1264
	1038	1265
	1039	1266
	1040	1267
	1041	1268
	1042	1269
	1043	1270
	1044	1271
	1045	1272
	1046	1273
	1047	1274
	1048	1275
	1049	1276
	1050	1277
	1051	1278
	1052	1279
	1053	1280
	1054	1281
	1055	1282
	1056	1283
	1057	1284
	1058	1285
	1059	1286
	1060	1287
	1062	1290
	1063	1294
	1064	1295
	1065	1296
	1066	1297
	1067	1298
	1068	1299
	1069	1300
	1070	1301
	1071	1302
	1072	1303
	1073	1304
	1074	1305
	1075	1306
	1076	1307
	1078	1310
	1079	1314
	1080	1315
	1081	1316
	1082	1317
	1083	1318
	1084	1319
	1086	1322
	1087	1326
	1088	1327
	1089	1328
	1090	1329
	1091	1330
	1092	1331
	1094	1334
	1095	1338
	1096	1339
	1097	1340
	1098	1341
	1099	1342
	1100	1343
	1101	1344
	1103	1347
	1104	1351
	1105	1352
	1106	1353
	1107	1354
	1108	1355
	1109	1356
	1110	1357
	1112	1360
net/minecraft/client/gui/screens/worldselection/SwitchGrid	180	185
	129	137
	130	138
	131	139
	133	142
	135	143
	136	144
	138	145
	139	146
	140	147
	141	148
	144	151
	145	153
	147	156
	150	159
	151	160
	152	161
	154	164
	156	165
	157	166
	158	168
	159	169
	160	170
	161	171
	162	172
	163	173
	36	53
	164	174
	37	54
	165	175
	166	179
	167	179
	40	57
	168	181
	41	58
	170	185
	44	61
	45	62
	46	63
	176	104
	177	105
	50	67
	178	106
	51	68
	180	108
	55	72
	56	73
	60	77
	62	78
	63	79
	65	80
	66	81
	67	83
	68	84
	71	87
	72	88
	73	89
	74	90
	78	94
	79	95
	87	28
	88	29
	89	30
	92	33
	96	37
	97	38
	100	41
	112	120
	113	121
	114	122
	115	123
	116	124
	119	127
	120	128
	124	132
	125	133
net/minecraft/client/gui/render/DynamicAtlasAllocator	129	130
	129	130
	24	23
	25	24
	26	25
	27	27
	28	28
	29	29
	32	33
	33	34
	34	35
	37	38
	38	39
	39	40
	43	43
	44	44
	45	45
	46	49
	48	46
	49	47
	51	52
	55	56
	56	57
	59	60
	60	61
	61	62
	63	65
	64	66
	65	67
	66	68
	68	70
	71	73
	72	74
	76	78
	77	79
	78	80
	79	81
	80	82
	83	85
	84	86
	85	87
	88	90
	89	91
	90	92
	91	93
	92	94
	93	95
	94	96
	99	101
	104	106
	116	117
	117	118
	118	119
	121	122
	125	126
com/mojang/blaze3d/vertex/QuadInstance	97	114
	9	8
	10	9
	11	10
	12	11
	13	12
	14	13
	15	14
	16	15
	17	16
	20	19
	21	20
	22	21
	23	22
	24	23
	25	24
	30	29
	31	30
	32	31
	33	32
	34	33
	35	34
	40	39
	44	43
	48	47
	49	49
	50	52
	51	55
	52	58
	53	61
	55	63
	58	66
	59	68
	60	71
	61	74
	62	77
	63	80
	65	82
	68	85
	69	86
	70	87
	71	88
	72	89
	75	92
	76	93
	77	94
	78	95
	79	96
	82	99
	83	100
	86	103
	87	104
	88	105
	89	106
	90	107
	93	110
	94	111
	95	112
	96	113
	97	114
net/minecraft/client/telemetry/events/PerformanceMetricsEvent	57	57
	11	11
	18	18
	19	19
	21	21
	24	24
	25	25
	26	26
	27	27
	31	31
	32	32
	33	33
	34	34
	37	37
	38	38
	39	39
	40	40
	41	41
	45	45
	46	46
	47	47
	48	48
	49	49
	50	50
	51	51
	52	52
	53	53
	54	54
	57	57
net/minecraft/client/renderer/entity/state/LivingEntityRenderState	37	35
	17	17
	18	18
	37	35
	29	28
net/minecraft/client/gui/screens/recipebook/RecipeUpdateListener	0	0
net/minecraft/client/gui/screens/options/package-info	0	0
net/minecraft/client/model/animal/camel/package-info	0	0
com/mojang/blaze3d/buffers/Std140Builder	153	149
	128	124
	129	125
	130	126
	134	130
	135	131
	136	132
	137	133
	138	134
	139	135
	143	139
	144	140
	145	141
	146	142
	150	146
	23	19
	151	147
	24	20
	152	148
	25	21
	153	149
	28	24
	32	28
	36	32
	40	36
	41	37
	42	38
	46	42
	47	43
	48	44
	52	48
	53	49
	54	50
	58	54
	59	55
	60	56
	61	57
	65	61
	66	62
	67	63
	68	64
	72	68
	73	69
	74	70
	75	71
	79	75
	80	76
	81	77
	82	78
	86	82
	87	83
	88	84
	89	85
	90	86
	91	87
	95	91
	96	92
	97	93
	98	94
	102	98
	103	99
	104	100
	105	101
	106	102
	107	103
	111	107
	112	108
	113	109
	114	110
	118	114
	119	115
	120	116
	121	117
	122	118
	123	119
	127	123
net/minecraft/client/gui/components/TabOrderedElement	5	5
	5	5
net/minecraft/client/gui/components/OptionsList	204	209
	130	202
	140	110
	141	111
	142	112
	145	115
	149	119
	150	120
	152	121
	25	22
	26	23
	27	24
	28	25
	156	127
	157	128
	31	28
	159	130
	32	29
	35	32
	163	137
	36	33
	164	138
	37	34
	165	139
	39	36
	167	141
	42	39
	43	40
	172	147
	45	42
	173	148
	174	150
	175	151
	48	45
	176	152
	49	46
	177	153
	179	155
	52	49
	53	50
	183	159
	56	53
	57	54
	58	55
	59	56
	188	164
	63	60
	192	168
	193	169
	194	170
	67	64
	68	65
	69	66
	197	174
	70	67
	71	68
	75	73
	203	208
	204	209
	79	77
	80	78
	81	79
	82	80
	83	81
	88	86
	91	89
	92	90
	93	91
	94	92
	95	93
	96	94
	101	99
	112	184
	113	185
	114	186
	115	187
	119	191
	124	196
	125	197
	126	198
net/minecraft/client/data/models/model/ModelLocationUtils	36	35
	16	15
	35	34
	20	19
	36	35
	21	20
	25	24
	26	25
	12	11
	30	29
	31	30
net/minecraft/client/renderer/block/model/BlockStateModelWrapper	53	47
	32	30
	35	33
	36	34
	37	36
	38	37
	41	40
	51	45
	52	46
	53	47
	22	20
	23	21
	24	22
	25	23
	29	27
	30	28
	31	29
net/minecraft/client/User	44	43
	16	15
	32	31
	17	16
	18	17
	19	18
	20	19
	36	35
	21	20
	24	23
	40	39
	28	27
	44	43
net/minecraft/client/resources/model/sprite/TextureSlots	163	156
	128	116
	129	117
	130	118
	131	119
	134	124
	137	127
	138	128
	142	131
	143	133
	144	134
	145	135
	146	137
	147	138
	148	139
	149	140
	150	141
	151	142
	152	143
	25	25
	157	148
	31	30
	32	31
	160	152
	163	156
	36	34
	37	35
	40	38
	44	42
	48	46
	49	48
	50	49
	52	52
	56	56
	57	57
	59	59
	61	61
	73	64
	79	70
	80	71
	84	75
	85	76
	89	80
	90	80
	93	80
	99	89
	105	93
	106	94
	110	98
	111	99
	115	103
	116	104
	119	107
	120	108
	122	110
	123	111
	124	112
	125	113
	126	114
	127	115
net/minecraft/client/particle/ItemPickupParticleGroup	52	52
	32	49
	33	50
	35	52
	40	30
	41	31
	43	32
	44	33
	45	34
	47	35
	48	36
	49	37
	19	18
	51	38
	20	19
	52	39
	24	24
	30	46
	31	47
net/minecraft/client/multiplayer/chat/ChatListener	267	249
	258	239
	259	240
	260	241
	262	243
	267	249
	26	24
	35	32
	36	33
	39	36
	40	37
	41	38
	43	54
	46	41
	47	42
	48	43
	50	47
	54	49
	55	50
	57	54
	60	57
	63	58
	65	59
	68	62
	69	63
	72	66
	73	67
	76	70
	80	74
	81	75
	82	76
	83	77
	86	80
	90	84
	94	88
	95	89
	97	91
	99	93
	102	96
	103	97
	104	98
	106	99
	107	100
	108	101
	109	102
	110	103
	111	104
	113	107
	115	109
	118	112
	119	113
	120	114
	123	115
	125	118
	126	119
	129	121
	130	122
	131	129
	134	123
	135	124
	136	125
	137	126
	138	127
	140	133
	143	136
	145	137
	146	138
	148	139
	149	147
	152	140
	153	141
	154	142
	156	143
	158	144
	159	145
	161	150
	164	160
	165	161
	166	162
	169	165
	170	189
	173	166
	174	167
	175	186
	178	168
	180	169
	181	170
	182	171
	183	172
	184	173
	186	175
	187	176
	188	177
	189	178
	193	182
	195	183
	196	184
	200	194
	201	195
	204	198
	205	198
	208	198
	212	202
	213	203
	214	204
	217	207
	218	208
	219	209
	222	212
	223	225
	226	213
	227	214
	228	225
	231	215
	232	216
	233	217
	235	219
	239	222
	240	225
	243	228
	244	229
	245	230
	248	233
	249	234
	250	235
	251	235
	254	235
net/minecraft/client/resources/language/ClientLanguage	79	72
	32	30
	64	60
	34	32
	35	33
	37	35
	69	64
	39	37
	40	38
	41	39
	42	40
	74	68
	47	45
	79	72
	49	46
	21	20
	53	50
	54	51
	55	52
	56	53
	57	54
	27	25
	28	26
	60	57
	29	27
net/minecraft/client/gui/components/package-info	0	0
net/minecraft/client/particle/SquidInkParticle	65	89
	65	67
	12	21
	13	22
	14	23
	16	24
	17	25
	19	26
	20	27
	22	28
	24	29
	25	30
	26	31
	27	32
	31	36
	32	37
	33	38
	34	39
	35	40
	37	43
	38	44
	41	47
	47	75
	48	76
	52	89
	60	53
	61	54
net/minecraft/client/renderer/item/TrackingItemStackRenderState	16	15
	16	15
	12	11
	13	12
net/minecraft/client/model/monster/zombie/DrownedModel	63	54
	17	16
	18	17
	21	20
	22	21
	24	22
	25	23
	26	23
	27	23
	29	25
	30	26
	31	26
	32	26
	35	28
	40	33
	42	34
	43	35
	44	36
	47	39
	48	40
	49	41
	52	44
	53	45
	54	46
	55	47
	56	48
	57	49
	59	50
	60	51
	61	52
	63	54
net/minecraft/client/server/package-info	0	0
net/minecraft/client/model/animal/sniffer/SnifferModel	106	131
	32	28
	33	29
	34	29
	35	29
	36	29
	38	30
	39	31
	40	32
	41	33
	42	34
	43	35
	44	36
	45	37
	48	40
	49	41
	51	42
	52	42
	54	43
	55	46
	56	48
	57	50
	59	54
	60	56
	61	59
	62	61
	63	64
	64	66
	65	69
	66	71
	67	74
	68	76
	69	79
	70	81
	72	84
	73	87
	74	89
	76	93
	77	95
	78	98
	79	100
	80	103
	81	105
	82	108
	83	110
	85	113
	90	117
	92	118
	93	119
	95	120
	96	121
	98	123
	101	126
	102	127
	103	128
	104	129
	105	130
	106	131
net/minecraft/client/gui/spectator/categories/package-info	0	0
net/minecraft/client/particle/DustColorTransitionParticle	50	67
	32	40
	33	41
	37	45
	38	46
	39	47
	45	53
	46	54
	15	25
	17	26
	50	67
	19	27
	20	28
	21	29
	24	32
	28	36
	29	37
	30	38
	31	39
com/mojang/realmsclient/client/worldupload/RealmsUploadTooLargeException	17	17
	16	16
	17	17
	10	10
	11	11
	15	15
net/minecraft/client/multiplayer/TransferState	0	0
net/minecraft/client/main/GameConfig	112	133
	67	40
	68	41
	69	42
	70	43
	71	44
	74	47
	21	26
	22	27
	86	112
	23	28
	24	29
	25	30
	26	31
	93	98
	100	105
	39	71
	40	72
	41	73
	42	74
	43	75
	107	91
	44	76
	45	77
	46	78
	47	79
	112	84
	55	131
	56	132
	57	133
net/minecraft/client/gui/screens/options/SoundOptionsScreen	28	28
	16	15
	20	19
	21	20
	22	21
	23	22
	24	23
	25	24
	12	11
	28	28
	15	14
net/minecraft/client/renderer/texture/atlas/SpriteResourceLoader	61	64
	33	33
	34	34
	35	35
	36	36
	37	37
	38	38
	39	39
	43	43
	44	44
	45	45
	46	46
	47	47
	51	51
	52	52
	53	53
	54	54
	55	57
	56	58
	25	25
	59	61
	28	28
	61	64
net/minecraft/client/renderer/item/properties/numeric/BundleFullness	20	20
	20	20
	11	11
	15	15
net/minecraft/client/renderer/block/model/EmptyBlockModel	17	17
	17	17
	12	12
net/minecraft/client/gui/screens/reporting/SkinReportScreen	85	74
	64	57
	65	58
	69	62
	70	63
	71	64
	73	66
	75	69
	76	70
	82	74
	83	74
	85	74
	25	22
	31	27
	32	28
	35	31
	36	32
	39	35
	40	36
	44	40
	45	41
	47	42
	49	43
	51	44
	52	45
	54	46
	55	47
	56	48
	57	50
	58	52
	60	53
	61	54
	62	55
	63	56
net/minecraft/client/entity/ClientAvatarEntity	0	0
net/minecraft/client/renderer/entity/WardenRenderer	89	80
	66	60
	70	63
	75	67
	13	13
	14	14
	15	15
	16	16
	80	71
	17	17
	81	72
	82	73
	83	74
	20	20
	84	75
	85	76
	22	21
	86	77
	23	22
	87	78
	24	23
	88	79
	25	24
	89	80
	27	25
	28	27
	29	27
	34	30
	36	33
	37	34
	42	40
	44	43
	45	44
	50	50
	52	52
	53	52
	58	55
	60	57
	61	57
net/minecraft/client/particle/QuadParticleGroup	35	36
	35	36
	16	16
	17	17
	18	18
	22	22
	23	23
	25	25
	26	26
	27	27
	28	28
	29	29
	30	30
	31	31
net/minecraft/client/renderer/Rect2i	73	70
	64	61
	65	62
	68	65
	69	66
	70	67
	73	70
	10	10
	11	11
	12	12
	13	13
	14	14
	17	17
	18	18
	19	19
	20	20
	22	21
	23	22
	24	23
	25	24
	27	25
	28	26
	29	27
	30	28
	32	29
	36	33
	40	37
	44	41
	45	42
	48	45
	49	46
	52	49
	56	53
	60	57
	61	58
net/minecraft/client/renderer/entity/state/PhantomRenderState	0	0
com/mojang/realmsclient/gui/RealmsServerList	47	42
	33	28
	34	29
	37	32
	38	33
	39	34
	43	38
	47	42
	20	17
	21	18
	24	21
	25	22
	27	23
	28	24
	30	25
net/minecraft/client/renderer/entity/layers/LivingEntityEmissiveLayer	45	51
	35	40
	36	51
	38	41
	39	42
	40	51
	42	43
	43	44
	44	45
	45	51
	25	29
	26	30
	27	31
	28	32
	29	33
	30	34
	31	35
net/minecraft/client/gui/components/Checkbox	185	176
	129	56
	133	60
	137	64
	141	68
	18	18
	146	73
	19	19
	147	74
	20	20
	148	75
	21	21
	151	78
	156	83
	157	84
	158	85
	159	86
	161	90
	164	95
	168	99
	169	100
	172	102
	173	103
	175	105
	177	108
	178	109
	51	128
	180	110
	52	129
	181	111
	53	130
	182	112
	54	131
	184	113
	185	114
	57	134
	58	135
	59	136
	63	140
	64	141
	68	145
	69	146
	70	147
	74	151
	75	152
	76	153
	80	157
	81	158
	85	162
	86	163
	90	167
	91	168
	92	169
	93	170
	95	171
	96	172
	97	173
	99	176
	104	32
	106	33
	107	34
	108	35
	109	36
	110	37
	111	38
	112	39
	115	42
	116	43
	117	44
	121	48
	125	52
net/minecraft/client/renderer/entity/PufferfishRenderer	66	58
	64	56
	33	30
	65	57
	66	58
	38	34
	43	38
	48	42
	49	43
	18	18
	50	44
	51	45
	52	42
	53	47
	54	48
	25	24
	58	51
	27	25
	59	52
	28	26
	60	53
	29	27
net/minecraft/client/resources/metadata/animation/AnimationMetadataSection	45	35
	35	27
	38	30
	40	31
	44	34
	45	35
	18	13
	19	15
	20	16
	21	17
	22	18
	23	19
	24	21
	26	23
	29	26
	30	27
	31	27
net/minecraft/client/renderer/entity/ItemEntityRenderer	166	152
	128	120
	129	121
	133	122
	134	123
	136	124
	138	126
	139	127
	140	128
	141	129
	142	130
	143	131
	144	132
	145	133
	150	136
	151	137
	153	138
	26	25
	154	139
	27	26
	156	141
	29	27
	157	142
	30	28
	158	143
	31	29
	159	144
	160	145
	161	146
	162	147
	35	32
	163	148
	166	152
	40	36
	42	37
	44	38
	45	39
	49	42
	50	54
	53	43
	55	44
	57	45
	58	46
	59	47
	62	48
	63	49
	65	50
	66	51
	68	52
	69	54
	72	63
	73	64
	76	74
	77	75
	78	108
	81	76
	82	77
	86	78
	87	79
	89	80
	91	82
	92	83
	93	84
	94	85
	95	86
	96	87
	97	88
	98	89
	103	92
	104	93
	106	94
	107	95
	109	97
	110	98
	111	99
	112	100
	113	101
	114	102
	115	103
	116	104
	119	108
	122	117
	123	118
	124	119
	125	152
net/minecraft/client/gui/screens/packs/PackSelectionModel	269	268
	131	130
	259	258
	136	135
	264	263
	265	264
	141	140
	269	268
	146	145
	151	150
	156	155
	31	33
	32	34
	33	35
	161	160
	34	36
	36	37
	37	38
	165	164
	38	39
	166	165
	39	40
	167	166
	40	41
	168	167
	169	168
	170	169
	43	44
	173	172
	174	173
	47	48
	175	174
	177	176
	51	52
	52	53
	180	179
	181	180
	182	181
	55	56
	183	182
	56	57
	184	183
	57	58
	185	184
	60	61
	189	188
	62	62
	190	189
	191	190
	64	63
	65	64
	66	65
	67	66
	196	195
	197	196
	201	200
	202	201
	203	202
	208	207
	209	208
	83	82
	214	213
	215	214
	219	218
	224	223
	101	100
	229	228
	105	104
	234	233
	238	237
	239	238
	244	243
	117	116
	245	244
	118	117
	249	248
	126	125
	254	253
net/minecraft/client/gui/screens/inventory/BookEditScreen	246	220
	49	40
	50	41
	69	54
	70	55
	71	56
	72	57
	74	58
	76	59
	77	60
	80	63
	81	64
	84	67
	89	72
	90	73
	92	74
	93	75
	94	76
	95	77
	96	78
	97	79
	98	80
	99	81
	100	82
	101	83
	102	84
	103	85
	104	86
	105	87
	106	88
	108	89
	110	90
	111	91
	113	92
	114	93
	115	93
	116	95
	117	96
	118	97
	119	98
	121	99
	122	100
	125	103
	129	107
	133	111
	138	116
	139	117
	143	121
	147	125
	151	129
	152	130
	153	131
	155	134
	156	135
	159	138
	160	139
	162	141
	163	142
	164	143
	167	147
	168	148
	169	149
	172	152
	173	153
	174	154
	177	157
	178	158
	181	161
	182	163
	183	164
	185	166
	188	169
	190	170
	192	171
	193	172
	194	173
	199	176
	200	177
	203	180
	204	183
	206	181
	207	183
	211	187
	216	192
	218	194
	219	195
	221	197
	222	198
	226	200
	231	206
	232	207
	233	208
	236	211
	237	212
	239	213
	240	214
	244	218
	245	219
	246	220
net/minecraft/client/multiplayer/chat/report/NameReport	72	66
	32	30
	64	59
	65	60
	66	61
	37	35
	69	64
	71	65
	72	66
	42	40
	43	41
	46	44
	47	45
	19	18
	51	49
	20	19
	21	20
	24	23
	56	54
	57	54
	59	54
	29	27
	30	28
	31	29
net/minecraft/client/gui/screens/inventory/tooltip/ClientBundleTooltip	215	220
	130	127
	131	128
	135	132
	139	136
	143	140
	144	140
	145	140
	146	140
	147	140
	23	20
	151	152
	24	21
	152	153
	25	22
	26	23
	154	154
	27	24
	155	155
	28	25
	156	156
	158	158
	160	161
	161	162
	163	163
	164	164
	38	34
	166	166
	39	35
	40	36
	169	169
	170	170
	45	40
	173	173
	46	41
	174	174
	175	175
	176	176
	177	177
	50	45
	178	178
	179	179
	180	180
	182	189
	55	50
	185	192
	186	193
	187	194
	60	55
	188	195
	189	196
	191	198
	64	59
	194	201
	195	202
	68	63
	198	205
	72	67
	202	209
	76	71
	206	213
	80	75
	210	217
	211	218
	84	79
	212	220
	213	220
	215	220
	89	84
	90	85
	91	86
	92	87
	94	89
	97	92
	100	95
	101	96
	102	97
	103	98
	106	103
	107	104
	108	105
	109	106
	111	107
	112	109
	113	110
	114	111
	115	112
	117	113
	118	114
	119	115
	120	116
	121	117
	125	122
	126	123
	127	124
net/minecraft/client/renderer/special/NoDataSpecialModelRenderer	18	24
	17	23
	18	24
	12	11
net/minecraft/client/renderer/fog/environment/PowderedSnowFogEnvironment	34	35
	16	16
	34	35
	21	21
	22	22
	23	23
	25	25
	26	26
	28	29
	29	30
	30	31
com/mojang/realmsclient/gui/task/DataFetcher	170	166
	129	66
	132	69
	133	70
	134	71
	135	72
	137	74
	140	77
	141	78
	142	79
	21	18
	149	86
	150	87
	151	88
	152	89
	155	92
	28	24
	156	93
	29	25
	30	26
	158	95
	31	27
	161	98
	34	30
	162	99
	35	31
	36	32
	164	101
	38	34
	167	104
	168	105
	42	39
	170	107
	60	123
	61	124
	62	125
	63	126
	64	127
	67	130
	68	131
	69	132
	71	133
	73	136
	74	137
	75	138
	76	138
	77	139
	78	140
	79	141
	80	141
	81	142
	82	143
	83	144
	84	145
	87	148
	88	149
	90	151
	91	152
	92	153
	93	154
	94	155
	95	156
	99	160
	102	163
	103	164
	104	165
	105	166
	114	51
	115	52
	116	53
	119	56
	120	57
	121	58
	124	61
	125	62
	126	63
	127	64
net/minecraft/client/renderer/SkyRenderer	518	513
	512	507
	513	508
	514	509
	515	510
	516	511
	517	512
	518	513
	45	44
	46	45
	47	46
	78	72
	80	73
	81	74
	82	75
	83	76
	84	77
	85	78
	86	79
	88	81
	89	82
	90	83
	91	85
	92	86
	94	89
	95	90
	96	92
	97	93
	100	96
	103	99
	107	103
	108	104
	109	106
	110	107
	111	108
	112	109
	113	110
	114	112
	115	113
	116	114
	117	115
	118	116
	120	119
	121	120
	127	126
	131	130
	135	134
	136	136
	137	137
	138	138
	139	139
	140	140
	141	141
	142	143
	143	144
	149	150
	150	151
	151	153
	152	154
	153	156
	154	157
	155	158
	156	159
	157	160
	158	161
	160	164
	161	165
	167	171
	168	172
	170	174
	171	175
	172	177
	173	178
	174	179
	175	180
	177	181
	179	182
	180	183
	184	184
	187	185
	189	186
	190	186
	191	186
	193	187
	194	188
	195	189
	196	190
	198	194
	199	195
	200	196
	206	202
	208	203
	209	205
	210	206
	212	208
	215	211
	216	212
	217	214
	218	215
	219	216
	220	218
	221	221
	222	224
	223	227
	224	230
	227	233
	228	234
	229	235
	230	236
	233	239
	234	240
	240	246
	241	248
	242	249
	243	253
	244	254
	245	255
	246	256
	247	257
	248	258
	250	260
	253	263
	254	264
	255	285
	257	265
	258	266
	259	267
	260	285
	262	268
	263	269
	264	270
	265	285
	268	273
	269	274
	270	275
	271	276
	272	277
	273	278
	274	279
	275	280
	276	281
	277	282
	278	285
	281	288
	285	292
	286	293
	287	294
	288	295
	290	297
	291	298
	292	302
	293	303
	294	304
	295	305
	296	306
	297	307
	300	310
	301	311
	304	322
	305	323
	307	324
	308	325
	309	326
	310	327
	312	328
	313	329
	314	330
	315	331
	317	332
	318	333
	319	334
	320	335
	321	336
	324	339
	325	340
	328	343
	329	344
	330	345
	331	346
	332	347
	334	348
	341	350
	342	351
	343	352
	345	354
	346	356
	347	357
	348	358
	349	359
	350	360
	351	361
	352	362
	353	363
	356	366
	357	367
	360	370
	362	371
	363	372
	364	373
	365	374
	366	375
	368	376
	375	378
	376	379
	377	380
	379	382
	380	384
	381	385
	382	386
	383	387
	384	388
	385	389
	386	390
	387	391
	390	394
	391	395
	394	398
	395	399
	396	400
	397	401
	399	402
	400	403
	401	404
	402	405
	404	410
	405	411
	406	412
	407	413
	408	414
	409	415
	410	416
	412	419
	413	420
	416	423
	417	424
	418	451
	421	425
	422	426
	423	427
	424	428
	426	429
	427	430
	428	431
	429	432
	431	434
	433	434
	438	435
	439	436
	441	438
	442	440
	443	441
	444	442
	445	443
	446	444
	447	445
	450	448
	451	449
	452	451
	455	454
	456	455
	458	456
	459	457
	460	458
	462	463
	463	464
	464	465
	465	466
	466	467
	467	468
	468	469
	469	470
	471	472
	474	475
	475	476
	477	477
	478	478
	479	479
	480	480
	481	481
	483	482
	490	484
	491	485
	492	486
	494	488
	495	490
	496	491
	497	492
	498	493
	499	494
	500	495
	501	496
	502	497
	505	500
	506	501
	510	505
	511	506
com/mojang/blaze3d/font/GlyphBitmap	37	37
	17	17
	33	33
	21	21
	37	37
	25	25
	29	29
com/mojang/realmsclient/util/task/ResettingTemplateWorldTask	19	19
	18	18
	19	19
	12	12
	13	13
	14	14
net/minecraft/client/gui/font/providers/BitmapProvider	226	217
	130	125
	131	127
	132	128
	134	129
	135	130
	137	131
	138	132
	140	133
	142	134
	144	136
	145	137
	146	139
	147	140
	148	141
	151	142
	153	143
	154	149
	155	150
	31	30
	160	156
	37	35
	165	162
	38	36
	166	162
	39	37
	167	163
	168	165
	169	166
	43	41
	171	167
	44	42
	172	168
	48	46
	176	173
	53	51
	62	55
	64	56
	65	57
	193	180
	67	59
	68	60
	198	185
	71	63
	201	190
	74	65
	75	67
	76	68
	78	71
	206	195
	80	72
	83	85
	211	200
	85	86
	86	87
	216	205
	89	90
	90	91
	92	92
	93	93
	221	210
	222	213
	96	96
	97	97
	98	98
	226	217
	99	100
	102	105
	105	73
	106	75
	107	76
	108	77
	109	78
	110	80
	113	109
	114	110
	116	111
	121	116
	126	121
net/minecraft/client/gui/screens/dialog/MultiButtonDialogScreen	17	15
	17	15
	12	11
	13	12
net/minecraft/client/renderer/item/EmptyModel	33	42
	16	25
	17	26
	33	42
	20	29
	24	33
	28	37
net/minecraft/client/model/geom/builders/CubeDefinition	34	48
	34	48
	23	36
	24	37
	25	38
	26	39
	27	40
	28	41
	29	42
	30	43
	31	44
net/minecraft/client/model/animal/package-info	0	0
net/minecraft/client/renderer/entity/MinecartRenderer	14	13
	9	9
	10	10
	14	13
net/minecraft/client/model/animal/sheep/BabySheepModel	52	32
	14	12
	15	13
	18	16
	19	17
	21	18
	22	18
	23	18
	24	18
	26	19
	27	19
	28	19
	29	19
	31	20
	32	21
	33	21
	34	21
	36	23
	37	24
	38	24
	39	24
	41	26
	42	27
	43	27
	44	27
	46	29
	47	30
	48	30
	49	30
	52	32
net/minecraft/client/renderer/entity/ShulkerRenderer	83	77
	64	62
	65	63
	66	64
	67	65
	68	66
	69	67
	70	68
	73	71
	74	71
	76	71
	81	75
	82	76
	83	77
	20	19
	21	22
	24	26
	25	27
	29	30
	34	34
	35	35
	38	38
	39	39
	40	40
	43	43
	44	44
	45	45
	47	46
	48	47
	53	53
	58	57
	63	61
net/minecraft/client/gui/package-info	0	0
net/minecraft/client/model/animal/equine/package-info	0	0
net/minecraft/client/searchtree/package-info	0	0
net/minecraft/client/gui/navigation/ScreenAxis	30	29
	16	15
	17	16
	18	17
	23	22
	24	23
	9	8
	25	24
	10	9
	11	10
	30	29
net/minecraft/client/renderer/entity/state/FireworkRocketRenderState	0	0
net/minecraft/client/renderer/entity/DrownedRenderer	61	54
	35	34
	40	39
	45	43
	47	44
	48	45
	49	46
	50	47
	19	19
	51	48
	20	20
	53	50
	23	23
	24	25
	25	26
	57	53
	26	27
	58	54
	27	28
	59	54
	61	54
	30	30
	31	31
net/minecraft/client/gui/screens/ProgressScreen	78	69
	64	57
	67	69
	70	60
	72	61
	73	62
	75	65
	76	66
	78	69
	19	17
	20	18
	21	19
	25	23
	30	28
	35	32
	36	33
	40	36
	41	37
	42	38
	46	41
	47	42
	48	43
	52	46
	53	47
	57	50
	58	51
	62	55
	63	56
net/minecraft/client/model/animal/nautilus/NautilusModel	94	131
	65	81
	67	82
	68	87
	69	89
	71	93
	72	98
	74	102
	75	107
	76	112
	78	117
	83	121
	84	122
	85	123
	87	124
	90	127
	91	128
	92	129
	93	130
	30	26
	94	131
	31	27
	32	28
	34	29
	35	30
	38	33
	42	37
	43	38
	45	39
	47	40
	48	45
	49	47
	51	51
	52	56
	54	60
	55	65
	56	70
	58	75
	62	79
	63	80
net/minecraft/client/renderer/entity/state/WitherRenderState	5	5
	4	4
	5	5
net/minecraft/client/gui/components/debugchart/TpsDebugChart	68	63
	64	59
	33	30
	34	31
	35	32
	68	63
	37	33
	38	34
	39	35
	41	36
	42	37
	43	38
	44	39
	48	43
	21	18
	53	48
	22	19
	23	20
	58	53
	27	24
	28	25
	29	26
	63	58
net/minecraft/client/model/monster/phantom/PhantomModel	98	82
	27	24
	28	25
	29	26
	30	27
	31	28
	32	29
	33	30
	34	31
	35	32
	38	35
	39	36
	41	37
	42	38
	43	38
	44	38
	46	40
	47	41
	48	41
	49	41
	51	43
	52	43
	53	43
	54	43
	56	44
	57	46
	58	46
	59	47
	61	49
	62	51
	63	51
	64	52
	66	54
	67	56
	68	56
	69	57
	71	59
	72	61
	73	61
	74	62
	76	64
	77	66
	78	66
	79	67
	82	69
	87	73
	89	74
	90	75
	91	76
	92	77
	93	78
	94	79
	96	80
	97	81
	98	82
net/minecraft/client/renderer/item/CuboidItemModelWrapper	149	154
	129	137
	130	138
	134	142
	136	143
	137	144
	138	145
	139	146
	141	147
	143	148
	144	149
	149	154
	43	45
	44	46
	45	47
	46	48
	47	49
	48	50
	51	53
	52	55
	53	56
	54	57
	57	61
	62	74
	63	75
	64	76
	65	77
	66	78
	67	79
	68	80
	71	83
	72	84
	73	86
	74	87
	75	88
	76	89
	80	93
	81	94
	83	95
	84	96
	85	97
	86	98
	88	100
	91	103
	92	104
	93	119
	98	105
	99	107
	100	108
	101	109
	102	110
	103	111
	107	115
	108	116
	110	119
	113	122
	121	126
	122	128
	123	129
	124	130
	125	132
net/minecraft/client/particle/SonicBoomParticle	26	33
	21	19
	22	20
	9	9
	26	33
	11	10
	12	11
	14	12
	15	13
net/minecraft/client/multiplayer/resolver/ServerRedirectHandler	52	47
	32	27
	33	28
	34	29
	35	30
	36	31
	39	34
	40	35
	42	37
	43	38
	44	39
	46	40
	47	41
	16	14
	49	43
	18	15
	52	47
	25	22
	27	23
	29	24
	30	25
	31	26
net/minecraft/client/renderer/entity/state/AvatarRenderState	35	35
	18	18
	19	19
	35	35
	20	20
	21	21
	22	22
	23	23
	24	24
	11	11
	31	31
net/minecraft/client/renderer/entity/WitchRenderer	40	36
	34	30
	35	31
	36	32
	37	33
	38	34
	39	35
	40	36
	14	14
	17	17
	19	18
	20	19
	24	22
	29	26
net/minecraft/client/model/monster/hoglin/package-info	0	0
net/minecraft/client/particle/GlowParticle	169	192
	128	59
	130	60
	136	61
	137	62
	138	63
	139	64
	13	14
	14	15
	15	16
	16	17
	18	18
	20	19
	148	109
	21	20
	149	110
	22	21
	153	123
	26	25
	154	124
	155	125
	157	127
	31	30
	160	130
	36	35
	37	36
	38	37
	166	131
	167	132
	168	133
	169	134
	44	72
	45	73
	49	86
	50	87
	51	88
	53	90
	55	93
	56	94
	57	95
	58	96
	60	99
	61	100
	70	172
	71	173
	75	186
	76	187
	78	188
	84	189
	85	190
	86	191
	87	192
	96	143
	97	144
	101	157
	102	158
	104	159
	110	160
	111	161
	112	162
	113	163
	122	44
	123	45
	127	58
net/minecraft/client/gui/screens/options/ChatOptionsScreen	32	41
	32	41
	9	9
	12	12
	13	13
	14	15
	15	17
	16	19
	17	21
	18	23
	19	25
	20	27
	21	29
	26	35
	27	36
	31	40
com/mojang/blaze3d/platform/VideoMode	135	135
	129	128
	131	131
	135	135
	22	22
	23	23
	24	24
	25	25
	26	26
	27	27
	28	28
	31	31
	32	32
	33	33
	34	34
	35	35
	36	36
	37	37
	40	40
	41	41
	42	42
	43	43
	44	44
	45	45
	46	46
	49	49
	53	53
	57	57
	61	61
	65	65
	69	69
	74	74
	75	75
	77	76
	78	85
	80	77
	81	78
	92	91
	97	96
	100	19
	103	100
	104	101
	108	105
	109	106
	110	107
	111	108
	112	109
	114	111
	115	112
	117	114
	119	117
	121	119
	122	120
	124	122
	126	125
	127	126
com/mojang/blaze3d/framegraph/package-info	0	0
com/mojang/realmsclient/dto/RealmsServer	369	351
	256	241
	257	242
	258	243
	259	244
	260	245
	261	246
	262	247
	263	248
	264	249
	265	250
	266	251
	267	252
	268	253
	269	254
	270	255
	271	256
	272	257
	273	258
	274	259
	278	263
	280	265
	281	266
	28	28
	284	269
	31	30
	288	273
	33	32
	292	277
	296	281
	297	281
	42	38
	299	281
	45	40
	303	285
	51	45
	310	313
	311	314
	56	47
	315	317
	316	318
	61	49
	317	319
	318	320
	319	321
	320	322
	321	323
	322	324
	69	55
	75	59
	333	336
	78	61
	334	337
	335	338
	336	339
	81	63
	337	340
	338	341
	84	65
	343	347
	344	348
	90	69
	347	351
	96	73
	102	77
	105	79
	361	297
	365	301
	369	305
	114	84
	118	88
	122	92
	126	96
	127	97
	130	100
	131	101
	135	105
	136	106
	137	107
	138	108
	141	110
	142	111
	143	113
	144	114
	145	115
	150	120
	151	121
	153	124
	154	125
	156	128
	157	129
	159	132
	160	133
	162	136
	163	137
	165	140
	166	141
	168	144
	169	145
	172	148
	173	149
	174	150
	177	155
	178	160
	181	163
	183	165
	184	166
	185	167
	188	170
	191	173
	192	174
	193	175
	194	176
	195	177
	199	181
	203	185
	207	189
	211	193
	212	194
	216	198
	221	203
	226	208
	227	209
	229	212
	230	213
	232	216
	233	217
	235	220
	237	221
	238	222
	239	223
	240	224
	241	225
	242	226
	243	227
	244	228
	248	233
	249	234
	250	235
	251	236
	252	237
	253	238
	254	239
	255	240
net/minecraft/client/model/player/PlayerCapeModel	49	44
	32	27
	33	28
	36	30
	41	35
	43	37
	44	39
	45	40
	46	41
	47	42
	49	44
	21	18
	23	19
	26	22
	27	23
	28	24
	30	25
	31	27
net/minecraft/client/gui/screens/OutOfMemoryScreen	39	38
	34	33
	35	34
	39	38
	11	11
	12	12
	15	14
	18	17
	19	18
	23	22
	24	23
	25	24
	26	25
	27	26
	28	27
	29	28
	30	29
net/minecraft/client/gui/screens/inventory/ShulkerBoxScreen	23	23
	19	19
	20	20
	21	21
	22	22
	23	23
	11	11
	14	14
	15	15
com/mojang/realmsclient/gui/screens/configuration/RealmsBackupInfoScreen	151	148
	128	135
	129	136
	130	137
	131	138
	132	139
	133	140
	134	141
	135	142
	141	148
	19	17
	147	88
	20	18
	148	94
	149	95
	151	97
	30	25
	31	26
	32	27
	33	28
	37	32
	38	33
	39	34
	41	35
	42	36
	43	37
	47	41
	48	42
	49	43
	53	47
	54	48
	57	51
	58	52
	59	53
	60	54
	61	55
	62	57
	63	57
	65	57
	70	63
	71	64
	72	65
	78	71
	79	72
	80	73
	86	79
	87	80
	88	81
	93	101
	94	102
	95	103
	96	104
	97	105
	98	106
	99	107
	100	108
	101	109
	102	110
	103	111
	111	118
	112	119
	113	120
	114	121
	115	122
	119	126
	120	127
	121	128
	124	131
	125	132
	126	133
	127	134
net/minecraft/client/gui/components/SpriteIconButton	132	164
	129	103
	130	105
	132	108
	16	26
	17	27
	18	28
	20	31
	21	32
	22	33
	23	34
	26	37
	27	40
	30	43
	35	126
	36	127
	40	131
	42	132
	43	133
	44	134
	45	135
	50	150
	51	151
	55	155
	57	156
	58	157
	60	158
	61	159
	62	160
	64	161
	65	162
	66	163
	67	164
	85	59
	86	60
	87	61
	88	62
	91	65
	92	66
	96	70
	97	71
	98	72
	102	76
	103	77
	104	78
	105	79
	109	83
	110	84
	111	85
	112	86
	116	90
	117	91
	121	95
	122	96
	126	100
	127	101
net/minecraft/client/renderer/state/gui/GlyphRenderState	38	32
	32	27
	22	17
	38	32
	23	18
	27	22
com/mojang/blaze3d/platform/DebugMemoryUntracker	42	34
	34	27
	35	34
	38	29
	39	30
	40	31
	42	34
	12	11
	14	13
	16	14
	17	15
	18	16
	20	17
	21	18
	22	19
	23	20
	24	20
	26	20
	28	21
	29	22
net/minecraft/client/model/monster/spider/package-info	0	0
net/minecraft/client/model/monster/breeze/package-info	0	0
net/minecraft/client/gui/screens/inventory/EnchantmentNames	65	107
	64	106
	65	107
	44	84
	13	14
	14	15
	47	87
	18	17
	51	91
	20	60
	52	92
	54	94
	55	95
	56	96
	58	99
	60	102
net/minecraft/client/renderer/item/properties/conditional/ItemModelPropertyTest	0	0
net/minecraft/client/model/animal/allay/package-info	0	0
net/minecraft/client/renderer/item/ItemModel	40	38
	40	38
net/minecraft/client/telemetry/TelemetryProperty	179	166
	134	154
	135	155
	136	156
	139	158
	144	162
	145	163
	149	166
	23	22
	155	129
	28	23
	156	130
	29	24
	157	131
	30	25
	158	132
	31	26
	32	27
	160	133
	33	28
	34	29
	35	30
	163	135
	38	31
	39	32
	40	34
	169	140
	170	141
	43	36
	171	142
	44	38
	174	145
	47	41
	48	43
	51	44
	179	149
	52	45
	55	46
	56	47
	57	48
	58	49
	59	50
	60	51
	63	52
	64	53
	67	55
	68	58
	69	61
	70	64
	73	66
	74	67
	77	70
	81	74
	85	78
	89	82
	93	86
	97	90
	101	94
	105	98
	106	101
	107	102
	112	107
	113	108
	114	109
	116	111
	118	113
	121	116
	126	121
net/minecraft/client/particle/SuspendedTownParticle	127	168
	10	12
	12	13
	13	14
	14	15
	15	16
	16	17
	18	18
	20	19
	21	20
	22	21
	24	22
	25	23
	29	27
	34	32
	35	33
	36	34
	40	38
	41	39
	42	40
	44	41
	45	42
	46	49
	49	44
	50	45
	51	46
	52	47
	53	49
	59	154
	60	155
	64	168
	72	130
	73	131
	77	144
	78	145
	79	146
	87	55
	88	56
	92	69
	93	70
	94	71
	95	72
	103	80
	104	81
	108	94
	109	95
	110	96
	111	97
	112	98
	120	106
	121	107
	125	120
	126	121
	127	122
net/minecraft/client/renderer/item/properties/numeric/package-info	0	0
net/minecraft/client/gui/components/debug/DebugEntryDetailedMemory	42	47
	33	38
	34	39
	35	40
	36	41
	42	47
	15	14
	16	15
	20	25
	21	25
	22	25
	24	27
	27	30
	31	34
net/minecraft/client/gui/components/PlayerFaceExtractor	44	52
	32	40
	34	41
	35	42
	37	44
	40	49
	41	50
	43	51
	44	52
	22	21
	23	22
	26	25
	27	26
	30	38
	31	39
net/minecraft/client/model/animal/fox/FoxModel	106	97
	21	19
	22	20
	23	21
	24	22
	25	23
	26	24
	27	25
	28	26
	29	27
	33	30
	34	31
	36	32
	37	33
	39	34
	40	35
	41	36
	42	37
	45	40
	46	41
	49	44
	50	45
	51	46
	55	49
	56	50
	57	51
	58	52
	62	55
	63	56
	64	57
	65	58
	66	59
	67	60
	68	61
	70	63
	73	66
	74	67
	75	68
	78	71
	79	72
	80	73
	81	74
	82	75
	85	78
	86	79
	87	80
	88	81
	89	82
	90	83
	93	86
	94	87
	97	88
	98	89
	99	90
	100	91
	101	92
	102	93
	103	94
	106	97
net/minecraft/client/gui/font/ActiveArea	0	0
com/mojang/blaze3d/audio/Library	333	303
	257	160
	258	161
	260	164
	264	168
	265	169
	266	170
	268	173
	269	174
	271	177
	272	178
	274	181
	275	182
	278	184
	282	189
	284	190
	285	190
	31	24
	288	190
	292	194
	293	195
	295	196
	296	197
	297	198
	299	200
	46	29
	302	203
	306	207
	310	211
	311	212
	313	214
	316	218
	320	228
	65	35
	70	40
	327	232
	328	233
	329	234
	330	235
	75	45
	332	237
	333	238
	79	49
	84	54
	93	259
	94	260
	98	264
	99	265
	100	266
	102	269
	105	271
	106	272
	107	273
	110	276
	115	282
	116	283
	118	286
	119	287
	124	292
	125	293
	126	294
	130	298
	135	303
	139	57
	140	58
	148	62
	150	63
	151	64
	152	65
	154	66
	155	67
	156	68
	159	71
	160	72
	163	75
	164	76
	165	77
	168	80
	169	81
	172	84
	174	85
	175	86
	176	87
	178	88
	179	89
	181	90
	182	91
	184	92
	186	93
	188	96
	190	97
	191	98
	193	101
	194	102
	198	103
	199	104
	202	107
	203	108
	205	109
	206	110
	207	111
	209	112
	214	115
	216	116
	220	120
	221	121
	222	122
	223	123
	226	126
	227	127
	228	128
	229	129
	232	132
	233	134
	234	135
	235	136
	238	140
	240	141
	241	142
	245	147
	249	151
	253	155
	254	156
	255	157
net/minecraft/client/renderer/state/gui/GuiRenderState	309	316
	263	275
	264	276
	267	279
	268	280
	270	283
	271	284
	274	287
	275	288
	277	291
	278	292
	25	22
	281	295
	282	296
	284	299
	285	300
	288	303
	289	304
	291	307
	36	30
	292	308
	37	31
	295	311
	40	34
	296	312
	41	35
	42	36
	298	315
	299	316
	45	39
	46	40
	303	257
	48	43
	304	258
	49	44
	305	259
	306	260
	307	261
	52	47
	308	262
	53	48
	309	263
	55	51
	56	52
	59	55
	60	60
	62	56
	63	57
	64	58
	65	60
	68	63
	69	67
	71	64
	72	65
	73	67
	76	70
	77	74
	79	71
	80	72
	81	74
	84	77
	85	81
	87	78
	88	79
	89	81
	92	84
	93	91
	95	85
	96	86
	97	91
	100	94
	101	95
	102	96
	104	99
	105	100
	107	102
	109	105
	110	106
	114	110
	115	112
	116	113
	118	116
	119	118
	120	119
	121	120
	122	121
	123	122
	124	123
	127	127
	128	128
	131	132
	132	133
	133	134
	135	136
	138	139
	139	140
	140	141
	141	142
	142	143
	146	148
	150	152
	151	153
	154	156
	155	157
	158	160
	162	164
	163	165
	164	178
	166	166
	167	167
	168	168
	171	172
	172	173
	173	174
	176	178
	177	179
	180	182
	181	183
	182	184
	183	185
	184	187
	185	188
	188	191
	189	192
	190	193
	193	196
	194	197
	195	198
	196	199
	197	200
	198	201
	201	204
	202	205
	203	206
	206	209
	207	210
	208	211
	209	212
	210	214
	211	215
	214	218
	215	219
	216	220
	219	223
	220	224
	221	225
	222	226
	224	229
	226	231
	227	232
	230	235
	231	236
	233	237
	234	238
	235	239
	236	240
	239	243
	240	244
	241	245
	243	247
	246	250
	247	251
	248	252
	250	254
net/minecraft/client/renderer/entity/layers/DrownedOuterLayer	32	36
	16	15
	32	36
	22	20
	23	21
	24	22
	25	23
	29	33
	30	34
	15	14
	31	35
net/minecraft/client/gui/spectator/PlayerMenuItem	37	37
	16	16
	32	32
	17	17
	33	33
	18	18
	37	37
	22	22
	23	23
	27	27
net/minecraft/client/particle/GustParticle	63	80
	32	31
	33	32
	34	36
	36	34
	37	36
	43	42
	12	11
	44	43
	13	12
	14	13
	15	14
	16	15
	48	56
	17	16
	18	17
	22	21
	56	64
	57	65
	27	26
	61	78
	62	79
	63	80
net/minecraft/client/resources/sounds/RidingMinecartSoundInstance	34	41
	16	23
	17	24
	18	25
	34	41
	19	26
	20	27
	24	31
	29	36
net/minecraft/client/resources/sounds/BeeSoundInstance	80	67
	66	57
	67	57
	69	57
	75	62
	80	67
	18	17
	19	18
	20	19
	21	20
	22	21
	23	22
	24	23
	25	24
	26	25
	30	29
	31	30
	33	31
	34	32
	37	35
	38	48
	39	50
	42	36
	43	37
	44	38
	46	39
	47	40
	48	41
	50	42
	52	44
	53	45
	55	50
	58	53
	59	53
	61	53
net/minecraft/client/renderer/debug/package-info	0	0
net/minecraft/client/gui/components/CommandSuggestions	651	672
	512	514
	513	515
	514	516
	518	521
	519	522
	520	523
	521	524
	527	530
	528	532
	529	533
	530	534
	531	537
	532	541
	533	542
	535	545
	537	548
	540	553
	541	554
	542	555
	543	556
	547	560
	548	561
	550	563
	553	566
	554	567
	557	570
	558	571
	559	572
	560	573
	563	576
	55	54
	567	580
	568	581
	57	55
	58	56
	570	582
	59	57
	571	583
	60	59
	572	584
	575	586
	64	65
	65	66
	579	591
	580	592
	581	593
	582	594
	583	597
	584	598
	585	599
	586	600
	587	603
	588	604
	589	605
	591	608
	592	609
	593	610
	594	611
	595	612
	597	613
	600	615
	604	620
	605	621
	94	103
	606	622
	95	104
	607	623
	96	105
	608	624
	97	106
	609	625
	98	107
	610	626
	99	108
	100	109
	612	632
	101	110
	102	111
	103	112
	615	635
	105	113
	617	636
	106	114
	618	637
	620	640
	109	117
	621	641
	110	118
	111	119
	624	644
	113	121
	625	645
	627	647
	116	124
	628	648
	117	125
	630	650
	120	128
	121	129
	633	653
	122	130
	634	654
	635	655
	636	656
	125	133
	637	657
	638	658
	127	134
	639	659
	128	135
	640	660
	129	138
	641	661
	130	142
	642	662
	131	143
	133	139
	645	665
	646	666
	647	667
	648	668
	137	147
	649	670
	651	672
	141	151
	145	155
	146	156
	147	157
	148	158
	149	160
	150	161
	153	164
	154	165
	155	166
	158	169
	161	172
	165	176
	166	177
	167	178
	169	179
	172	181
	173	182
	175	183
	181	188
	182	189
	186	192
	187	193
	188	194
	190	195
	191	196
	192	198
	193	199
	194	202
	196	200
	199	206
	200	207
	204	211
	206	212
	207	213
	208	214
	209	215
	212	218
	213	219
	214	220
	217	223
	218	224
	219	225
	220	226
	221	227
	223	230
	225	231
	226	232
	227	233
	229	234
	230	235
	231	236
	232	237
	235	240
	237	241
	238	242
	239	243
	240	244
	241	247
	243	245
	244	247
	246	249
	247	250
	249	251
	250	252
	251	253
	252	254
	254	255
	255	256
	258	259
	259	260
	261	262
	263	264
	271	275
	272	276
	274	279
	275	280
	276	281
	280	285
	281	286
	284	289
	286	290
	287	292
	288	293
	291	296
	295	300
	296	301
	297	302
	298	303
	300	304
	304	308
	306	309
	307	310
	308	311
	309	313
	310	314
	311	315
	312	316
	314	318
	317	322
	318	323
	320	326
	321	327
	325	331
	327	332
	328	333
	329	334
	331	334
	332	335
	335	338
	338	341
	339	342
	342	345
	343	346
	346	349
	347	350
	348	351
	350	355
	353	358
	354	359
	355	360
	357	362
	360	365
	361	370
	363	372
	364	373
	365	374
	369	378
	373	382
	374	384
	375	385
	377	388
	378	389
	381	392
	382	392
	384	392
	389	396
	390	396
	393	396
	398	400
	399	401
	400	402
	402	403
	403	405
	404	406
	405	407
	408	410
	409	411
	412	415
	413	416
	416	417
	417	418
	418	419
	420	423
	421	424
	422	425
	423	426
	424	427
	425	428
	426	429
	429	433
	430	434
	434	438
	435	439
	437	441
	440	444
	441	445
	442	446
	444	448
	448	453
	449	455
	450	456
	451	457
	452	458
	453	459
	455	461
	458	464
	459	464
	461	464
	465	468
	466	468
	469	468
	487	482
	488	483
	489	486
	490	487
	491	488
	492	489
	493	490
	494	491
	497	494
	498	495
	499	496
	500	497
	501	498
	502	499
	504	500
	505	501
	508	504
	509	505
	510	506
	511	513
net/minecraft/client/gui/screens/multiplayer/SafetyScreen	46	41
	32	29
	34	32
	35	33
	37	34
	38	34
	40	35
	13	12
	45	40
	14	13
	46	41
	15	14
	16	15
	21	19
	22	20
	23	21
	27	25
	28	26
	29	26
	30	27
	31	28
net/minecraft/client/model/object/leash/LeashKnotModel	32	25
	32	25
	18	17
	19	18
	20	19
	23	22
	24	23
	26	24
	27	24
	28	24
net/minecraft/client/sounds/ChunkedSampleByteBuf	51	48
	32	30
	33	31
	34	32
	37	35
	39	36
	40	37
	43	40
	44	41
	45	42
	46	43
	47	44
	19	17
	51	48
	20	18
	21	19
	25	23
	26	24
	27	25
	28	26
	31	29
net/minecraft/client/renderer/entity/layers/BlockDecorationLayer	49	41
	33	33
	34	34
	35	41
	38	35
	40	36
	44	37
	46	38
	48	39
	49	41
	18	18
	19	18
	20	19
	26	24
	27	25
	28	26
	29	27
net/minecraft/client/renderer/MultiblockChestResources	24	17
	16	11
	21	17
	22	17
	23	17
	24	17
	13	8
	14	9
	15	10
net/minecraft/client/renderer/entity/state/WitchRenderState	0	0
com/mojang/realmsclient/dto/Exclude	0	0
net/minecraft/client/gui/screens/inventory/ContainerScreen	28	27
	16	15
	17	16
	18	17
	19	18
	23	22
	24	23
	25	24
	26	25
	11	11
	27	26
	28	27
net/minecraft/client/gui/components/debugchart/PingDebugChart	34	32
	34	32
	19	17
	20	18
	24	22
	29	27
	14	12
	15	13
net/minecraft/client/renderer/entity/layers/PhantomEyesLayer	19	19
	19	19
	11	11
	14	14
	15	15
net/minecraft/realms/RepeatedNarrator	38	37
	16	15
	17	16
	20	19
	36	35
	21	21
	37	36
	22	23
	38	37
	24	22
	26	25
	27	26
	29	28
com/mojang/blaze3d/platform/WindowEventHandler	0	0
net/minecraft/client/gui/render/pip/GuiSignRenderer	43	39
	32	29
	33	30
	35	31
	36	32
	21	19
	37	33
	22	20
	38	34
	23	21
	39	35
	27	25
	43	39
net/minecraft/client/resources/language/LanguageManager	90	80
	64	57
	68	61
	70	62
	72	63
	74	64
	75	65
	78	68
	79	69
	82	72
	86	76
	23	22
	24	23
	90	80
	31	29
	32	30
	33	31
	36	34
	38	35
	40	37
	41	38
	43	39
	45	41
	46	42
	48	44
	50	45
	55	49
	56	50
	57	51
	58	52
	60	53
	61	54
	62	55
	63	56
net/minecraft/client/gui/screens/inventory/DispenserScreen	29	29
	19	19
	20	20
	21	21
	25	25
	26	26
	11	11
	27	27
	28	28
	29	29
	14	14
	15	15
net/minecraft/client/gui/screens/options/DifficultyButtons	76	74
	69	67
	70	68
	71	69
	72	70
	73	71
	74	72
	76	74
	20	18
	21	19
	22	25
	23	26
	25	29
	26	31
	27	33
	28	34
	29	35
	32	39
	34	40
	35	41
	36	42
	38	43
	39	44
	40	45
	42	46
	46	50
	47	51
	48	52
	49	53
	50	54
	53	57
	59	61
net/minecraft/client/multiplayer/ClientChunkCache	297	288
	257	247
	260	250
	261	251
	262	253
	263	254
	264	255
	265	256
	266	257
	267	258
	268	259
	271	262
	274	265
	278	269
	283	273
	284	274
	285	276
	286	277
	287	278
	288	279
	33	32
	289	280
	290	281
	294	285
	295	286
	41	39
	297	288
	42	40
	43	41
	44	42
	45	43
	49	46
	53	50
	54	51
	56	54
	57	55
	61	59
	62	66
	64	60
	65	61
	66	62
	67	63
	69	66
	73	69
	74	70
	75	71
	76	72
	80	76
	81	76
	83	76
	88	80
	92	84
	93	85
	94	95
	96	87
	98	88
	99	89
	100	90
	102	92
	104	95
	107	100
	108	101
	109	102
	111	105
	113	106
	114	107
	115	108
	117	109
	118	110
	119	111
	121	113
	122	114
	124	117
	125	118
	130	122
	133	125
	134	126
	135	127
	138	130
	139	131
	141	132
	142	133
	143	134
	144	135
	145	137
	146	138
	147	139
	148	140
	149	141
	150	142
	154	147
	156	149
	160	152
	165	156
	170	160
	175	164
	176	165
	179	168
	184	172
	185	173
	197	185
	198	186
	199	187
	200	188
	203	191
	207	195
	208	196
	209	197
	210	198
	211	199
	214	202
	215	203
	216	204
	218	206
	221	209
	222	210
	223	211
	225	214
	226	215
	229	218
	230	226
	232	219
	233	220
	234	221
	235	222
	236	223
	238	226
	241	229
	242	231
	243	232
	244	233
	246	235
	249	238
	250	240
	251	241
	252	242
	253	243
	254	244
com/mojang/realmsclient/client/worldupload/RealmsWorldUploadStatusTracker	21	21
	16	16
	21	21
	11	11
net/minecraft/client/renderer/entity/LivingEntityRenderer	344	321
	257	246
	262	250
	264	251
	265	252
	267	253
	268	254
	270	255
	271	256
	272	257
	273	258
	276	261
	277	262
	278	263
	280	265
	281	266
	283	269
	284	270
	286	272
	289	275
	290	276
	291	277
	292	278
	293	279
	294	280
	297	283
	298	284
	299	285
	300	286
	301	287
	302	288
	48	48
	304	289
	49	49
	50	50
	51	51
	307	290
	52	52
	308	291
	309	292
	310	293
	55	55
	312	295
	313	296
	315	297
	60	60
	316	298
	319	300
	65	64
	66	65
	67	66
	323	304
	68	67
	325	305
	70	69
	326	306
	327	307
	330	310
	75	74
	331	311
	77	75
	333	312
	78	76
	334	313
	79	77
	335	314
	80	78
	81	79
	337	315
	338	316
	85	83
	341	319
	86	84
	88	85
	344	321
	91	86
	92	87
	95	88
	97	89
	98	90
	100	91
	101	92
	102	93
	103	94
	104	95
	105	96
	108	99
	110	100
	111	102
	112	103
	116	107
	117	108
	118	109
	121	112
	125	116
	131	122
	132	123
	133	124
	135	125
	136	126
	138	128
	139	128
	141	128
	145	133
	149	137
	153	141
	155	143
	157	145
	159	147
	161	149
	163	151
	168	156
	172	160
	174	161
	177	164
	178	165
	180	168
	181	169
	182	170
	183	171
	184	172
	186	175
	187	176
	188	177
	189	178
	190	179
	191	180
	192	181
	193	182
	194	183
	195	184
	196	185
	197	186
	198	187
	200	189
	203	192
	207	196
	211	200
	215	203
	216	204
	217	205
	218	206
	222	210
	223	211
	224	212
	225	213
	226	214
	227	215
	228	216
	229	217
	230	218
	232	220
	234	222
	236	224
	238	226
	240	228
	243	233
	247	237
	248	238
	252	242
net/minecraft/client/model/animal/nautilus/package-info	0	0
com/mojang/blaze3d/platform/SourceFactor	0	0
net/minecraft/client/renderer/block/model/SpecialBlockModelWrapper	37	33
	16	15
	32	28
	17	16
	18	17
	34	29
	36	32
	37	33
	22	21
	23	22
	31	27
net/minecraft/client/renderer/ShaderDefines	94	100
	64	69
	67	72
	68	73
	70	76
	71	77
	75	81
	79	85
	16	13
	80	86
	18	14
	19	16
	20	17
	84	90
	21	19
	85	91
	24	23
	89	95
	90	96
	28	27
	29	28
	30	31
	94	100
	31	32
	33	35
	34	36
	35	37
	36	38
	37	39
	38	40
	39	41
	43	45
	44	47
	45	48
	46	49
	47	50
	49	53
	50	54
	52	57
	56	61
	60	65
	61	66
net/minecraft/client/animation/definitions/WardenAnimation	618	826
	12	9
	13	10
	14	14
	15	15
	16	16
	17	17
	18	18
	19	19
	20	20
	21	21
	22	22
	23	23
	24	24
	25	25
	26	26
	27	27
	28	28
	29	29
	31	32
	32	36
	33	37
	34	38
	35	39
	36	40
	37	41
	38	42
	39	43
	40	44
	41	45
	42	46
	43	47
	44	48
	45	49
	46	50
	47	51
	48	52
	50	55
	51	59
	52	60
	53	61
	54	62
	55	63
	56	64
	57	65
	58	66
	59	67
	60	68
	61	69
	62	70
	63	71
	64	72
	65	73
	66	74
	67	75
	68	76
	70	79
	71	83
	72	84
	73	85
	74	86
	75	87
	76	88
	77	89
	78	90
	79	91
	80	92
	81	93
	82	94
	83	95
	84	96
	85	97
	86	98
	87	99
	89	102
	90	106
	91	107
	92	108
	93	109
	94	110
	95	111
	96	112
	97	113
	98	114
	99	115
	100	116
	101	117
	102	118
	103	119
	104	120
	105	121
	106	122
	107	123
	108	124
	110	127
	111	131
	112	132
	113	133
	114	134
	115	135
	116	136
	117	137
	118	138
	119	139
	120	140
	121	141
	122	142
	123	143
	124	144
	125	145
	126	146
	127	147
	129	150
	130	154
	131	155
	132	156
	133	157
	134	158
	135	159
	136	160
	137	161
	138	162
	139	163
	140	164
	141	165
	142	166
	143	167
	144	168
	145	169
	146	170
	147	171
	148	172
	149	173
	150	174
	151	175
	153	178
	154	182
	155	183
	156	184
	157	185
	158	186
	159	187
	160	188
	161	189
	162	190
	163	191
	164	192
	165	193
	166	194
	167	195
	168	196
	169	197
	170	198
	171	199
	172	200
	174	203
	175	207
	176	208
	177	209
	178	210
	179	211
	180	212
	181	213
	182	214
	183	215
	184	216
	185	217
	187	220
	188	224
	189	225
	190	226
	191	227
	192	228
	193	229
	194	230
	195	231
	196	232
	197	233
	198	234
	199	235
	200	236
	201	237
	202	238
	203	239
	204	240
	206	243
	207	247
	208	248
	209	249
	210	250
	211	251
	212	252
	213	253
	214	254
	215	255
	216	256
	217	257
	218	258
	220	261
	221	265
	222	266
	223	267
	224	268
	225	269
	226	270
	227	271
	228	272
	229	273
	230	274
	231	275
	232	276
	233	277
	234	278
	235	279
	237	282
	239	283
	240	284
	241	288
	242	289
	243	290
	244	291
	245	292
	246	293
	247	294
	248	295
	249	296
	250	297
	251	298
	252	299
	253	300
	254	301
	255	302
	256	303
	257	304
	258	305
	259	306
	261	309
	262	313
	263	314
	264	315
	265	316
	266	317
	267	318
	268	319
	269	320
	270	321
	271	322
	272	323
	274	326
	275	330
	276	331
	277	332
	278	333
	279	334
	280	335
	281	336
	283	339
	284	343
	285	344
	287	347
	288	351
	289	352
	290	353
	291	354
	292	355
	293	356
	294	357
	295	358
	296	359
	297	360
	299	363
	300	367
	301	368
	302	369
	303	370
	304	371
	306	374
	307	378
	308	379
	309	380
	310	381
	311	382
	312	383
	313	384
	314	385
	315	386
	316	387
	317	388
	318	389
	320	392
	321	396
	322	397
	323	398
	324	399
	325	400
	326	401
	327	402
	328	403
	330	406
	331	410
	332	411
	333	412
	334	413
	335	414
	336	415
	337	416
	338	417
	339	418
	341	421
	342	425
	343	426
	344	427
	345	428
	346	429
	347	430
	348	431
	349	432
	351	435
	352	439
	353	440
	354	441
	355	442
	356	443
	357	444
	358	445
	359	446
	360	447
	362	450
	363	454
	364	455
	365	456
	366	457
	367	458
	368	459
	369	460
	370	461
	372	464
	374	465
	375	466
	376	470
	377	471
	378	472
	379	473
	380	474
	381	475
	382	476
	383	477
	385	480
	386	484
	387	485
	388	486
	389	487
	390	488
	392	491
	393	495
	394	496
	395	497
	396	498
	397	499
	398	500
	399	501
	400	502
	402	505
	403	509
	404	510
	405	511
	406	512
	407	513
	408	514
	410	517
	411	521
	412	522
	413	523
	414	524
	415	525
	416	526
	417	527
	419	530
	420	534
	421	535
	422	536
	423	537
	424	538
	426	541
	427	545
	428	546
	429	547
	430	548
	431	549
	432	550
	433	551
	435	554
	436	558
	437	559
	438	560
	439	561
	440	562
	442	565
	444	566
	445	567
	446	571
	447	572
	448	573
	449	574
	450	575
	451	576
	453	579
	454	583
	455	584
	456	585
	457	586
	458	587
	459	588
	460	589
	461	590
	462	591
	464	594
	465	598
	466	599
	467	600
	468	601
	469	602
	471	605
	472	609
	473	610
	474	611
	475	612
	476	613
	478	616
	480	617
	481	618
	482	622
	483	623
	484	624
	485	625
	487	628
	488	632
	489	633
	490	634
	491	635
	493	638
	494	642
	495	643
	496	644
	497	645
	499	648
	500	652
	501	653
	502	654
	503	655
	505	658
	506	662
	507	663
	508	664
	509	665
	511	668
	512	672
	513	673
	514	674
	515	675
	517	678
	518	682
	519	683
	520	684
	521	685
	523	688
	524	692
	525	693
	526	694
	527	695
	529	698
	531	699
	532	700
	533	704
	534	705
	535	706
	536	707
	537	708
	538	709
	539	710
	540	711
	542	714
	543	718
	544	719
	545	720
	546	721
	547	722
	548	723
	550	726
	551	730
	552	731
	553	732
	554	733
	555	734
	556	735
	558	738
	559	742
	560	743
	561	744
	562	745
	563	746
	564	747
	566	750
	567	754
	568	755
	569	756
	570	757
	571	758
	572	759
	573	760
	575	763
	576	767
	577	768
	578	769
	579	770
	580	771
	582	774
	583	778
	584	779
	585	780
	586	781
	587	782
	588	783
	589	784
	590	785
	591	786
	592	787
	594	790
	595	794
	596	795
	597	796
	598	797
	600	800
	601	804
	602	805
	603	806
	604	807
	605	808
	606	809
	607	810
	608	811
	609	812
	610	813
	612	816
	613	820
	614	821
	615	822
	616	823
	618	826
net/minecraft/client/resources/sounds/RidingEntitySoundInstance	72	76
	66	69
	67	70
	68	71
	70	73
	72	76
	18	27
	19	28
	20	29
	21	30
	22	31
	23	32
	24	33
	26	34
	27	35
	28	36
	29	37
	30	38
	34	42
	39	47
	43	51
	47	55
	51	59
	56	64
	57	65
	58	76
	61	66
	62	67
	63	76
net/minecraft/client/renderer/Sheets	197	183
	129	119
	133	123
	137	127
	141	131
	145	135
	149	139
	153	143
	157	147
	30	30
	31	31
	32	32
	33	33
	161	151
	34	34
	35	35
	36	36
	37	37
	165	155
	38	38
	39	39
	40	40
	41	41
	169	159
	43	42
	44	43
	173	163
	46	44
	47	45
	49	46
	177	167
	50	47
	51	48
	52	49
	181	171
	54	50
	182	171
	55	51
	56	52
	184	171
	58	53
	59	54
	60	55
	188	175
	61	56
	189	176
	62	57
	63	58
	191	177
	64	59
	192	178
	65	60
	193	179
	194	180
	67	61
	195	181
	68	62
	196	182
	197	183
	70	66
	72	67
	74	69
	75	70
	76	71
	78	72
	79	73
	84	76
	86	78
	89	79
	90	80
	92	81
	94	85
	96	86
	97	87
	98	88
	99	89
	100	90
	101	91
	102	92
	105	95
	109	99
	113	103
	117	107
	121	111
	125	115
com/mojang/realmsclient/gui/screens/RealmsParentalConsentScreen	63	58
	32	31
	33	32
	34	33
	35	34
	36	35
	37	35
	40	35
	42	36
	43	37
	44	38
	45	39
	17	17
	49	43
	50	44
	54	48
	55	49
	25	24
	57	52
	26	25
	58	53
	27	26
	59	54
	31	30
	63	58
com/mojang/blaze3d/pipeline/MainTarget	127	126
	17	15
	20	18
	22	19
	23	20
	26	23
	27	24
	28	28
	31	25
	32	26
	33	30
	36	33
	38	35
	39	36
	40	37
	41	38
	43	41
	44	42
	45	43
	47	46
	48	47
	49	48
	51	51
	52	52
	53	53
	56	56
	57	57
	59	58
	60	59
	61	60
	62	61
	66	67
	71	76
	72	77
	73	78
	79	84
	80	85
	81	86
	90	95
	91	96
	92	97
	95	100
	97	101
	98	102
	99	104
	101	103
	110	109
	111	110
	113	111
	114	115
	116	112
	117	113
	122	121
	127	126
net/minecraft/client/renderer/entity/state/MinecartTntRenderState	4	4
	4	4
net/minecraft/client/gui/components/ContainerObjectSelectionList	196	194
	131	122
	136	127
	137	128
	139	131
	140	132
	142	135
	143	136
	147	140
	23	22
	151	144
	24	23
	152	145
	154	148
	155	149
	28	27
	30	28
	32	29
	160	154
	33	32
	161	155
	34	33
	162	158
	35	34
	163	156
	164	157
	166	160
	39	37
	167	161
	40	38
	41	39
	169	164
	170	166
	43	40
	171	167
	172	168
	45	43
	173	169
	46	44
	174	170
	49	46
	50	47
	51	48
	179	175
	54	50
	55	51
	56	52
	57	54
	185	181
	186	182
	187	183
	188	184
	61	58
	189	185
	63	62
	191	188
	64	63
	192	189
	65	64
	194	192
	67	67
	68	68
	196	194
	69	70
	73	30
	78	76
	79	82
	81	77
	82	78
	83	79
	85	82
	89	86
	91	86
	93	86
	98	91
	103	96
	104	97
	105	98
	106	99
	107	100
	108	101
	110	103
	121	112
	126	117
	127	118
net/minecraft/client/renderer/item/ModelRenderProperties	30	20
	17	12
	19	13
	20	13
	22	13
	27	17
	28	18
	29	19
	30	20
net/minecraft/client/gui/components/toasts/NowPlayingToast	129	120
	128	119
	65	59
	129	120
	68	62
	69	62
	71	62
	75	66
	76	67
	77	68
	78	69
	17	15
	18	16
	82	73
	83	74
	84	75
	86	77
	24	22
	90	81
	91	82
	29	26
	95	86
	96	87
	36	30
	100	91
	39	33
	40	34
	104	95
	43	37
	44	38
	45	39
	109	100
	46	40
	47	41
	48	42
	50	44
	114	105
	53	47
	119	110
	57	51
	58	52
	59	53
	60	54
	124	115
	61	55
	62	56
net/minecraft/client/gui/components/debug/DebugEntryBiome	44	43
	32	31
	33	33
	34	33
	35	33
	38	36
	41	40
	44	43
	18	17
	22	26
	23	27
	25	28
	26	40
	29	29
	31	30
net/minecraft/client/resources/model/geometry/QuadCollection	148	156
	128	145
	129	146
	130	147
	131	148
	132	149
	133	150
	134	151
	135	152
	136	153
	137	154
	138	155
	140	156
	13	12
	141	156
	142	156
	143	156
	144	156
	145	156
	146	156
	147	156
	148	156
	28	34
	29	35
	30	36
	31	37
	32	38
	33	39
	34	40
	35	41
	36	42
	39	46
	40	48
	41	49
	43	52
	47	56
	48	57
	49	58
	50	59
	51	60
	52	61
	53	62
	54	63
	59	69
	63	74
	64	75
	67	78
	71	82
	75	86
	76	87
	79	90
	80	91
	84	95
	85	96
	89	100
	90	101
	91	102
	92	103
	93	104
	94	105
	95	106
	96	107
	100	120
	101	122
	102	123
	103	125
	104	126
	105	128
	106	129
	107	130
	108	131
	112	135
	114	136
	115	137
	116	138
	120	139
	124	142
	125	143
	127	144
com/mojang/blaze3d/platform/CompareOp	0	0
net/minecraft/client/renderer/blockentity/state/ConduitRenderState	0	0
net/minecraft/client/renderer/entity/AbstractMinecartRenderer	191	171
	25	24
	28	26
	34	31
	35	32
	36	33
	37	34
	38	35
	42	38
	44	39
	46	40
	48	41
	49	42
	50	43
	52	44
	54	45
	55	46
	57	48
	60	51
	61	52
	62	53
	65	56
	66	57
	67	58
	69	59
	70	60
	71	61
	72	62
	74	63
	77	66
	78	67
	79	68
	80	69
	83	72
	84	73
	86	74
	87	75
	90	78
	91	79
	92	80
	94	81
	95	82
	97	83
	98	84
	99	85
	100	86
	102	87
	103	88
	104	89
	105	90
	106	91
	109	95
	111	96
	112	97
	113	98
	117	101
	119	102
	120	103
	121	104
	122	105
	123	106
	124	107
	127	110
	128	111
	130	112
	131	113
	132	114
	134	115
	135	116
	136	117
	139	122
	140	123
	141	124
	142	125
	144	127
	145	128
	146	129
	148	131
	151	136
	152	137
	153	138
	155	139
	156	140
	157	141
	158	142
	159	143
	160	144
	161	145
	162	146
	163	147
	164	148
	166	150
	167	151
	168	152
	170	154
	173	159
	174	160
	178	163
	179	164
	180	164
	182	164
	187	168
	188	169
	189	170
	191	171
net/minecraft/client/gui/font/providers/UnihexProvider	474	477
	38	37
	53	47
	54	48
	58	52
	63	57
	67	435
	68	437
	69	438
	70	439
	71	441
	73	443
	74	444
	75	444
	77	444
	87	263
	88	264
	89	264
	90	265
	92	267
	95	270
	99	274
	104	278
	109	282
	114	191
	115	193
	116	194
	117	196
	123	202
	124	203
	125	204
	129	208
	134	213
	138	217
	139	218
	144	223
	145	224
	147	226
	149	228
	150	229
	151	230
	152	231
	153	232
	158	236
	160	238
	161	239
	162	240
	163	241
	164	243
	165	244
	166	245
	167	246
	172	251
	173	252
	174	253
	175	254
	176	255
	177	256
	179	257
	190	408
	191	410
	192	411
	194	414
	198	418
	199	419
	203	422
	205	423
	206	424
	208	426
	209	427
	211	430
	217	62
	218	63
	220	65
	221	66
	222	70
	224	67
	225	68
	228	73
	231	76
	232	77
	233	78
	235	80
	240	167
	244	171
	245	172
	246	174
	247	175
	248	176
	249	177
	250	178
	252	181
	257	186
	264	456
	268	460
	269	461
	270	463
	271	464
	272	465
	273	466
	274	467
	275	468
	276	469
	278	472
	283	477
	292	356
	296	360
	297	361
	298	362
	299	364
	300	365
	301	366
	302	367
	303	368
	304	369
	305	370
	306	371
	307	372
	308	373
	310	376
	314	380
	315	381
	316	382
	317	384
	318	385
	319	386
	320	387
	321	388
	322	389
	323	390
	324	391
	325	392
	326	393
	327	394
	328	395
	330	398
	336	288
	341	293
	344	296
	349	301
	354	306
	361	313
	364	318
	369	323
	374	328
	379	333
	380	334
	381	335
	382	336
	383	339
	384	340
	389	344
	402	84
	404	85
	406	88
	407	89
	408	90
	413	94
	414	95
	416	98
	417	100
	418	101
	421	104
	422	105
	423	106
	424	108
	425	109
	426	110
	427	111
	428	112
	430	114
	431	108
	433	117
	434	118
	435	119
	437	91
	440	124
	444	128
	445	129
	446	130
	447	131
	448	132
	449	133
	450	134
	451	135
	452	136
	453	137
	454	138
	455	140
	456	141
	457	142
	458	143
	459	144
	460	145
	462	139
	468	151
	469	152
	470	153
	471	156
	472	157
	474	160
net/minecraft/client/renderer/blockentity/LecternRenderer	59	66
	32	30
	37	40
	38	41
	39	42
	40	43
	44	46
	45	66
	48	47
	49	48
	51	49
	52	50
	54	51
	23	22
	56	52
	26	25
	58	64
	27	26
	59	66
	28	27
net/minecraft/client/model/animal/cow/ColdCowModel	39	46
	32	36
	33	38
	34	39
	36	41
	37	43
	38	44
	39	46
	16	13
	17	14
	20	17
	21	19
	22	22
	23	24
	24	26
	25	28
	27	31
	28	33
	29	33
	30	34
net/minecraft/client/color/block/BlockTintSource	24	21
	20	17
	24	21
	15	13
net/minecraft/client/renderer/entity/state/VillagerRenderState	12	12
	12	12
net/minecraft/client/sounds/SoundEngineExecutor	76	68
	64	55
	65	56
	67	59
	68	60
	69	61
	71	63
	74	66
	75	67
	76	68
	15	13
	16	9
	17	14
	20	17
	21	18
	22	19
	23	20
	24	21
	25	22
	30	26
	35	30
	36	31
	38	33
	42	36
	47	40
	51	44
	52	45
	54	47
	59	50
	60	51
	63	54
net/minecraft/client/renderer/debug/VillageSectionsDebugRenderer	19	20
	16	17
	17	18
	18	19
	19	20
	15	16
net/minecraft/client/gui/components/Button	120	132
	67	81
	68	82
	69	83
	73	87
	77	91
	78	92
	18	17
	82	96
	83	97
	87	101
	88	102
	89	103
	94	22
	30	125
	31	126
	35	130
	36	131
	101	34
	37	132
	103	35
	104	36
	105	37
	109	41
	110	42
	114	46
	51	65
	52	66
	53	67
	119	51
	120	52
	56	70
	57	71
	58	72
	62	76
	63	77
net/minecraft/client/resources/model/cuboid/ItemModelGenerator	233	235
	26	24
	28	25
	32	28
	34	29
	35	30
	40	35
	45	40
	50	45
	54	49
	55	50
	57	52
	58	53
	59	54
	60	55
	63	59
	64	60
	66	61
	67	62
	68	63
	69	64
	70	65
	71	66
	72	67
	74	69
	77	73
	78	74
	80	76
	84	83
	85	84
	87	85
	88	86
	90	87
	91	88
	94	93
	95	94
	96	95
	97	96
	98	97
	99	99
	100	100
	101	101
	103	102
	104	103
	105	104
	108	107
	109	108
	110	109
	112	111
	113	112
	116	115
	117	116
	118	117
	119	118
	120	119
	121	121
	123	124
	124	125
	125	126
	126	127
	127	129
	129	132
	130	133
	131	134
	135	137
	136	138
	137	139
	138	140
	140	141
	141	142
	143	143
	145	145
	146	146
	147	147
	149	149
	150	150
	151	151
	153	153
	154	154
	155	155
	157	157
	158	158
	159	159
	160	161
	163	164
	164	165
	166	167
	169	170
	170	171
	172	172
	173	173
	174	174
	175	175
	176	176
	178	177
	179	178
	180	179
	181	180
	182	181
	186	185
	187	186
	191	199
	192	200
	194	202
	197	205
	198	205
	200	205
	204	219
	205	220
	206	221
	207	222
	212	227
	213	228
	216	231
	220	235
	229	210
	231	211
	232	213
	233	214
net/minecraft/client/model/monster/nautilus/ZombieNautilusCoralModel	50	75
	32	38
	33	41
	35	46
	36	47
	37	52
	39	57
	40	58
	41	63
	43	68
	48	73
	49	74
	18	16
	50	75
	19	17
	20	18
	21	19
	24	22
	26	23
	28	27
	29	28
	30	33
net/minecraft/client/renderer/special/BellSpecialRenderer	52	51
	35	51
	36	51
	37	51
	44	32
	45	33
	16	14
	49	37
	50	38
	51	39
	52	40
	21	19
	22	20
	23	21
	26	43
	30	47
net/minecraft/client/model/monster/vex/package-info	0	0
net/minecraft/client/renderer/entity/state/SnifferRenderState	0	0
net/minecraft/client/renderer/entity/LlamaSpitRenderer	49	41
	32	28
	34	29
	36	30
	37	31
	41	34
	46	38
	15	15
	47	39
	48	40
	49	41
	20	19
	21	20
	22	21
	26	24
	28	25
	29	26
	30	27
com/mojang/blaze3d/opengl/GlRenderPass	166	165
	129	121
	130	124
	132	122
	133	126
	137	130
	138	131
	139	132
	143	136
	144	137
	148	147
	149	148
	153	152
	26	22
	154	153
	158	157
	159	158
	160	159
	162	161
	166	165
	47	37
	48	38
	49	39
	50	40
	53	43
	58	48
	59	49
	63	53
	64	54
	68	58
	69	59
	70	60
	72	63
	73	64
	77	68
	78	69
	80	71
	82	74
	83	75
	87	79
	88	80
	89	81
	93	85
	94	86
	95	87
	99	91
	100	92
	104	96
	105	97
	108	100
	112	104
	116	108
	120	112
	124	116
net/minecraft/client/animation/definitions/RabbitAnimation	436	587
	10	9
	11	11
	12	15
	13	16
	14	17
	15	18
	16	19
	17	20
	18	21
	20	24
	21	28
	22	29
	24	32
	25	36
	26	37
	27	38
	28	39
	29	40
	30	41
	31	42
	33	45
	34	49
	35	50
	36	51
	37	52
	39	55
	40	59
	41	60
	42	61
	43	62
	44	63
	45	64
	46	65
	47	66
	48	67
	50	70
	51	74
	52	75
	53	76
	55	79
	56	83
	57	84
	58	85
	59	86
	60	87
	61	88
	62	89
	63	90
	65	93
	66	97
	67	98
	68	99
	69	100
	70	101
	72	104
	73	108
	74	109
	75	110
	76	111
	77	112
	78	113
	79	114
	81	117
	82	121
	83	122
	84	123
	85	124
	87	127
	88	131
	89	132
	90	133
	91	134
	92	135
	93	136
	94	137
	96	140
	97	144
	98	145
	99	146
	100	147
	102	150
	103	154
	104	155
	105	156
	106	157
	107	158
	109	161
	110	165
	111	166
	112	167
	113	168
	115	171
	116	175
	117	176
	118	177
	119	178
	120	179
	122	182
	123	186
	124	187
	125	188
	126	189
	128	192
	129	196
	130	197
	131	198
	132	199
	133	200
	134	201
	136	204
	137	208
	138	209
	139	210
	141	213
	142	217
	143	218
	144	219
	145	220
	146	221
	147	222
	149	225
	150	229
	151	230
	152	231
	154	234
	155	238
	156	239
	157	240
	158	241
	159	242
	161	245
	162	249
	163	250
	165	253
	167	254
	168	255
	169	259
	170	260
	171	261
	172	262
	173	263
	174	264
	175	265
	176	266
	177	267
	178	268
	179	269
	180	270
	181	271
	182	272
	183	273
	184	274
	185	275
	186	276
	187	277
	188	278
	190	281
	191	285
	192	286
	193	287
	194	288
	195	289
	197	292
	198	296
	199	297
	200	298
	202	301
	203	305
	204	306
	205	307
	206	308
	207	309
	208	310
	209	311
	210	312
	211	313
	212	314
	213	315
	214	316
	215	317
	216	318
	217	319
	218	320
	219	321
	220	322
	222	325
	223	329
	224	330
	225	331
	226	332
	227	333
	228	334
	229	335
	230	336
	232	339
	233	343
	234	344
	235	345
	236	346
	237	347
	238	348
	239	349
	240	350
	241	351
	242	352
	243	353
	244	354
	245	355
	246	356
	247	357
	248	358
	249	359
	250	360
	251	361
	253	364
	254	368
	255	369
	256	370
	257	371
	258	372
	259	373
	260	374
	261	375
	262	376
	263	377
	265	380
	266	384
	267	385
	268	386
	269	387
	270	388
	271	389
	272	390
	273	391
	274	392
	275	393
	276	394
	277	395
	278	396
	279	397
	280	398
	281	399
	282	400
	283	401
	284	402
	285	403
	286	404
	287	405
	288	406
	289	407
	290	408
	292	411
	293	415
	294	416
	295	417
	296	418
	297	419
	298	420
	299	421
	300	422
	301	423
	302	424
	303	425
	304	426
	305	427
	306	428
	307	429
	308	430
	309	431
	310	432
	311	433
	312	434
	313	435
	315	438
	316	442
	317	443
	318	444
	319	445
	320	446
	321	447
	322	448
	323	449
	324	450
	325	451
	326	452
	327	453
	328	454
	329	455
	330	456
	331	457
	332	458
	333	459
	334	460
	335	461
	336	462
	337	463
	338	464
	339	465
	340	466
	342	469
	343	473
	344	474
	345	475
	346	476
	347	477
	348	478
	349	479
	350	480
	351	481
	352	482
	353	483
	354	484
	355	485
	356	486
	357	487
	358	488
	359	489
	360	490
	361	491
	362	492
	363	493
	364	494
	366	497
	367	501
	368	502
	369	503
	370	504
	371	505
	372	506
	373	507
	374	508
	375	509
	376	510
	377	511
	378	512
	379	513
	380	514
	381	515
	382	516
	384	519
	385	523
	386	524
	387	525
	388	526
	389	527
	390	528
	391	529
	392	530
	393	531
	394	532
	395	533
	397	536
	398	540
	399	541
	400	542
	401	543
	402	544
	403	545
	404	546
	405	547
	406	548
	407	549
	408	550
	409	551
	410	552
	411	553
	412	554
	413	555
	415	558
	416	562
	417	563
	418	564
	419	565
	420	566
	421	567
	422	568
	423	569
	424	570
	425	571
	426	572
	428	575
	429	579
	430	580
	431	581
	432	582
	433	583
	434	584
	436	587
com/mojang/realmsclient/dto/RealmsSetting	22	18
	17	12
	18	13
	19	14
	22	18
	13	8
net/minecraft/client/model/AdultAndBabyModelPair	5	5
	5	5
net/minecraft/client/resources/model/BlockStateModelLoader	89	94
	64	63
	66	64
	70	69
	71	70
	72	72
	73	73
	74	74
	77	78
	83	88
	85	90
	86	91
	89	94
	31	30
	32	31
	35	34
	37	35
	38	35
	39	36
	40	38
	41	39
	42	40
	43	41
	44	42
	45	43
	46	44
	49	47
	50	48
	51	50
	52	51
	53	52
	54	53
	55	54
	56	55
	57	56
	62	61
	63	62
net/minecraft/client/gui/layouts/package-info	0	0
net/minecraft/client/renderer/texture/SpriteLoader	129	161
	129	161
	34	34
	40	39
	41	40
	42	41
	45	44
	49	48
	50	52
	52	53
	53	54
	55	56
	56	57
	57	58
	58	59
	59	60
	60	68
	65	72
	66	73
	69	75
	70	76
	71	77
	73	79
	76	82
	77	83
	78	84
	79	86
	80	87
	84	91
	85	92
	86	93
	87	94
	88	96
	89	98
	90	99
	94	102
	95	103
	96	104
	97	105
	99	106
	101	124
	102	120
	106	131
	107	133
	111	143
	112	144
	113	145
	114	146
	118	150
	120	151
	121	152
	124	154
net/minecraft/client/renderer/item/properties/conditional/Damaged	20	22
	20	22
	11	11
	15	17
net/minecraft/client/gui/layouts/Layout	26	20
	21	15
	22	16
	23	17
	25	19
	26	20
	12	11
	13	12
net/minecraft/client/renderer/block/model/properties/select/SelectBlockModelProperty	0	0
net/minecraft/client/model/monster/guardian/GuardianParticleModel	11	11
	10	10
	11	11
net/minecraft/client/renderer/block/dispatch/WeightedVariants	58	61
	36	38
	41	44
	46	49
	47	50
	19	19
	52	55
	21	20
	22	21
	23	22
	24	23
	57	60
	58	61
	27	27
	28	29
	29	30
	31	33
net/minecraft/client/resources/sounds/package-info	0	0
net/minecraft/client/multiplayer/chat/report/package-info	0	0
net/minecraft/client/model/object/chest/package-info	0	0
net/minecraft/client/model/monster/silverfish/SilverfishModel	105	86
	64	47
	66	49
	67	50
	68	51
	72	55
	73	57
	74	57
	75	58
	77	60
	78	62
	79	62
	80	63
	82	65
	83	67
	84	67
	21	18
	85	68
	88	70
	93	74
	30	19
	95	76
	96	77
	97	78
	100	81
	101	82
	102	83
	103	84
	104	85
	41	22
	105	86
	42	23
	43	24
	44	25
	47	28
	51	32
	55	36
	56	37
	58	38
	59	39
	60	41
	61	42
	62	44
	63	45
net/minecraft/client/renderer/special/EndCubeSpecialRenderer	67	71
	32	65
	67	51
	38	71
	44	31
	45	32
	49	36
	50	37
	20	19
	21	20
	53	40
	54	41
	24	56
	57	43
	25	57
	26	58
	62	47
	30	63
	63	48
	31	64
net/minecraft/client/data/models/blockstates/package-info	0	0
net/minecraft/client/model/animal/chicken/AdultChickenModel	76	52
	65	48
	66	49
	67	49
	68	49
	70	51
	71	51
	72	51
	73	51
	76	52
	19	16
	20	17
	21	18
	25	22
	26	23
	27	24
	28	25
	31	28
	32	29
	36	33
	37	34
	39	35
	40	36
	41	36
	42	36
	44	38
	45	38
	46	38
	49	39
	50	39
	51	39
	54	40
	55	42
	56	42
	57	43
	59	45
	60	45
	62	46
	63	47
net/minecraft/client/gui/components/toasts/package-info	0	0
net/minecraft/client/renderer/entity/state/TippableArrowRenderState	0	0
com/mojang/blaze3d/systems/RenderPassBackend	0	0
net/minecraft/client/renderer/entity/EntityRenderers	221	272
	21	24
	26	70
	27	71
	28	72
	29	73
	30	74
	31	75
	32	76
	33	77
	34	78
	35	79
	36	80
	37	81
	38	82
	39	83
	40	84
	41	85
	42	86
	43	87
	44	88
	45	89
	46	90
	47	91
	48	92
	49	93
	50	94
	51	95
	52	96
	53	97
	54	98
	55	99
	56	100
	57	101
	58	102
	59	103
	60	104
	61	105
	62	109
	63	112
	64	113
	65	114
	66	115
	67	116
	68	117
	69	118
	70	119
	71	120
	72	121
	73	122
	74	123
	75	124
	76	125
	77	126
	78	127
	79	128
	80	129
	81	130
	82	131
	83	132
	84	133
	85	134
	86	135
	87	136
	88	139
	89	143
	90	144
	91	145
	92	146
	93	147
	94	148
	95	149
	96	150
	97	151
	98	152
	99	153
	100	154
	101	155
	102	156
	103	157
	104	158
	105	159
	106	160
	107	161
	108	162
	109	163
	110	164
	111	165
	112	166
	113	167
	114	171
	115	174
	116	175
	117	176
	118	177
	119	178
	120	179
	121	180
	122	181
	123	182
	124	183
	125	184
	126	185
	127	186
	128	189
	129	193
	130	195
	131	196
	132	197
	133	198
	134	199
	135	200
	136	201
	137	202
	138	203
	139	204
	140	205
	141	209
	142	216
	143	217
	144	218
	145	219
	146	220
	147	221
	148	222
	149	223
	150	224
	151	225
	152	226
	153	229
	154	231
	155	232
	156	233
	157	234
	158	235
	159	236
	160	237
	161	238
	162	239
	163	240
	164	241
	165	242
	166	243
	167	244
	168	245
	169	246
	170	247
	171	248
	172	249
	173	250
	174	251
	175	252
	176	253
	177	257
	178	264
	179	265
	180	269
	181	272
	184	31
	185	32
	188	35
	189	36
	191	38
	192	39
	193	40
	195	42
	196	43
	201	50
	205	51
	206	52
	211	57
	212	59
	213	60
	216	60
	217	61
	218	62
	221	66
net/minecraft/client/multiplayer/ClientAdvancements	104	105
	66	66
	69	69
	72	72
	76	76
	77	77
	78	78
	80	81
	81	82
	82	83
	83	84
	86	87
	23	23
	89	90
	90	91
	91	92
	92	93
	93	94
	94	95
	95	96
	97	98
	98	99
	35	32
	36	33
	100	101
	37	34
	103	104
	40	37
	104	105
	41	38
	42	39
	45	42
	46	43
	47	45
	48	46
	49	47
	50	48
	51	49
	52	50
	53	51
	54	52
	56	55
	57	56
	58	57
	60	60
	61	61
	62	62
net/minecraft/client/gui/screens/recipebook/OverlayRecipeComponent	305	300
	260	226
	261	227
	262	228
	263	229
	264	230
	267	233
	274	240
	275	241
	279	245
	281	246
	282	247
	284	249
	285	250
	287	251
	32	30
	288	252
	289	253
	291	254
	293	255
	295	257
	299	261
	300	262
	302	264
	305	267
	52	45
	53	46
	54	47
	57	59
	59	60
	60	61
	62	62
	63	63
	65	64
	66	65
	67	66
	68	67
	71	68
	72	69
	73	70
	74	71
	77	74
	78	75
	79	76
	80	77
	83	80
	84	81
	85	82
	86	83
	89	86
	91	87
	92	89
	93	90
	94	91
	96	92
	97	93
	98	94
	99	95
	101	97
	105	101
	106	102
	109	105
	113	109
	118	114
	119	115
	122	118
	123	119
	124	120
	125	121
	129	125
	134	130
	139	135
	140	146
	143	136
	144	137
	145	138
	147	139
	148	140
	150	142
	151	143
	153	146
	156	149
	157	150
	160	153
	166	158
	170	162
	174	273
	175	274
	176	275
	177	276
	180	281
	181	282
	184	285
	185	286
	186	287
	187	288
	190	292
	195	297
	196	298
	198	300
	204	166
	205	167
	206	168
	207	169
	213	176
	214	177
	217	180
	218	181
	219	182
	220	183
	222	184
	223	185
	224	186
	226	188
	228	190
	229	192
	230	194
	231	195
	232	196
	233	197
	241	205
	246	210
	247	211
	249	213
net/minecraft/client/particle/CritParticle	91	116
	68	77
	69	78
	73	91
	74	92
	11	13
	75	93
	12	14
	76	94
	13	15
	14	16
	15	17
	16	18
	17	19
	18	20
	19	21
	84	53
	21	22
	85	54
	22	23
	23	24
	24	25
	25	26
	89	67
	90	68
	27	27
	91	69
	29	28
	30	29
	31	30
	35	34
	40	39
	41	40
	42	41
	43	42
	47	46
	54	102
	55	103
	59	116
	60	116
net/minecraft/client/color/item/MapColor	37	31
	32	26
	17	15
	18	16
	19	16
	37	31
	22	20
	23	21
	27	25
	28	26
	29	26
net/minecraft/client/renderer/GlobalSettingsUniform	53	49
	16	14
	17	14
	18	14
	19	14
	20	14
	21	14
	22	14
	23	14
	28	15
	32	27
	33	28
	34	29
	35	30
	36	31
	37	32
	38	33
	39	34
	40	35
	41	36
	42	37
	43	38
	44	39
	45	40
	47	43
	48	44
	52	48
	53	49
net/minecraft/client/input/package-info	0	0
net/minecraft/client/renderer/debug/LightSectionDebugRenderer	125	120
	23	22
	26	24
	27	25
	35	32
	36	33
	37	34
	41	40
	42	41
	43	42
	44	43
	47	48
	48	49
	50	50
	51	51
	52	52
	55	55
	56	56
	57	57
	58	58
	59	59
	60	60
	61	61
	64	64
	65	65
	66	66
	67	67
	68	68
	69	69
	70	70
	71	71
	72	72
	73	73
	76	76
	77	77
	78	78
	82	78
	84	79
	87	84
	88	85
	89	86
	90	87
	91	88
	92	89
	94	90
	95	91
	96	92
	104	100
	106	101
	107	102
	109	104
	110	105
	111	106
	112	107
	113	108
	114	109
	115	110
	116	111
	117	112
	118	113
	124	119
	125	120
net/minecraft/client/data/package-info	0	0
net/minecraft/client/renderer/package-info	0	0
com/mojang/realmsclient/dto/PendingInvitesList	32	31
	32	31
	18	15
	20	18
	21	19
	22	20
	23	21
	24	22
	25	23
	29	27
	30	28
	15	12
net/minecraft/client/renderer/block/MovingBlockRenderState	67	55
	67	55
	36	35
	37	35
	39	35
	44	39
	17	17
	49	43
	18	18
	50	43
	19	19
	52	43
	21	21
	22	22
	57	47
	26	26
	62	51
	31	30
com/mojang/realmsclient/util/task/package-info	0	0
net/minecraft/client/resources/WaypointStyleManager	37	33
	33	29
	18	18
	34	30
	20	19
	37	33
	22	19
	25	20
	28	23
	29	24
net/minecraft/client/renderer/debug/SolidFaceRenderer	58	64
	33	33
	37	34
	38	36
	39	37
	41	38
	42	39
	43	40
	44	41
	45	42
	46	43
	47	44
	48	45
	49	46
	52	50
	21	21
	22	22
	55	61
	56	62
	26	28
	58	64
	28	29
	30	31
	31	32
net/minecraft/client/gui/components/tabs/GridLayoutTab	38	37
	16	15
	32	31
	17	16
	36	35
	21	20
	37	36
	38	37
	26	25
	31	30
net/minecraft/client/gui/screens/recipebook/SearchRecipeBookCategory	37	26
	16	15
	33	22
	34	23
	21	16
	37	26
	25	17
	10	10
net/minecraft/client/renderer/entity/state/DonkeyRenderState	0	0
net/minecraft/client/renderer/entity/SilverfishRenderer	28	27
	18	18
	23	23
	10	10
	28	27
	13	13
	14	14
net/minecraft/client/renderer/Octree	269	264
	257	73
	259	74
	260	75
	261	75
	263	75
	266	77
	267	77
	269	77
	18	17
	19	18
	20	19
	21	20
	22	21
	26	22
	27	23
	29	24
	30	25
	31	26
	32	27
	34	28
	35	29
	38	32
	42	36
	43	37
	46	42
	47	43
	48	44
	49	45
	69	94
	70	95
	71	96
	72	97
	74	98
	75	99
	76	100
	78	101
	80	102
	81	103
	82	104
	83	105
	86	108
	87	109
	88	110
	89	111
	91	112
	92	113
	93	114
	95	115
	97	116
	98	117
	99	118
	100	119
	103	120
	104	121
	105	122
	108	124
	109	125
	110	126
	111	127
	115	134
	116	135
	117	136
	119	139
	120	140
	122	143
	123	144
	125	147
	129	151
	140	157
	141	158
	142	159
	144	161
	145	162
	147	167
	148	168
	149	169
	151	171
	152	172
	154	177
	155	178
	156	179
	158	181
	159	182
	161	185
	166	192
	167	193
	168	194
	169	195
	170	196
	172	199
	173	200
	174	210
	175	212
	176	213
	177	214
	181	218
	185	222
	190	228
	198	242
	199	243
	203	249
	204	250
	205	251
	206	253
	208	255
	212	259
	217	264
	235	54
	236	55
	237	56
	238	57
	239	58
	240	59
	247	66
	248	67
	249	68
	250	69
	253	72
	254	73
	255	73
net/minecraft/client/renderer/entity/ZombieNautilusRenderer	75	82
	34	38
	66	74
	36	43
	37	44
	71	78
	40	48
	72	79
	41	49
	73	80
	74	81
	75	82
	44	53
	45	55
	46	57
	52	63
	53	67
	55	64
	56	65
	57	67
	27	27
	28	28
	61	70
	30	33
	31	34
com/mojang/blaze3d/systems/package-info	0	0
net/minecraft/client/renderer/entity/state/CreeperRenderState	0	0
net/minecraft/client/searchtree/IntersectionIterator	39	36
	32	25
	33	26
	36	29
	37	30
	39	32
	17	15
	18	16
	20	17
	21	18
	26	22
	27	36
	30	23
	31	24
net/minecraft/client/renderer/item/properties/conditional/BundleHasSelectedItem	21	23
	16	18
	21	23
	12	12
net/minecraft/client/renderer/FaceInfo	107	103
	67	90
	68	91
	69	92
	70	93
	72	94
	73	95
	74	96
	12	12
	79	48
	80	49
	17	18
	81	50
	82	51
	83	52
	84	53
	85	54
	22	24
	86	55
	27	30
	91	59
	95	63
	32	36
	96	64
	99	67
	37	44
	104	103
	105	103
	106	103
	107	103
	55	79
	56	80
	57	81
	58	82
	60	83
	61	84
	62	85
net/minecraft/client/sounds/LoopingAudioStream	56	58
	32	20
	36	24
	41	29
	42	30
	43	31
	44	32
	45	33
	46	34
	49	37
	18	53
	19	54
	54	42
	55	43
	56	44
	24	58
	28	16
	29	17
	30	18
	31	19
net/minecraft/client/model/geom/builders/LayerDefinition	23	23
	19	19
	23	23
	10	10
	11	11
	12	12
	15	15
net/minecraft/client/resources/model/ResolvedModel	122	130
	16	15
	23	22
	24	23
	25	25
	26	26
	27	27
	30	30
	34	34
	38	38
	39	39
	40	40
	41	41
	43	44
	45	47
	49	51
	53	55
	54	56
	55	57
	56	58
	58	61
	60	64
	64	68
	68	72
	69	73
	70	74
	71	75
	73	78
	75	81
	79	85
	83	89
	87	93
	91	97
	95	101
	96	102
	97	103
	98	104
	99	105
	100	106
	103	110
	105	113
	109	117
	110	118
	111	119
	112	120
	113	121
	114	122
	115	123
	116	124
	117	125
	118	126
	122	130
com/mojang/realmsclient/dto/RegionSelectionPreferenceDto	24	22
	19	17
	20	18
	21	19
	8	8
	24	22
net/minecraft/client/renderer/block/BuiltInBlockModels	496	528
	81	88
	82	89
	83	90
	85	91
	86	92
	87	93
	88	94
	89	95
	90	96
	92	97
	93	98
	95	99
	96	100
	97	101
	98	102
	99	103
	100	104
	101	105
	102	106
	103	107
	104	108
	105	109
	106	110
	107	111
	108	112
	109	113
	110	114
	112	115
	113	116
	114	117
	115	118
	116	119
	117	120
	118	121
	119	122
	120	123
	121	124
	122	125
	123	126
	124	127
	125	128
	126	129
	127	130
	129	131
	130	132
	131	133
	132	134
	133	135
	134	136
	135	137
	136	138
	137	139
	138	140
	139	141
	140	142
	141	143
	142	144
	143	145
	144	146
	145	147
	147	148
	148	149
	149	150
	150	151
	151	152
	152	153
	153	154
	154	155
	155	156
	156	157
	157	158
	158	159
	160	160
	162	161
	163	162
	165	163
	166	164
	167	165
	168	166
	170	167
	171	168
	172	169
	173	170
	175	171
	176	172
	177	173
	178	174
	179	175
	180	176
	182	177
	183	178
	186	185
	187	186
	190	192
	194	199
	198	207
	199	207
	201	207
	207	216
	208	216
	210	216
	216	224
	217	225
	218	226
	221	233
	222	233
	224	233
	230	242
	231	242
	233	242
	239	251
	240	252
	242	252
	248	261
	249	262
	251	262
	257	267
	258	268
	259	269
	262	273
	263	273
	265	273
	271	282
	272	282
	274	282
	280	291
	281	291
	283	291
	289	297
	290	298
	292	299
	298	306
	299	307
	301	307
	307	313
	308	315
	309	316
	310	317
	316	324
	317	325
	319	327
	325	335
	326	336
	327	337
	328	338
	329	339
	332	345
	334	345
	339	352
	340	352
	345	359
	346	359
	351	367
	352	369
	353	370
	355	370
	356	370
	362	380
	363	382
	365	382
	371	391
	372	391
	374	391
	380	399
	382	399
	383	399
	388	408
	389	408
	391	408
	397	415
	398	416
	399	417
	402	417
	405	418
	408	418
	411	419
	412	420
	415	422
	416	422
	419	424
	424	432
	428	434
	430	434
	440	481
	441	482
	444	488
	445	489
	446	490
	449	496
	450	497
	453	503
	454	504
	456	506
	459	509
	472	528
	479	444
	480	445
	481	446
	486	456
	487	457
	488	458
	489	459
	494	464
	495	465
	496	466
net/minecraft/client/particle/HugeExplosionParticle	56	62
	32	31
	34	32
	35	33
	36	37
	39	35
	40	37
	12	11
	44	41
	13	12
	14	13
	15	14
	16	15
	17	16
	18	17
	19	18
	51	48
	20	19
	52	49
	21	20
	56	62
	25	24
	30	29
	31	30
net/minecraft/client/renderer/entity/state/ThrownItemRenderState	0	0
net/minecraft/client/renderer/entity/DragonFireballRenderer	55	55
	32	29
	33	30
	35	31
	37	32
	38	33
	39	34
	40	35
	41	36
	42	37
	44	38
	46	39
	47	40
	18	16
	50	45
	19	17
	51	51
	22	20
	23	21
	55	55
	27	24
net/minecraft/client/particle/TerrainParticle	109	153
	65	73
	70	78
	76	153
	83	131
	84	132
	85	133
	22	22
	86	134
	23	23
	88	137
	26	36
	27	37
	28	38
	29	39
	30	40
	31	41
	95	109
	96	110
	33	42
	97	111
	34	43
	98	112
	35	44
	36	45
	100	115
	37	46
	38	47
	41	50
	105	91
	106	92
	43	51
	107	94
	44	52
	45	53
	109	93
	46	54
	50	58
	55	63
	60	68
net/minecraft/client/model/animal/bee/BeeStingerModel	28	24
	16	15
	17	16
	20	19
	21	20
	23	21
	24	21
	25	22
	26	23
	28	24
net/minecraft/client/renderer/entity/TntRenderer	63	55
	14	14
	19	18
	20	19
	21	20
	22	21
	26	24
	27	25
	28	26
	29	27
	30	28
	31	29
	32	30
	33	31
	34	32
	35	33
	38	36
	39	37
	40	38
	42	39
	43	40
	46	43
	48	44
	49	45
	53	48
	58	52
	61	53
	62	54
	63	55
net/minecraft/client/renderer/block/model/properties/conditional/IsXmas	9	9
	9	9
net/minecraft/client/model/monster/creaking/CreakingModel	94	113
	64	77
	65	82
	66	84
	68	88
	72	92
	73	93
	77	97
	78	98
	79	99
	84	103
	85	104
	86	105
	87	106
	89	107
	27	23
	91	110
	28	24
	92	111
	29	25
	93	112
	30	26
	94	113
	32	27
	33	28
	34	29
	35	30
	36	31
	39	34
	40	35
	42	36
	44	37
	46	38
	47	43
	48	45
	49	47
	51	51
	52	53
	54	56
	55	58
	57	61
	58	66
	59	68
	61	72
	62	74
com/mojang/realmsclient/util/UploadTokenCache	20	20
	16	16
	19	19
	20	20
	11	11
	15	15
net/minecraft/client/renderer/entity/BatRenderer	32	29
	32	29
	18	17
	23	21
	10	10
	28	25
	13	13
	29	26
	14	14
	30	27
	31	28
net/minecraft/client/renderer/entity/SpectralArrowRenderer	21	20
	16	16
	21	20
	8	8
	11	11
	12	12
com/mojang/blaze3d/platform/Window	572	558
	514	501
	518	505
	522	509
	523	510
	526	513
	527	514
	528	515
	530	517
	533	520
	537	524
	538	525
	542	557
	543	558
	547	528
	38	37
	551	532
	552	533
	555	536
	557	537
	558	538
	559	539
	561	541
	564	544
	568	548
	572	552
	82	78
	84	79
	85	80
	87	81
	89	82
	90	83
	91	84
	92	85
	93	86
	95	90
	97	93
	100	94
	102	95
	103	96
	105	97
	106	98
	108	99
	109	100
	110	101
	111	102
	113	104
	114	105
	115	106
	116	107
	117	108
	120	111
	122	112
	124	113
	125	114
	126	115
	127	116
	128	117
	129	118
	130	119
	133	122
	135	125
	136	126
	138	127
	139	128
	140	129
	142	133
	144	133
	145	134
	148	137
	152	141
	156	145
	157	147
	158	148
	159	149
	160	150
	161	151
	162	152
	163	153
	164	154
	169	159
	170	160
	175	164
	179	168
	180	169
	181	170
	182	171
	183	172
	184	173
	185	174
	188	177
	191	180
	192	181
	194	184
	195	185
	196	187
	197	188
	198	190
	199	191
	200	192
	201	193
	202	194
	204	195
	205	196
	206	197
	207	198
	211	202
	213	205
	216	208
	220	213
	222	215
	225	218
	226	219
	231	222
	232	223
	235	226
	236	227
	237	228
	241	232
	242	233
	243	234
	244	235
	245	236
	246	237
	249	240
	250	241
	251	242
	253	244
	256	247
	257	248
	258	249
	259	250
	263	254
	264	255
	265	256
	266	257
	267	258
	268	259
	269	260
	272	263
	273	264
	274	265
	277	268
	278	292
	280	269
	281	270
	283	271
	284	289
	285	292
	287	272
	289	273
	290	292
	293	274
	294	275
	296	276
	299	279
	300	280
	301	281
	302	282
	303	283
	304	284
	305	285
	307	292
	310	295
	311	296
	312	297
	314	298
	315	299
	316	300
	319	303
	320	304
	321	305
	324	308
	325	309
	327	311
	330	314
	331	315
	333	317
	336	320
	337	321
	340	324
	341	325
	342	326
	344	328
	347	331
	351	335
	352	336
	353	337
	354	338
	356	340
	359	343
	360	344
	361	345
	362	346
	364	348
	369	351
	370	352
	371	353
	372	354
	373	355
	374	356
	376	358
	378	359
	380	362
	381	363
	382	364
	383	365
	384	366
	385	367
	387	370
	388	371
	389	372
	390	373
	392	374
	394	375
	395	376
	397	377
	401	381
	402	382
	403	383
	404	384
	406	385
	408	386
	410	388
	413	391
	414	392
	417	395
	418	396
	419	397
	420	398
	421	399
	425	403
	426	404
	427	405
	428	406
	429	407
	431	409
	434	412
	435	415
	436	421
	438	424
	439	425
	441	428
	445	432
	446	433
	447	434
	448	435
	449	436
	450	437
	451	438
	454	441
	455	442
	458	445
	462	449
	466	453
	470	457
	474	461
	478	465
	482	469
	483	470
	486	473
	487	474
	490	477
	494	481
	498	485
	502	489
	506	493
	510	497
net/minecraft/client/gui/layouts/GridLayout	213	226
	132	144
	133	145
	136	148
	140	152
	144	156
	18	17
	19	18
	22	21
	23	22
	154	168
	27	26
	155	169
	156	170
	29	27
	157	171
	30	28
	158	172
	159	173
	32	30
	33	31
	34	32
	162	176
	37	35
	38	36
	166	180
	40	38
	41	39
	42	40
	43	42
	44	43
	46	46
	47	47
	175	189
	48	49
	176	190
	49	50
	179	193
	53	54
	54	55
	183	197
	56	56
	57	58
	58	59
	187	201
	60	62
	61	64
	62	65
	191	205
	192	206
	65	68
	66	69
	194	207
	67	71
	195	208
	68	72
	196	209
	197	210
	70	75
	71	76
	199	213
	73	77
	201	214
	74	79
	75	80
	77	83
	205	218
	78	84
	81	87
	209	222
	82	88
	83	89
	213	226
	86	92
	90	96
	94	100
	98	104
	102	110
	103	111
	105	114
	106	115
	108	118
	109	119
	113	125
	117	129
	118	130
	122	134
	123	135
	127	139
com/mojang/realmsclient/util/JsonUtils	93	89
	64	63
	66	65
	71	70
	72	71
	73	72
	75	74
	15	14
	16	15
	80	79
	17	16
	81	80
	18	17
	82	81
	19	18
	84	83
	21	20
	25	25
	89	88
	26	26
	90	89
	27	27
	91	89
	28	28
	29	29
	93	89
	31	31
	35	36
	36	37
	37	38
	39	40
	44	46
	45	47
	46	48
	48	50
	54	56
	55	57
	56	57
	58	57
	62	61
	63	62
net/minecraft/client/searchtree/MergingUniqueIterator	44	41
	32	28
	33	29
	35	32
	36	33
	39	36
	40	37
	41	38
	44	41
	18	15
	19	16
	21	17
	22	18
	26	22
	27	23
	28	24
	29	25
com/mojang/realmsclient/dto/RealmsRegion	71	69
	65	63
	66	64
	67	65
	68	66
	69	67
	71	69
	13	12
	14	13
	15	14
	16	15
	17	16
	18	17
	19	18
	20	19
	21	20
	22	21
	23	22
	24	23
	25	24
	26	25
	27	26
	28	27
	29	28
	30	29
	31	30
	32	31
	33	32
	34	33
	35	34
	36	35
	42	41
	43	42
	44	43
	47	46
	48	47
	49	48
	52	52
	56	56
	60	59
	61	60
net/minecraft/client/model/animal/equine/DonkeyModel	69	63
	66	60
	67	61
	68	62
	69	63
	19	16
	20	17
	27	23
	30	24
	33	35
	36	36
	39	39
	40	40
	41	41
	45	45
	46	45
	47	45
	51	49
	52	50
	53	50
	54	51
	55	52
	57	53
	58	54
	59	54
	60	55
	61	56
	62	57
net/minecraft/client/renderer/entity/state/SlimeRenderState	5	5
	5	5
net/minecraft/client/model/animal/feline/AdultOcelotModel	9	9
	8	8
	9	9
net/minecraft/client/model/Model	67	64
	35	33
	67	64
	36	34
	39	37
	40	38
	43	41
	47	45
	51	49
	52	50
	21	19
	22	20
	23	21
	55	53
	24	22
	56	54
	58	56
	27	25
	62	60
	31	29
	63	61
net/minecraft/client/color/item/ItemTintSources	22	27
	16	21
	17	22
	18	23
	19	24
	20	25
	21	26
	22	27
	11	16
	14	19
	15	20
net/minecraft/client/renderer/chunk/package-info	0	0
net/minecraft/client/gui/screens/dialog/DialogScreen	250	262
	34	36
	36	39
	37	39
	38	40
	39	41
	51	52
	52	53
	53	54
	54	55
	55	56
	59	60
	61	61
	63	62
	65	63
	67	64
	68	65
	70	66
	72	68
	73	69
	74	70
	75	71
	79	75
	80	76
	83	79
	85	80
	86	81
	88	82
	90	83
	93	84
	94	85
	95	86
	97	88
	98	89
	100	90
	101	91
	104	96
	107	101
	111	105
	112	106
	113	107
	114	108
	115	109
	118	112
	119	113
	120	114
	121	115
	122	116
	126	120
	127	121
	129	122
	131	123
	132	124
	134	126
	137	130
	138	135
	139	136
	141	138
	142	139
	147	144
	152	149
	157	154
	158	155
	161	158
	162	159
	165	162
	166	163
	167	164
	168	165
	171	168
	172	169
	174	171
	176	173
	180	176
	181	177
	182	188
	183	190
	184	182
	185	194
	186	195
	187	196
	188	198
	190	200
	193	203
	197	207
	198	208
	199	209
	200	210
	201	211
	202	212
	204	214
	205	215
	208	218
	209	219
	210	220
	211	222
	212	223
	214	226
	217	229
	224	236
	228	240
	229	242
	231	243
	233	245
	235	247
	236	248
	237	249
	238	250
	241	253
	242	254
	245	257
	249	261
	250	262
net/minecraft/client/server/LanServer	26	26
	17	17
	21	21
	25	25
	26	26
	11	11
	12	12
	13	13
	14	14
net/minecraft/client/model/object/projectile/ArrowModel	45	40
	32	29
	33	30
	35	31
	40	35
	41	36
	42	37
	43	38
	45	40
	17	17
	18	18
	21	21
	22	22
	24	23
	25	25
	26	25
	28	26
	30	28
	31	28
net/minecraft/client/particle/PlayerCloudParticle	90	106
	69	67
	70	68
	74	81
	13	15
	14	16
	15	17
	17	18
	18	19
	82	89
	19	20
	83	90
	20	21
	21	22
	22	23
	23	24
	87	103
	88	104
	25	25
	89	105
	26	26
	90	106
	27	27
	28	28
	29	29
	31	30
	32	31
	34	32
	35	33
	36	34
	40	38
	45	43
	50	48
	51	49
	52	50
	53	51
	54	52
	55	53
	56	54
	57	55
	58	56
	59	57
	63	61
net/minecraft/client/renderer/entity/PandaRenderer	149	147
	128	130
	130	131
	131	132
	132	133
	137	138
	138	139
	139	140
	140	141
	141	142
	143	144
	146	147
	19	20
	147	147
	20	22
	21	24
	149	147
	22	26
	23	28
	24	30
	25	32
	26	34
	29	38
	30	40
	31	42
	32	44
	33	46
	34	48
	35	50
	36	52
	40	57
	42	58
	43	59
	47	62
	48	63
	53	67
	58	71
	59	72
	60	73
	61	74
	62	75
	63	76
	64	77
	65	78
	66	79
	67	80
	68	81
	69	82
	70	83
	71	84
	75	87
	77	88
	78	89
	79	90
	80	91
	82	92
	83	93
	85	94
	86	95
	87	96
	88	97
	90	98
	91	99
	92	100
	93	101
	94	102
	95	103
	96	104
	98	105
	99	106
	100	107
	101	108
	102	109
	103	110
	104	111
	106	112
	107	113
	108	114
	109	115
	110	116
	111	117
	112	118
	114	119
	115	120
	119	124
	120	125
	121	126
	122	127
	125	128
	127	129
net/minecraft/client/resources/metadata/animation/AnimationFrame	32	25
	16	13
	32	25
	17	15
	19	17
	22	18
	23	18
	24	18
	28	21
	29	22
	14	10
	15	12
net/minecraft/client/gui/narration/NarratableEntry	27	24
	16	15
	27	24
	12	11
net/minecraft/client/particle/WhiteSmokeParticle	27	45
	16	25
	22	31
	23	32
	27	45
	12	21
	13	22
	14	23
	15	24
net/minecraft/client/gui/screens/DirectJoinServerScreen	92	94
	65	69
	66	70
	67	71
	71	75
	72	76
	76	80
	77	81
	78	82
	15	14
	81	85
	82	86
	86	90
	24	22
	88	91
	25	23
	89	92
	26	24
	27	25
	91	93
	28	26
	92	94
	32	30
	33	31
	34	32
	36	34
	41	40
	42	41
	43	42
	44	43
	45	44
	46	46
	47	51
	49	53
	50	54
	54	58
	55	59
	59	63
	60	64
	61	65
	62	66
net/minecraft/client/renderer/entity/state/WardenRenderState	0	0
net/minecraft/client/gui/screens/dialog/package-info	0	0
net/minecraft/client/renderer/item/ClientItem	40	31
	34	24
	36	25
	37	27
	38	28
	39	29
	40	31
	15	10
	16	11
	17	11
	18	12
	21	16
	22	17
	25	20
net/minecraft/client/gui/screens/dialog/DialogListDialogScreen	32	27
	32	27
	18	17
	19	18
	23	21
	27	25
	29	26
	30	26
net/minecraft/client/gui/screens/reporting/AbstractReportScreen	245	223
	33	29
	34	30
	35	31
	36	32
	37	33
	39	34
	40	35
	41	36
	42	37
	43	38
	44	39
	45	40
	52	45
	65	54
	66	55
	67	56
	68	57
	69	58
	72	61
	74	62
	75	63
	76	64
	77	65
	79	66
	84	71
	86	72
	87	73
	88	74
	90	75
	92	76
	93	77
	94	78
	97	81
	98	82
	103	88
	104	90
	105	91
	106	92
	107	93
	108	94
	109	95
	110	96
	111	97
	113	99
	114	100
	115	101
	116	102
	119	105
	120	106
	121	107
	122	108
	126	112
	127	113
	128	114
	131	117
	132	118
	134	119
	135	120
	136	121
	137	122
	139	123
	140	124
	141	125
	142	127
	143	128
	145	131
	147	134
	149	136
	150	137
	153	140
	154	142
	155	143
	158	146
	161	148
	162	149
	164	151
	167	154
	168	155
	171	158
	173	160
	174	161
	177	164
	178	165
	180	167
	183	170
	184	171
	188	175
	189	176
	191	178
	193	180
	197	184
	198	185
	199	186
	202	189
	203	190
	204	191
	205	192
	206	193
	209	196
	210	197
	214	201
	215	202
	216	203
	217	204
	218	204
	219	204
	221	205
	222	205
	223	206
	224	207
	225	208
	226	208
	228	209
	229	209
	230	210
	231	211
	232	212
	233	212
	235	213
	240	218
	241	219
	245	223
net/minecraft/client/gui/screens/inventory/ItemCombinerScreen	53	50
	33	33
	35	34
	36	35
	40	39
	41	40
	42	41
	43	42
	17	17
	49	47
	18	18
	19	19
	53	50
	22	22
	26	26
	27	27
	28	28
	29	29
net/minecraft/client/entity/ClientAvatarState	103	95
	65	56
	67	61
	70	64
	7	7
	74	68
	78	72
	82	76
	83	77
	84	78
	23	20
	87	81
	24	21
	88	82
	25	22
	89	83
	26	23
	92	86
	29	26
	30	27
	33	30
	98	90
	99	91
	37	34
	38	35
	39	36
	103	95
	41	37
	42	38
	43	39
	46	40
	47	41
	48	44
	49	45
	51	42
	54	48
	55	51
	56	52
	58	49
	61	55
	62	58
	63	59
net/minecraft/client/resources/ClientPackSource	124	95
	68	48
	69	49
	70	50
	73	53
	77	53
	82	57
	83	58
	84	59
	85	60
	88	64
	92	68
	93	69
	30	32
	94	70
	31	32
	95	71
	32	32
	96	72
	97	73
	98	74
	35	34
	39	36
	103	78
	40	37
	104	79
	41	37
	44	40
	109	83
	46	40
	48	40
	114	87
	51	42
	119	91
	57	43
	121	92
	122	93
	124	95
	63	44
net/minecraft/client/resources/sounds/SoundEventRegistration	27	26
	16	15
	19	18
	23	22
	27	26
	13	12
	14	13
	15	14
net/minecraft/client/renderer/texture/MipmapStrategy	23	21
	18	17
	19	18
	7	7
	23	21
	8	8
	9	9
	10	10
	11	11
	13	13
net/minecraft/client/resources/model/cuboid/CuboidModelElement	163	164
	128	126
	129	127
	130	128
	132	131
	136	135
	137	136
	138	137
	140	139
	144	144
	145	145
	146	145
	148	148
	150	146
	154	153
	155	154
	156	155
	159	158
	160	160
	161	161
	34	29
	35	30
	163	164
	57	50
	58	51
	59	52
	60	53
	61	54
	62	55
	63	56
	65	59
	66	60
	67	61
	68	62
	69	63
	70	64
	72	67
	73	68
	77	72
	81	76
	82	80
	83	81
	84	82
	87	84
	88	94
	89	95
	90	96
	91	85
	92	89
	93	90
	94	91
	95	92
	97	86
	99	99
	101	100
	103	77
	107	104
	108	105
	109	106
	110	107
	112	109
	116	114
	118	115
	119	116
	122	118
	126	123
	127	124
net/minecraft/client/gui/components/debug/DebugEntryVersion	18	28
	18	28
	13	15
	14	24
net/minecraft/client/renderer/entity/layers/ParrotOnShoulderLayer	55	66
	32	39
	34	41
	37	53
	38	54
	39	54
	40	54
	44	55
	45	56
	46	57
	47	58
	48	59
	49	60
	50	61
	20	20
	52	62
	21	21
	22	22
	54	65
	55	66
	26	32
	27	33
	28	34
	30	37
	31	38
net/minecraft/client/main/package-info	0	0
com/mojang/realmsclient/gui/screens/RealmsNotificationsScreen	190	169
	128	144
	131	147
	135	150
	136	151
	137	152
	138	153
	139	154
	140	155
	141	156
	144	159
	145	160
	146	162
	19	18
	147	163
	20	19
	148	164
	21	20
	149	165
	22	21
	24	22
	152	168
	153	169
	35	58
	36	59
	164	32
	166	33
	167	34
	40	63
	169	35
	41	64
	43	66
	174	40
	47	70
	48	71
	49	72
	52	75
	181	46
	53	76
	54	77
	183	47
	56	79
	185	48
	190	53
	63	85
	64	86
	65	87
	66	88
	67	89
	69	91
	73	95
	74	96
	76	98
	79	101
	83	105
	88	110
	90	111
	91	112
	93	114
	98	118
	101	121
	103	122
	104	123
	106	124
	107	125
	109	126
	111	127
	112	128
	113	129
	116	132
	117	133
	118	134
	119	135
	122	138
	123	139
	124	140
	127	143
net/minecraft/client/multiplayer/ChunkBatchSizeCalculator	33	28
	33	28
	9	9
	10	10
	11	11
	14	14
	15	15
	18	18
	22	19
	23	20
	24	21
	25	22
	26	23
	28	25
net/minecraft/client/model/monster/endermite/package-info	0	0
net/minecraft/client/gui/render/pip/package-info	0	0
net/minecraft/client/model/animal/parrot/package-info	0	0
net/minecraft/client/renderer/state/LightmapRenderState	16	17
	16	17
	7	8
	9	10
	11	12
	12	13
net/minecraft/client/gui/spectator/SpectatorMenuListener	0	0
net/minecraft/client/model/animal/bee/AdultBeeModel	91	57
	22	18
	24	19
	25	20
	26	21
	27	22
	31	26
	32	27
	33	28
	34	29
	37	32
	38	33
	40	34
	41	34
	42	34
	44	35
	45	35
	46	35
	48	36
	49	36
	50	36
	53	37
	54	38
	55	38
	56	38
	58	40
	59	41
	60	41
	61	41
	64	43
	65	44
	66	46
	67	46
	68	47
	70	49
	71	51
	72	51
	73	52
	75	54
	76	54
	77	54
	78	54
	80	55
	81	55
	82	55
	83	55
	85	56
	86	56
	87	56
	88	56
	91	57
net/minecraft/client/player/inventory/package-info	0	0
net/minecraft/client/renderer/item/properties/conditional/FishingRodCast	29	30
	18	20
	20	21
	21	22
	24	24
	29	30
	14	14
net/minecraft/client/gui/components/Tooltip	70	70
	64	63
	34	33
	66	66
	38	37
	70	70
	42	41
	46	45
	50	49
	55	54
	56	55
	58	57
	27	26
	28	27
	29	28
	61	60
	30	29
	62	61
	31	30
	63	62
net/minecraft/client/renderer/item/properties/select/CustomModelDataProperty	41	38
	16	16
	18	17
	19	18
	20	19
	36	33
	21	19
	41	38
	27	27
	28	28
	29	28
	31	28
net/minecraft/client/particle/BlockMarker	33	42
	16	16
	17	17
	33	42
	18	18
	22	22
	27	27
	13	13
	14	14
	15	15
com/mojang/realmsclient/gui/screens/RealmsCreateRealmScreen	133	119
	128	114
	132	118
	133	119
	24	23
	25	24
	26	25
	40	35
	41	36
	42	37
	43	38
	47	42
	49	43
	51	44
	52	45
	54	46
	55	47
	56	48
	58	49
	59	50
	61	51
	62	52
	63	53
	65	54
	66	55
	67	56
	71	60
	72	61
	76	65
	77	66
	80	69
	81	70
	82	71
	83	72
	84	73
	85	74
	86	75
	87	76
	88	76
	89	77
	90	78
	92	80
	93	80
	94	81
	96	83
	97	84
	99	86
	101	89
	102	90
	105	93
	107	95
	110	98
	112	101
	113	102
	114	103
	119	108
	120	109
	121	109
	122	110
	123	111
	124	112
	127	113
com/mojang/realmsclient/util/task/SwitchSlotTask	54	55
	33	32
	34	33
	37	36
	38	37
	39	38
	41	41
	10	10
	42	42
	43	43
	12	11
	44	44
	46	47
	47	48
	50	51
	19	17
	20	18
	21	19
	22	20
	54	55
	26	24
	27	26
	29	28
	30	29
net/minecraft/client/renderer/entity/state/RabbitRenderState	9	9
	9	9
net/minecraft/client/model/npc/VillagerModel	124	97
	25	23
	26	24
	27	25
	28	26
	29	27
	30	28
	33	31
	34	32
	36	33
	38	34
	39	34
	40	34
	43	35
	44	36
	45	36
	48	38
	49	39
	50	39
	51	39
	53	41
	54	41
	55	41
	56	41
	58	42
	59	42
	60	42
	63	43
	64	44
	65	44
	68	46
	69	48
	70	49
	71	51
	72	53
	73	55
	75	57
	76	58
	77	58
	78	58
	80	60
	81	61
	82	61
	83	61
	86	63
	90	67
	91	68
	92	69
	97	73
	99	74
	100	75
	102	76
	103	77
	104	78
	106	80
	109	83
	110	84
	111	85
	112	86
	113	87
	117	91
	122	95
	123	96
	124	97
net/minecraft/client/renderer/blockentity/state/BrushableBlockRenderState	0	0
net/minecraft/client/renderer/blockentity/state/BlockEntityRenderState	34	35
	32	33
	33	34
	34	35
	15	15
	17	16
	18	17
	23	24
	24	25
	25	26
	26	27
	27	28
	28	29
	31	32
net/minecraft/client/renderer/entity/AbstractZombieRenderer	48	41
	32	31
	33	32
	34	33
	38	36
	43	40
	44	41
	46	41
	15	15
	16	16
	48	41
	19	21
	21	22
	22	23
	26	26
	31	30
net/minecraft/client/model/animal/polarbear/PolarBearModel	76	65
	65	56
	66	57
	67	58
	69	59
	70	60
	71	61
	73	62
	74	63
	75	64
	76	65
	18	15
	19	16
	22	19
	23	20
	25	21
	26	23
	27	24
	28	26
	29	28
	30	30
	31	33
	33	35
	34	37
	35	37
	36	37
	37	38
	40	40
	41	41
	42	41
	43	42
	44	43
	46	44
	47	44
	48	45
	49	46
	51	47
	52	47
	57	51
	59	52
	60	53
	62	54
	63	55
net/minecraft/client/gui/screens/recipebook/GhostSlots	84	80
	64	60
	65	61
	68	66
	69	75
	71	67
	72	68
	73	69
	74	70
	76	75
	80	79
	81	80
	82	80
	84	80
	22	22
	23	23
	26	26
	27	27
	30	30
	31	31
	32	32
	34	34
	37	37
	38	38
	41	41
	42	42
	45	45
	46	46
	47	47
	49	48
	50	49
	52	51
	55	54
	57	55
	59	56
	61	57
	62	58
net/minecraft/client/renderer/entity/state/ItemClusterRenderState	36	33
	32	33
	33	33
	36	33
	16	16
	17	17
	18	18
	19	19
	22	22
	26	26
	27	27
	28	28
	29	29
	30	30
	31	31
net/minecraft/client/resources/model/ModelDebugName	0	0
net/minecraft/client/renderer/state/level/LevelRenderState	38	38
	32	32
	33	33
	34	34
	35	35
	36	36
	37	37
	38	38
	29	29
	30	30
	31	31
com/mojang/realmsclient/gui/screens/RealmsSelectWorldTemplateScreen	365	384
	260	369
	261	370
	262	371
	263	372
	267	376
	271	380
	275	384
	280	240
	281	240
	282	240
	284	243
	285	243
	286	243
	289	245
	290	246
	298	252
	299	253
	44	40
	300	254
	46	41
	302	255
	48	42
	304	257
	49	43
	50	44
	306	260
	307	261
	309	262
	311	264
	313	266
	317	270
	318	271
	319	272
	320	273
	322	276
	323	277
	325	280
	326	281
	72	64
	73	65
	329	284
	76	74
	77	75
	78	76
	334	289
	79	77
	335	301
	336	302
	81	78
	337	303
	82	79
	339	304
	340	305
	85	81
	341	306
	86	82
	343	309
	88	85
	344	310
	89	86
	345	311
	347	314
	348	315
	93	90
	349	316
	94	91
	350	317
	95	92
	351	318
	96	93
	352	319
	97	94
	353	320
	99	95
	355	322
	101	96
	102	97
	103	98
	359	326
	104	99
	360	328
	105	100
	361	329
	106	101
	362	330
	363	331
	108	102
	365	334
	110	103
	111	104
	112	105
	116	109
	117	110
	118	111
	122	115
	123	116
	124	117
	125	118
	129	122
	130	123
	131	124
	132	125
	136	129
	137	130
	140	133
	141	134
	143	136
	146	139
	147	140
	149	142
	152	145
	153	146
	155	148
	158	151
	161	154
	162	155
	163	157
	165	158
	168	159
	169	162
	170	163
	171	164
	172	165
	174	168
	176	170
	177	172
	178	173
	180	176
	182	177
	183	178
	184	180
	185	182
	187	185
	189	187
	190	192
	192	194
	193	196
	194	197
	198	201
	199	202
	200	203
	206	209
	208	210
	210	211
	211	212
	213	214
	216	217
	217	218
	218	219
	219	220
	220	221
	221	223
	222	224
	223	225
	224	226
	225	227
	226	228
	227	229
	228	230
	230	233
	233	236
	237	340
	238	341
	241	345
	242	351
	243	352
	246	355
	247	356
	251	360
	252	361
	253	362
	255	364
net/minecraft/client/server/IntegratedPlayerList	30	26
	16	16
	17	17
	21	20
	22	21
	25	22
	14	15
	30	26
net/minecraft/client/renderer/entity/layers/CarriedBlockLayer	37	38
	32	33
	33	34
	35	35
	36	36
	37	38
	15	14
	16	15
	20	25
	21	26
	22	38
	25	27
	27	28
	28	29
	29	30
	30	31
	31	32
com/mojang/realmsclient/client/RealmsError	184	165
	131	107
	136	112
	141	117
	142	118
	144	119
	17	16
	19	17
	150	26
	152	27
	155	30
	156	31
	30	126
	35	131
	36	132
	37	133
	167	35
	168	36
	40	136
	169	37
	41	137
	170	38
	42	138
	171	39
	43	139
	172	40
	174	40
	47	143
	180	42
	52	148
	181	43
	184	46
	59	155
	64	160
	69	165
	78	54
	83	59
	88	64
	93	69
	94	70
	99	75
	103	79
	107	83
	111	87
	115	91
	119	95
	120	96
	121	97
	122	98
	125	101
	126	102
com/mojang/blaze3d/opengl/VertexArrayCache	153	143
	128	95
	131	96
	132	97
	136	98
	138	101
	139	102
	141	131
	17	15
	18	16
	19	17
	21	19
	150	140
	151	141
	152	142
	153	143
	31	30
	32	31
	36	35
	37	36
	40	37
	41	38
	42	39
	43	40
	44	41
	47	44
	48	45
	49	46
	50	55
	54	48
	57	49
	58	50
	59	51
	60	52
	62	55
	65	58
	66	59
	67	61
	68	62
	69	63
	70	64
	72	67
	73	68
	75	70
	78	73
	87	82
	88	83
	89	84
	91	85
	93	87
	95	89
	99	93
	100	94
	101	105
	102	106
	103	107
	104	108
	105	110
	106	111
	107	112
	108	113
	109	114
	111	116
	113	119
	117	123
	118	124
	121	127
	122	128
	123	129
	124	131
net/minecraft/client/renderer/RenderBuffers	74	63
	66	55
	70	59
	74	63
	24	20
	26	21
	28	23
	29	24
	30	25
	31	26
	34	27
	35	28
	36	29
	37	30
	40	31
	41	32
	43	34
	44	35
	46	36
	48	37
	49	38
	50	39
	51	40
	54	43
	55	44
	58	47
	62	51
net/minecraft/client/gui/components/CycleButton	304	344
	259	267
	260	268
	261	269
	264	272
	265	273
	266	274
	267	275
	269	277
	279	319
	280	320
	25	24
	26	25
	283	323
	288	328
	294	334
	295	335
	296	336
	299	339
	47	56
	48	57
	304	344
	49	58
	50	59
	51	60
	52	61
	53	62
	54	63
	55	64
	56	65
	57	66
	58	67
	59	68
	60	69
	64	73
	65	74
	66	75
	68	77
	71	80
	72	81
	74	83
	77	86
	78	87
	82	91
	83	92
	85	94
	87	96
	90	99
	91	100
	92	101
	94	102
	95	103
	96	104
	99	107
	100	108
	105	113
	106	114
	107	115
	108	116
	110	119
	114	123
	115	124
	116	125
	117	126
	121	129
	122	130
	126	134
	127	135
	130	138
	131	139
	132	140
	133	141
	134	142
	137	145
	141	149
	145	153
	150	158
	156	163
	157	164
	158	165
	159	166
	160	167
	161	168
	163	170
	166	173
	170	176
	174	180
	178	184
	182	188
	186	192
	192	199
	193	200
	200	206
	201	207
	202	208
	205	211
	210	216
	214	220
	218	224
	222	228
	223	229
	227	233
	228	234
	232	238
	233	239
	237	243
	238	244
	242	248
	243	249
	247	253
	251	257
	255	261
net/minecraft/client/renderer/entity/VillagerRenderer	55	52
	36	39
	37	40
	39	40
	41	40
	46	44
	16	15
	17	16
	19	17
	51	48
	52	49
	53	50
	22	20
	54	51
	55	52
	24	21
	25	22
	26	31
	27	32
	31	35
net/minecraft/client/renderer/entity/StriderRenderer	66	60
	66	60
	35	36
	36	37
	38	39
	43	44
	44	45
	46	45
	15	15
	16	16
	48	45
	17	17
	18	18
	53	49
	23	22
	25	23
	58	53
	27	28
	59	54
	28	29
	60	55
	61	56
	62	57
	31	33
net/minecraft/client/gui/components/debug/DebugEntryChunkGeneration	62	57
	32	34
	33	42
	36	35
	38	36
	39	37
	42	40
	43	42
	46	45
	47	46
	49	47
	51	48
	52	49
	21	20
	53	50
	55	51
	24	22
	56	52
	57	53
	59	54
	28	31
	60	55
	29	32
	30	33
	62	57
net/minecraft/client/animation/definitions/BatAnimation	108	174
	11	9
	12	10
	13	11
	14	14
	16	17
	17	20
	19	23
	20	26
	22	29
	23	32
	25	35
	26	38
	28	41
	29	44
	31	47
	32	50
	34	53
	35	56
	37	59
	38	62
	40	65
	41	68
	43	71
	44	74
	46	77
	48	78
	49	79
	50	80
	51	84
	52	85
	53	86
	55	89
	56	93
	57	94
	58	95
	59	96
	60	97
	61	98
	63	101
	64	105
	65	106
	66	107
	68	110
	69	114
	70	115
	71	116
	72	117
	73	118
	74	119
	76	122
	77	126
	78	127
	79	128
	80	129
	82	132
	83	136
	84	137
	85	138
	86	139
	87	140
	89	143
	90	147
	91	148
	92	149
	93	150
	95	153
	96	157
	97	158
	98	159
	99	160
	100	161
	102	164
	103	168
	104	169
	105	170
	106	171
	108	174
net/minecraft/client/gui/screens/inventory/InventoryScreen	144	151
	129	137
	130	138
	131	139
	132	140
	133	141
	134	142
	139	147
	140	148
	141	149
	144	151
	32	28
	33	29
	34	30
	35	31
	39	35
	41	36
	42	37
	44	42
	48	46
	49	47
	50	54
	52	52
	53	54
	57	58
	62	63
	63	64
	67	68
	68	69
	72	73
	73	74
	75	75
	76	76
	77	77
	81	81
	86	86
	91	91
	92	92
	93	93
	94	94
	96	95
	97	96
	100	110
	101	111
	103	112
	104	113
	106	114
	107	115
	108	116
	110	117
	111	118
	112	119
	113	120
	114	121
	115	122
	117	124
	119	127
	120	128
	121	129
	124	132
	125	133
	126	134
net/minecraft/client/renderer/entity/state/FrogRenderState	14	13
	7	7
	14	13
net/minecraft/client/gui/layouts/EqualSpacingLayout	169	163
	131	127
	132	128
	133	129
	138	134
	139	136
	140	139
	142	141
	145	144
	146	146
	147	149
	149	151
	152	154
	153	155
	154	156
	27	16
	28	17
	31	20
	159	161
	32	21
	160	162
	33	22
	161	163
	37	26
	39	27
	40	67
	168	97
	169	98
	43	28
	44	29
	46	31
	47	32
	48	33
	51	36
	53	37
	55	38
	56	39
	57	40
	58	41
	59	42
	60	43
	61	45
	62	46
	63	47
	64	48
	65	49
	69	53
	70	55
	71	56
	74	59
	75	61
	76	64
	78	67
	82	71
	83	72
	86	75
	90	79
	94	83
	98	87
	99	88
	103	92
	110	106
	111	107
	112	108
	117	113
	118	114
	119	115
	124	120
	125	121
	126	122
com/mojang/blaze3d/audio/DeviceTracker	0	0
net/minecraft/client/renderer/blockentity/state/EndPortalRenderState	9	8
	9	8
com/mojang/blaze3d/font/TrueTypeGlyphProvider	216	212
	128	122
	129	123
	130	125
	132	128
	133	129
	134	130
	138	134
	146	211
	147	212
	159	146
	160	147
	33	35
	34	36
	162	148
	36	37
	164	149
	165	150
	38	38
	39	39
	167	151
	168	152
	41	40
	42	41
	44	42
	172	156
	45	43
	46	45
	47	46
	48	47
	177	161
	50	48
	51	49
	180	164
	53	52
	54	53
	185	169
	58	57
	59	58
	62	61
	190	174
	65	54
	195	179
	69	68
	70	69
	200	184
	74	73
	75	74
	76	75
	77	76
	205	189
	79	77
	207	191
	80	78
	208	192
	81	79
	209	193
	82	80
	211	196
	87	85
	216	200
	93	89
	94	90
	95	91
	97	94
	98	95
	99	96
	102	99
	104	100
	105	101
	106	102
	107	103
	108	104
	110	105
	111	107
	114	106
	118	111
	119	114
	121	112
	126	120
	127	121
net/minecraft/client/renderer/debug/EntityBlockIntersectionDebugRenderer	17	17
	16	16
	17	17
	14	16
	15	16
net/minecraft/client/renderer/chunk/RenderSectionRegion	83	79
	32	30
	64	62
	33	31
	34	32
	35	33
	36	34
	69	67
	40	37
	74	71
	45	42
	79	75
	50	49
	83	79
	55	53
	60	57
	29	27
	30	28
	31	29
net/minecraft/client/model/monster/enderman/package-info	0	0
net/minecraft/client/gui/screens/advancements/AdvancementsScreen	289	270
	256	240
	260	243
	264	247
	265	248
	266	249
	268	251
	272	255
	273	256
	277	259
	278	260
	279	261
	282	264
	283	265
	28	25
	288	269
	289	270
	51	41
	52	42
	53	43
	65	52
	66	53
	69	56
	70	57
	71	58
	72	59
	76	63
	77	64
	78	65
	79	66
	80	67
	81	68
	82	69
	85	71
	87	74
	89	75
	90	76
	91	77
	95	81
	96	82
	100	86
	101	87
	105	91
	106	92
	107	93
	108	94
	110	96
	114	100
	115	101
	116	102
	118	104
	119	105
	120	106
	121	107
	125	112
	130	117
	131	118
	132	119
	133	120
	135	122
	140	128
	142	129
	143	130
	144	131
	145	132
	146	133
	147	134
	148	135
	149	136
	150	137
	151	138
	152	139
	153	140
	154	141
	157	145
	158	146
	162	150
	163	151
	164	152
	167	155
	168	156
	169	157
	170	158
	172	161
	177	166
	178	167
	183	172
	184	173
	185	174
	187	176
	191	181
	192	182
	193	183
	194	184
	195	185
	196	186
	197	190
	200	188
	201	190
	204	193
	205	194
	206	195
	207	196
	210	199
	211	200
	214	204
	215	205
	218	208
	219	209
	220	210
	222	211
	223	212
	225	213
	228	216
	229	217
	230	218
	231	219
	235	223
	239	226
	240	227
	241	230
	243	228
	244	230
	248	233
	252	236
	253	237
	254	238
net/minecraft/client/gui/screens/inventory/MenuAccess	0	0
net/minecraft/client/renderer/entity/WindChargeRenderer	38	44
	16	15
	33	39
	21	19
	22	20
	38	44
	23	21
	27	25
	29	35
	30	36
net/minecraft/client/renderer/OutlineBufferSource	78	76
	34	33
	35	34
	68	66
	41	39
	73	71
	42	40
	11	9
	13	10
	78	76
	47	45
	17	14
	18	15
	19	16
	52	50
	21	18
	22	19
	23	20
	24	21
	57	55
	26	23
	58	56
	30	29
	31	30
	63	61
net/minecraft/client/resources/server/PackReloadConfig	0	0
net/minecraft/client/gui/components/MultiLineEditBox	320	317
	256	254
	257	255
	259	258
	260	259
	263	262
	269	268
	270	269
	271	270
	272	271
	273	272
	274	273
	24	22
	280	276
	281	277
	285	281
	286	282
	290	286
	291	287
	37	46
	38	47
	39	48
	295	291
	40	49
	296	292
	41	50
	42	51
	43	52
	44	53
	300	296
	45	54
	301	297
	48	57
	49	58
	305	301
	306	302
	52	61
	53	62
	310	306
	311	307
	56	65
	57	66
	315	311
	60	69
	316	312
	61	70
	64	73
	320	317
	65	74
	68	77
	73	82
	74	83
	78	87
	79	88
	81	90
	82	91
	84	93
	88	97
	89	98
	90	99
	91	100
	95	104
	100	109
	101	113
	104	110
	105	111
	110	119
	111	120
	116	125
	117	126
	118	127
	119	213
	122	131
	123	132
	124	133
	125	134
	127	135
	128	136
	129	137
	130	138
	133	139
	134	141
	135	142
	137	143
	139	144
	140	145
	141	146
	142	147
	144	148
	145	149
	147	150
	148	151
	149	152
	150	153
	152	156
	156	158
	157	159
	158	160
	159	161
	161	162
	162	163
	167	167
	170	170
	171	171
	174	174
	175	175
	177	176
	178	177
	179	179
	180	180
	181	181
	183	183
	187	187
	188	188
	190	190
	191	191
	193	193
	195	196
	198	199
	202	204
	203	205
	206	208
	207	209
	208	210
	210	213
	214	217
	216	218
	217	219
	218	220
	219	221
	221	223
	225	227
	229	231
	231	232
	233	233
	234	234
	236	236
	238	237
	239	238
	243	242
	244	243
	247	246
	248	247
	250	248
	251	249
	255	253
net/minecraft/client/model/monster/guardian/package-info	0	0
net/minecraft/client/gui/components/events/GuiEventListener	85	75
	34	31
	38	35
	70	63
	42	39
	74	67
	75	67
	77	67
	46	43
	81	71
	50	47
	19	16
	85	75
	22	19
	26	23
	58	51
	30	27
	62	55
net/minecraft/client/renderer/item/properties/numeric/Count	30	26
	19	19
	20	20
	22	21
	23	21
	25	21
	13	13
	14	14
	30	26
	15	14
net/minecraft/client/model/animal/wolf/package-info	0	0
net/minecraft/client/renderer/texture/atlas/SpriteSource	39	32
	39	21
	24	31
	25	32
	15	13
net/minecraft/client/input/MouseButtonEvent	21	17
	21	17
	10	6
	15	11
net/minecraft/client/particle/SimpleVerticalParticle	37	63
	16	25
	17	26
	18	27
	19	28
	37	63
	23	32
	11	20
	12	21
	13	22
	29	47
	14	23
	15	24
net/minecraft/client/renderer/PlayerSkinRenderCache	148	138
	128	117
	67	60
	68	61
	132	121
	69	61
	133	122
	135	125
	72	61
	76	65
	140	130
	77	66
	78	67
	79	68
	80	69
	81	70
	145	136
	146	137
	147	138
	84	72
	148	138
	25	25
	89	77
	26	26
	93	81
	34	32
	35	32
	36	33
	37	34
	38	35
	39	36
	105	92
	106	93
	107	94
	110	97
	50	45
	114	101
	51	46
	118	105
	119	106
	121	109
	60	54
	61	55
	125	113
	62	56
	126	114
	63	57
net/minecraft/client/model/monster/silverfish/package-info	0	0
net/minecraft/client/renderer/DynamicUniforms	80	64
	64	63
	65	63
	66	63
	67	63
	68	63
	69	64
	75	51
	76	52
	77	53
	78	54
	79	55
	80	56
	17	15
	18	15
	19	15
	20	15
	21	15
	23	16
	24	16
	25	16
	26	16
	27	16
	34	18
	35	20
	39	24
	40	25
	41	26
	45	30
	46	31
	47	32
	50	35
	54	40
	58	44
net/minecraft/client/data/models/model/ItemModelUtils	195	184
	129	136
	135	141
	139	145
	140	145
	142	145
	147	149
	151	153
	155	157
	158	157
	163	163
	36	36
	164	164
	165	165
	166	166
	40	40
	170	172
	171	172
	44	44
	173	172
	48	48
	178	178
	52	52
	180	178
	182	178
	56	56
	60	60
	188	182
	189	183
	191	184
	64	64
	192	184
	194	184
	195	184
	68	70
	72	76
	76	82
	80	86
	84	90
	88	94
	92	100
	96	106
	105	110
	109	114
	114	121
	118	127
	119	127
	121	127
	126	136
	127	136
net/minecraft/client/multiplayer/ServerData	181	160
	130	140
	131	141
	132	142
	135	144
	136	146
	137	147
	138	148
	139	149
	140	150
	147	156
	148	157
	21	20
	151	160
	41	38
	42	39
	170	125
	43	40
	44	41
	172	127
	173	128
	174	129
	47	44
	48	45
	176	131
	49	46
	177	132
	51	47
	53	48
	181	136
	54	49
	55	50
	58	53
	62	57
	66	61
	67	62
	70	65
	71	66
	72	67
	73	68
	74	69
	78	73
	82	77
	83	78
	86	81
	90	85
	94	89
	98	93
	102	97
	103	98
	106	101
	107	102
	110	105
	111	106
	112	107
	113	108
	116	111
	117	112
	118	113
	119	114
	122	117
	126	121
	127	122
net/minecraft/client/renderer/entity/state/LightningBoltRenderState	0	0
net/minecraft/client/particle/ParticleDescription	34	32
	16	15
	32	31
	17	16
	34	32
	20	19
	24	23
	25	24
	26	25
	29	28
	30	29
	31	30
net/minecraft/client/renderer/entity/SheepRenderer	42	37
	35	31
	36	32
	37	33
	38	34
	39	35
	41	36
	42	37
	13	13
	14	14
	17	17
	19	18
	20	19
	21	20
	25	23
	30	27
net/minecraft/client/gui/screens/inventory/AbstractRecipeBookScreen	153	136
	128	113
	133	118
	135	119
	136	120
	140	124
	142	125
	143	126
	147	130
	148	131
	23	23
	24	24
	152	135
	25	25
	153	136
	29	29
	30	30
	31	31
	32	32
	34	33
	35	34
	40	39
	41	40
	42	41
	43	42
	44	43
	45	44
	46	45
	47	46
	48	47
	49	48
	52	51
	56	55
	57	56
	59	58
	61	61
	62	62
	64	63
	65	64
	66	65
	68	66
	69	67
	70	68
	74	72
	75	73
	76	74
	79	77
	84	82
	85	82
	87	82
	92	87
	93	87
	95	87
	100	92
	101	93
	102	94
	105	96
	106	96
	109	96
	114	102
	115	102
	117	102
	122	107
	127	112
net/minecraft/client/gui/screens/worldselection/DataPackReloadCookie	0	0
net/minecraft/client/gui/components/TextCursorUtils	21	20
	17	16
	18	17
	21	20
	13	12
	14	13
com/mojang/realmsclient/gui/screens/configuration/RealmsInviteScreen	120	103
	21	19
	22	20
	23	21
	24	22
	25	23
	37	32
	38	33
	39	34
	40	35
	44	39
	46	40
	48	41
	49	42
	50	43
	52	44
	54	45
	55	46
	56	47
	60	51
	61	52
	65	56
	66	57
	68	59
	71	62
	72	85
	75	63
	76	64
	77	85
	80	65
	81	66
	82	85
	85	68
	86	69
	87	70
	88	71
	89	72
	91	73
	92	73
	93	74
	94	75
	96	77
	98	80
	99	81
	100	82
	101	85
	104	88
	105	89
	106	90
	110	94
	111	95
	115	99
	117	100
	118	101
	120	103
net/minecraft/client/renderer/blockentity/WallAndGroundTransformations	30	27
	16	14
	19	15
	20	17
	21	18
	23	20
	26	23
	30	27
net/minecraft/client/renderer/blockentity/state/BlockEntityWithBoundingBoxRenderState	0	0
com/mojang/blaze3d/resource/package-info	0	0
net/minecraft/client/renderer/entity/ItemFrameRenderer	162	141
	130	110
	135	114
	140	118
	141	119
	142	120
	143	121
	144	122
	145	123
	146	124
	147	125
	148	126
	149	127
	150	128
	151	129
	152	130
	153	131
	28	26
	157	136
	158	137
	160	139
	162	141
	38	34
	39	35
	40	36
	41	37
	42	38
	46	41
	47	41
	49	41
	54	45
	55	46
	57	47
	59	48
	61	49
	63	50
	64	51
	68	54
	69	55
	70	56
	72	58
	73	59
	75	62
	76	63
	78	64
	79	65
	80	66
	81	67
	82	68
	85	71
	86	72
	88	74
	91	77
	92	78
	93	79
	95	80
	96	81
	97	82
	98	83
	99	84
	100	85
	101	86
	102	87
	103	88
	105	89
	107	90
	108	91
	111	94
	112	95
	115	98
	120	102
	125	106
net/minecraft/client/renderer/special/ShieldSpecialRenderer	88	95
	68	49
	69	52
	70	53
	72	54
	41	32
	73	55
	42	33
	43	34
	75	56
	76	58
	79	72
	80	73
	48	87
	82	77
	52	91
	86	81
	87	82
	88	83
	57	95
	30	27
	63	37
net/minecraft/client/player/inventory/Hotbar	80	77
	64	59
	65	60
	67	63
	68	64
	71	67
	72	68
	73	69
	76	73
	80	77
	23	23
	25	24
	27	25
	28	25
	30	26
	31	27
	32	27
	40	31
	41	32
	44	35
	45	36
	48	39
	49	41
	50	43
	51	44
	52	45
	54	47
	58	51
	59	52
	60	54
	61	55
	62	56
	63	58
com/mojang/blaze3d/TracyFrameCapture	124	112
	32	30
	35	33
	36	34
	37	35
	38	36
	39	37
	40	38
	41	39
	44	42
	46	43
	47	44
	48	45
	50	48
	51	49
	52	50
	56	53
	57	54
	59	55
	60	56
	61	57
	63	58
	64	59
	65	60
	66	61
	67	62
	68	63
	69	64
	71	66
	76	69
	77	89
	79	70
	81	71
	82	72
	83	73
	84	74
	87	77
	88	78
	89	80
	90	81
	91	82
	92	83
	95	86
	97	87
	98	89
	103	92
	104	99
	106	93
	108	95
	109	96
	111	99
	114	102
	115	103
	116	104
	117	105
	121	109
	122	110
	123	111
	124	112
net/minecraft/client/gui/screens/options/HasGamemasterPermissionReaction	0	0
net/minecraft/client/gui/screens/worldselection/WorldSelectionList	742	797
	513	608
	517	612
	518	619
	521	613
	522	614
	523	619
	526	616
	527	619
	530	623
	532	626
	533	627
	534	628
	536	631
	537	632
	538	633
	539	634
	540	635
	543	639
	546	642
	547	643
	549	650
	550	649
	551	665
	552	666
	553	667
	555	669
	558	672
	559	673
	562	677
	563	678
	564	679
	565	680
	566	681
	567	682
	568	683
	569	684
	570	685
	571	686
	575	691
	577	692
	578	693
	579	694
	581	695
	582	696
	583	697
	584	698
	585	699
	586	700
	75	77
	588	703
	77	78
	589	704
	78	79
	79	80
	80	81
	592	707
	81	82
	593	735
	82	83
	594	710
	83	84
	84	85
	596	713
	85	86
	597	714
	598	715
	87	87
	599	716
	88	88
	89	89
	601	717
	90	90
	602	718
	91	91
	603	720
	92	92
	604	722
	93	93
	605	726
	94	94
	606	727
	611	733
	613	750
	614	751
	615	752
	616	753
	617	754
	618	756
	619	758
	620	759
	621	760
	111	116
	112	117
	624	764
	114	118
	627	767
	116	119
	628	768
	117	120
	118	121
	119	122
	631	771
	120	123
	632	772
	121	124
	633	773
	634	774
	123	126
	635	775
	636	776
	125	129
	637	777
	126	130
	127	131
	640	780
	642	782
	131	135
	132	136
	133	137
	646	786
	647	787
	137	141
	649	789
	138	142
	139	143
	140	147
	652	792
	141	148
	143	144
	657	797
	146	151
	147	152
	148	153
	662	359
	154	158
	155	159
	667	363
	668	364
	159	163
	672	368
	161	164
	673	369
	162	165
	674	370
	164	168
	676	371
	165	169
	677	372
	678	373
	679	374
	168	172
	680	375
	169	187
	171	173
	172	174
	684	379
	173	176
	175	179
	176	180
	180	183
	181	184
	183	187
	186	190
	187	191
	189	194
	190	195
	702	297
	703	298
	704	299
	195	200
	707	302
	196	201
	708	303
	197	202
	198	203
	199	204
	712	307
	713	308
	202	207
	203	207
	204	208
	205	209
	717	312
	718	313
	210	214
	722	317
	211	215
	723	318
	212	216
	213	218
	214	219
	215	220
	727	322
	216	221
	728	323
	218	224
	220	227
	732	327
	221	228
	733	328
	222	229
	223	230
	225	232
	737	332
	226	233
	738	333
	227	234
	228	235
	742	338
	231	238
	235	242
	236	243
	237	244
	240	247
	241	248
	245	252
	250	256
	251	257
	252	258
	254	260
	257	263
	258	264
	259	264
	261	264
	265	268
	266	269
	267	270
	270	273
	275	278
	276	279
	277	283
	279	281
	280	283
	285	346
	288	349
	296	387
	297	388
	301	392
	306	397
	307	398
	308	399
	326	415
	327	416
	328	417
	329	418
	330	419
	331	420
	333	421
	334	422
	335	423
	336	424
	337	425
	338	426
	341	429
	342	430
	343	431
	344	432
	345	433
	347	436
	348	437
	349	438
	350	439
	351	440
	354	443
	355	444
	356	445
	357	446
	358	447
	361	450
	362	451
	363	452
	366	455
	367	478
	370	457
	371	458
	372	459
	373	460
	374	461
	375	462
	377	464
	380	468
	381	469
	383	471
	384	472
	385	473
	386	474
	387	475
	389	478
	393	482
	394	484
	395	484
	396	484
	398	486
	399	487
	401	490
	402	491
	404	494
	409	499
	410	500
	411	501
	413	502
	414	503
	416	504
	417	505
	419	506
	421	507
	422	508
	423	509
	424	510
	426	511
	427	512
	428	513
	429	514
	430	515
	431	516
	432	517
	433	518
	434	519
	437	522
	438	523
	439	524
	440	525
	442	527
	443	528
	444	529
	445	530
	447	532
	448	533
	449	534
	450	535
	452	537
	453	538
	454	539
	455	540
	456	541
	457	542
	459	548
	460	549
	461	550
	462	551
	465	559
	466	560
	469	563
	470	564
	471	565
	475	569
	478	572
	483	577
	484	578
	485	579
	487	580
	488	581
	489	582
	490	583
	491	584
	492	585
	496	590
	501	595
	502	596
	503	597
	504	598
	505	599
	506	600
	509	604
net/minecraft/client/renderer/feature/FlameFeatureRenderer	73	69
	64	58
	65	59
	66	60
	67	61
	69	63
	72	68
	73	69
	21	18
	22	19
	24	21
	27	26
	28	27
	30	28
	31	29
	33	30
	34	31
	36	32
	37	33
	39	34
	41	35
	42	36
	43	37
	44	38
	45	39
	47	41
	48	42
	50	43
	51	44
	52	45
	53	46
	54	47
	55	48
	56	49
	57	50
	59	53
	60	54
	61	55
	62	56
	63	57
net/minecraft/client/searchtree/IdSearchTree	41	35
	18	17
	19	18
	35	29
	20	19
	21	20
	39	33
	40	34
	41	35
	27	24
	28	25
	29	25
	31	25
net/minecraft/client/telemetry/TelemetryPropertyMap	109	111
	66	68
	73	74
	78	79
	82	83
	20	19
	21	20
	24	23
	89	90
	28	27
	92	93
	93	94
	31	29
	32	31
	33	32
	97	98
	98	99
	35	35
	100	102
	39	39
	40	40
	104	106
	41	40
	105	107
	43	40
	109	111
	48	45
	49	47
	50	48
	52	51
	56	57
	57	58
	58	59
	59	60
	61	62
net/minecraft/client/resources/sounds/BeeFlyingSoundInstance	19	19
	19	19
	9	9
	10	10
	14	14
net/minecraft/client/renderer/debug/LightDebugRenderer	57	65
	32	33
	34	34
	36	35
	38	37
	39	38
	40	39
	41	40
	42	42
	44	52
	45	53
	46	54
	49	57
	50	58
	51	59
	52	60
	53	61
	25	24
	57	65
	26	25
	27	26
	28	27
net/minecraft/client/model/animal/ghast/HappyGhastHarnessModel	45	48
	32	34
	37	40
	38	41
	39	42
	40	43
	42	45
	43	46
	45	48
	20	19
	21	20
	22	21
	25	24
	26	25
	28	26
	30	29
net/minecraft/client/renderer/state/GameRenderState	0	0
com/mojang/blaze3d/shaders/GpuDebugOptions	0	0
net/minecraft/client/renderer/entity/FishingHookRenderer	169	153
	129	121
	130	122
	131	123
	133	124
	134	125
	135	126
	136	127
	137	128
	138	129
	139	130
	141	131
	142	132
	146	135
	23	22
	151	139
	24	23
	153	140
	154	141
	155	142
	156	150
	29	27
	30	28
	159	144
	160	145
	34	31
	162	146
	163	147
	164	148
	165	150
	39	37
	41	38
	169	153
	42	39
	44	40
	46	41
	47	42
	48	43
	49	44
	50	45
	51	46
	53	47
	55	48
	56	49
	57	50
	58	51
	60	52
	61	53
	62	55
	63	56
	64	57
	65	58
	66	59
	68	61
	70	62
	71	63
	72	64
	81	67
	82	67
	83	67
	87	71
	89	72
	90	84
	91	85
	92	86
	93	87
	94	88
	95	89
	98	90
	101	91
	108	73
	109	74
	111	75
	112	79
	113	80
	114	81
	116	82
	121	97
	125	103
	126	109
net/minecraft/client/gui/screens/inventory/StructureBlockEditScreen	463	466
	28	27
	29	28
	30	29
	31	30
	32	31
	33	32
	34	33
	35	34
	36	35
	37	36
	38	37
	39	39
	76	74
	77	75
	78	76
	81	79
	82	80
	84	82
	87	85
	88	86
	89	87
	90	88
	91	89
	92	90
	93	91
	94	92
	95	93
	99	97
	100	98
	102	99
	103	100
	104	101
	105	102
	106	103
	107	104
	108	105
	110	106
	111	107
	112	108
	113	109
	115	111
	116	112
	117	113
	118	114
	119	115
	121	117
	122	119
	123	120
	124	121
	125	122
	126	123
	127	124
	128	125
	131	127
	132	128
	133	129
	134	130
	136	132
	137	133
	138	136
	141	138
	142	141
	145	143
	146	145
	147	146
	148	147
	151	149
	152	152
	155	154
	156	157
	159	159
	160	160
	161	161
	162	162
	163	163
	164	164
	165	165
	166	166
	167	167
	168	168
	169	169
	170	170
	171	171
	172	172
	173	173
	174	174
	176	175
	180	178
	181	179
	183	180
	186	183
	187	184
	188	185
	190	186
	191	187
	192	188
	193	189
	194	190
	195	191
	196	192
	197	193
	198	194
	199	195
	200	196
	201	197
	202	198
	204	199
	205	200
	206	201
	207	202
	208	203
	209	204
	210	205
	211	206
	212	207
	213	208
	214	209
	215	210
	216	211
	218	212
	219	213
	220	214
	221	215
	222	216
	223	217
	224	218
	225	219
	227	220
	228	221
	229	222
	230	223
	232	224
	233	225
	234	226
	238	230
	239	231
	243	235
	244	236
	245	237
	246	238
	247	239
	248	240
	249	241
	250	242
	251	243
	252	244
	254	245
	256	246
	257	247
	258	248
	259	249
	260	250
	261	251
	262	252
	263	253
	264	254
	265	255
	266	256
	269	259
	270	260
	271	261
	272	262
	274	263
	276	265
	277	266
	279	268
	280	269
	282	271
	283	272
	285	274
	288	276
	291	279
	292	280
	293	281
	294	282
	295	283
	296	284
	297	285
	298	286
	299	287
	300	288
	302	289
	303	290
	304	291
	305	292
	306	293
	307	294
	308	295
	309	296
	310	297
	311	298
	312	299
	313	300
	315	301
	317	303
	318	304
	319	305
	320	306
	321	307
	322	308
	323	309
	324	310
	325	311
	326	312
	327	313
	328	314
	329	315
	331	317
	332	318
	333	319
	334	320
	335	321
	336	322
	337	323
	338	324
	339	325
	340	326
	341	327
	342	328
	343	329
	344	330
	345	331
	346	332
	347	333
	349	335
	350	336
	352	338
	355	340
	358	344
	359	347
	360	349
	361	350
	362	351
	363	372
	368	377
	369	378
	370	379
	376	385
	377	386
	378	387
	384	393
	385	394
	386	395
	392	401
	393	402
	397	406
	398	407
	401	408
	402	409
	403	410
	406	412
	411	418
	413	419
	414	420
	416	421
	417	422
	418	423
	421	426
	422	427
	423	428
	424	429
	425	430
	427	431
	430	434
	431	435
	432	436
	433	437
	434	438
	436	439
	437	440
	440	443
	441	444
	442	445
	443	446
	444	447
	445	448
	448	451
	449	452
	450	453
	453	456
	454	457
	458	461
	463	466
com/mojang/realmsclient/dto/Subscription	43	36
	33	24
	38	30
	39	31
	41	33
	43	36
	20	12
	24	16
	25	17
	26	18
	27	19
	28	20
	30	22
	31	23
net/minecraft/client/renderer/item/ConditionalItemModel	88	93
	67	72
	68	73
	70	76
	71	77
	72	78
	73	79
	79	86
	81	86
	86	91
	87	92
	88	93
	27	26
	28	27
	29	28
	30	29
	34	41
	35	42
	36	44
	44	48
	45	50
	46	51
	47	52
	48	53
	49	55
	53	60
	58	65
	59	66
	60	67
	61	67
	62	67
net/minecraft/client/gui/screens/ConnectScreen	215	245
	38	36
	39	37
	41	39
	42	41
	53	52
	54	53
	55	54
	56	55
	59	65
	60	66
	61	89
	64	69
	65	70
	66	71
	67	72
	69	74
	71	77
	72	78
	73	79
	75	82
	76	83
	77	84
	78	85
	79	86
	80	87
	81	89
	84	92
	85	93
	88	96
	90	99
	91	100
	93	103
	94	103
	95	103
	96	104
	97	105
	99	108
	100	110
	101	112
	103	115
	106	117
	107	118
	108	119
	110	122
	111	123
	113	124
	115	127
	117	128
	118	129
	119	130
	120	131
	122	134
	123	135
	125	139
	126	140
	127	141
	130	153
	133	157
	134	158
	135	159
	136	160
	142	164
	143	165
	145	167
	148	170
	149	171
	150	175
	152	182
	155	185
	156	186
	157	187
	158	188
	162	192
	163	193
	164	194
	167	197
	168	198
	172	202
	173	203
	174	204
	176	206
	179	209
	183	213
	188	218
	189	219
	190	220
	191	221
	192	222
	193	223
	195	226
	196	227
	199	231
	200	232
	201	233
	205	237
	207	238
	208	239
	209	240
	211	241
	214	244
	215	245
com/mojang/blaze3d/opengl/GlDevice	427	439
	257	269
	262	274
	266	278
	267	280
	268	281
	269	282
	270	283
	271	284
	274	288
	275	289
	276	290
	281	295
	286	300
	291	305
	292	306
	293	307
	296	311
	297	313
	298	314
	299	315
	302	319
	304	320
	305	321
	306	322
	308	324
	53	45
	56	46
	57	47
	313	327
	58	48
	314	328
	59	49
	315	329
	60	50
	316	330
	61	51
	317	331
	318	332
	322	336
	327	341
	328	342
	332	346
	333	347
	79	68
	80	69
	337	351
	338	352
	84	70
	85	71
	342	356
	87	72
	89	73
	90	74
	346	360
	91	75
	92	76
	93	77
	94	78
	350	364
	95	79
	97	80
	98	81
	354	368
	355	369
	100	82
	102	83
	103	84
	360	373
	105	85
	361	374
	106	86
	107	87
	109	89
	365	378
	366	379
	111	91
	367	380
	368	381
	114	94
	370	383
	371	384
	372	385
	373	386
	375	387
	120	99
	376	388
	377	389
	378	390
	125	104
	381	392
	382	393
	383	394
	130	116
	387	400
	388	401
	389	402
	390	403
	135	129
	391	404
	393	407
	394	408
	395	409
	141	142
	142	143
	398	413
	143	144
	399	414
	144	145
	400	415
	401	416
	402	417
	147	148
	403	418
	148	150
	404	419
	149	151
	150	152
	152	154
	153	155
	409	424
	155	158
	156	159
	157	160
	413	428
	158	161
	159	162
	417	432
	162	165
	163	166
	164	167
	165	169
	423	438
	424	439
	169	174
	425	439
	170	176
	427	439
	174	181
	175	182
	176	183
	177	186
	178	187
	181	190
	182	191
	183	192
	188	197
	193	202
	199	207
	200	208
	201	209
	202	210
	203	211
	204	214
	205	215
	207	218
	208	219
	214	224
	215	225
	216	226
	217	227
	218	228
	219	229
	220	232
	221	233
	223	236
	224	237
	229	242
	230	243
	232	244
	237	249
	242	254
	247	259
	252	264
com/mojang/blaze3d/systems/SamplerCache	79	74
	71	65
	72	66
	73	67
	74	68
	11	10
	75	69
	76	70
	77	71
	14	13
	15	14
	79	74
	16	29
	18	15
	19	16
	20	17
	21	18
	22	19
	23	20
	29	31
	38	36
	42	40
	46	44
	50	48
	54	52
	58	56
	59	57
	61	59
net/minecraft/client/MusicToastDisplayState	43	40
	35	32
	39	36
	8	8
	9	9
	10	10
	43	40
	13	12
	20	18
	21	19
	22	20
	23	21
	26	24
	30	28
net/minecraft/client/model/object/cart/package-info	0	0
net/minecraft/client/renderer/blockentity/SkullBlockRenderer	153	159
	128	136
	132	140
	136	144
	140	148
	141	149
	142	150
	143	151
	150	158
	151	159
	152	159
	153	159
	42	43
	50	46
	51	47
	52	48
	53	49
	54	50
	55	51
	56	52
	57	53
	58	54
	61	58
	62	59
	63	60
	64	61
	65	62
	66	63
	67	64
	68	65
	69	66
	73	70
	79	75
	80	76
	81	77
	82	78
	86	81
	91	91
	92	92
	93	93
	94	94
	95	95
	96	96
	98	98
	100	101
	101	102
	102	103
	106	106
	108	107
	109	108
	110	109
	111	110
	112	111
	115	123
	116	124
	117	125
	118	126
	121	129
	122	130
	123	131
	124	132
net/minecraft/client/renderer/entity/layers/SpiderEyesLayer	19	19
	19	19
	11	11
	14	14
	15	15
net/minecraft/client/input/KeyEvent	19	12
	19	12
net/minecraft/client/renderer/state/gui/GuiItemRenderState	78	79
	65	66
	69	70
	73	74
	78	79
	21	22
	22	23
	23	24
	24	25
	25	26
	26	27
	27	28
	28	29
	31	32
	32	33
	33	34
	34	35
	35	39
	36	40
	37	41
	38	42
	39	43
	40	44
	41	45
	43	36
	48	49
	49	50
	53	54
	57	58
	61	62
net/minecraft/client/resources/server/PackLoadFeedback	0	0
com/mojang/blaze3d/systems/GpuDevice	189	212
	129	152
	133	156
	137	160
	141	164
	145	168
	149	172
	25	24
	153	176
	26	25
	29	28
	157	180
	161	184
	165	188
	166	189
	40	39
	41	42
	169	192
	43	40
	173	196
	47	55
	48	56
	177	200
	178	201
	52	68
	53	69
	181	204
	182	205
	57	73
	185	208
	58	74
	186	209
	61	77
	189	212
	62	78
	63	79
	64	81
	66	85
	67	86
	70	89
	71	90
	72	91
	73	92
	75	95
	76	96
	78	99
	79	100
	81	102
	82	103
	84	105
	87	108
	88	109
	92	113
	93	114
	97	118
	98	119
	101	120
	102	122
	104	125
	107	128
	108	129
	110	131
	114	136
	115	137
	117	139
	121	144
	125	148
net/minecraft/client/resources/model/cuboid/MissingCuboidModel	42	28
	34	23
	19	17
	35	24
	22	20
	24	21
	40	28
	41	28
	25	21
	42	28
	28	22
net/minecraft/client/model/ArmedModel	0	0
net/minecraft/client/resources/model/cuboid/UnbakedCuboidGeometry	75	74
	64	62
	65	64
	66	65
	68	67
	75	74
	22	19
	26	25
	28	27
	29	28
	30	29
	31	30
	33	31
	34	32
	36	33
	37	34
	38	35
	41	38
	42	39
	43	40
	46	43
	47	44
	48	45
	51	48
	52	49
	53	50
	54	51
	56	53
	57	54
	58	55
	59	56
	62	59
	63	60
net/minecraft/client/model/animal/fish/TropicalFishSmallModel	63	48
	19	18
	20	19
	21	20
	24	23
	25	24
	27	25
	29	26
	30	26
	31	26
	32	26
	34	27
	35	27
	36	27
	37	27
	39	28
	40	30
	41	30
	42	31
	44	33
	45	35
	46	35
	47	36
	49	38
	50	39
	51	39
	52	39
	55	41
	60	45
	61	46
	62	47
	63	48
net/minecraft/client/renderer/entity/state/SnowGolemRenderState	0	0
net/minecraft/client/renderer/entity/ParrotRenderer	47	45
	33	31
	34	32
	35	33
	36	34
	37	35
	38	36
	39	37
	42	40
	11	12
	43	41
	12	13
	44	42
	13	14
	45	43
	14	15
	46	44
	15	16
	47	45
	18	19
	19	20
	23	23
	28	27
net/minecraft/client/multiplayer/prediction/PredictiveAction	0	0
net/minecraft/client/renderer/chunk/SectionCopy	74	73
	64	63
	65	64
	69	68
	70	69
	71	70
	72	71
	73	72
	74	73
	28	27
	29	28
	30	29
	31	30
	32	31
	34	33
	35	34
	36	38
	38	35
	39	36
	42	41
	45	44
	50	48
	51	49
	52	50
	53	51
	54	52
	55	53
	56	54
	58	57
	59	58
	61	61
net/minecraft/client/renderer/state/level/WeatherRenderState	19	19
	16	16
	17	17
	18	18
	19	19
	15	15
net/minecraft/client/model/animal/fox/AdultFoxModel	132	106
	128	102
	129	103
	130	104
	131	105
	132	106
	21	19
	22	20
	25	23
	26	24
	28	25
	29	26
	30	26
	31	26
	33	28
	34	28
	35	28
	38	29
	39	29
	40	29
	43	30
	44	30
	45	30
	49	31
	50	33
	51	33
	52	34
	54	36
	55	37
	56	37
	57	38
	58	38
	60	39
	61	40
	62	41
	63	42
	64	43
	65	45
	66	45
	67	46
	70	48
	75	53
	76	54
	77	55
	78	56
	79	57
	81	58
	82	59
	84	60
	85	61
	87	62
	88	63
	89	64
	91	65
	92	66
	93	67
	94	68
	95	69
	99	73
	100	74
	101	75
	102	76
	103	77
	104	78
	105	79
	106	80
	107	81
	111	85
	112	86
	113	87
	114	88
	115	89
	116	90
	117	91
	118	92
	122	96
	123	97
	124	98
net/minecraft/client/particle/DustParticleBase	44	52
	32	40
	37	45
	42	50
	11	21
	43	51
	12	22
	44	52
	13	23
	14	24
	15	25
	16	26
	17	27
	19	28
	21	29
	22	30
	23	31
	24	32
	27	35
net/minecraft/client/gui/screens/advancements/AdvancementTabType	151	169
	129	145
	131	147
	135	152
	137	154
	139	156
	141	158
	143	160
	145	162
	19	11
	20	11
	21	12
	149	167
	22	13
	150	168
	151	169
	24	16
	25	17
	26	18
	28	26
	29	26
	30	27
	31	28
	33	31
	34	32
	35	33
	37	41
	38	41
	39	42
	40	43
	42	46
	43	47
	44	48
	46	56
	47	56
	48	57
	49	58
	51	61
	52	62
	53	63
	64	79
	65	80
	66	81
	67	82
	68	83
	69	84
	72	87
	76	91
	80	95
	84	99
	86	101
	87	102
	88	103
	89	104
	91	106
	93	109
	94	110
	97	113
	98	114
	99	115
	101	117
	102	118
	103	119
	105	121
	106	122
	107	123
	109	125
	110	126
	111	127
	113	129
	114	130
	117	133
	118	134
	121	137
	123	139
	125	141
	127	143
net/minecraft/client/telemetry/TelemetryEventLogger	0	0
net/minecraft/client/resources/model/sprite/Material	30	26
	16	13
	17	14
	18	16
	20	18
	22	19
	26	22
	27	23
	13	10
	30	26
	15	11
net/minecraft/client/multiplayer/chat/report/AbuseReportSender	88	83
	64	66
	68	70
	72	74
	73	75
	74	76
	75	77
	81	83
	21	19
	87	32
	88	33
	29	27
	33	37
	34	38
	35	39
	39	43
	40	46
	43	46
	44	46
	45	46
	46	46
	50	50
	51	51
	52	52
	53	53
	54	54
	55	55
	56	56
	57	57
	59	60
net/minecraft/client/renderer/texture/MissingTextureAtlasSprite	39	40
	34	35
	35	36
	39	40
	12	11
	15	14
	19	18
	20	19
	21	21
	22	22
	23	23
	24	24
	26	26
	30	31
net/minecraft/client/renderer/entity/EntityRenderDispatcher	208	223
	130	133
	131	134
	132	135
	133	136
	134	137
	136	138
	137	139
	139	140
	144	153
	147	156
	148	157
	149	158
	150	159
	152	160
	153	161
	154	162
	156	163
	157	164
	160	167
	161	168
	164	171
	165	172
	168	175
	169	176
	172	179
	173	180
	174	181
	175	182
	176	183
	178	184
	180	185
	182	187
	185	190
	186	191
	187	192
	191	196
	64	62
	192	197
	195	200
	68	78
	69	79
	70	80
	71	81
	199	204
	72	82
	73	83
	74	84
	75	85
	76	86
	204	209
	77	87
	205	220
	78	88
	206	221
	79	89
	207	222
	208	223
	83	92
	84	93
	85	94
	86	95
	91	100
	95	104
	96	105
	97	106
	98	106
	100	106
	105	110
	106	111
	107	112
	108	113
	109	113
	111	113
	113	115
	117	120
	118	121
	119	122
	122	125
	123	126
	127	130
net/minecraft/client/gui/screens/dialog/DialogControlSet	56	58
	32	32
	33	33
	34	34
	35	35
	38	38
	39	39
	40	40
	41	41
	43	44
	47	48
	48	49
	49	50
	51	52
	55	57
	56	58
	26	26
	27	27
	30	30
	31	31
net/minecraft/client/searchtree/IdentifierSearchTree	49	49
	32	32
	33	33
	34	34
	35	35
	36	36
	38	39
	39	40
	41	41
	12	11
	44	44
	15	14
	49	49
	20	19
	26	25
	27	26
	30	29
	31	30
net/minecraft/client/sounds/Weighted	0	0
net/minecraft/client/resources/model/ClientItemInfoLoader	70	70
	64	62
	65	64
	66	65
	67	66
	70	70
	28	27
	29	28
	32	31
	34	32
	35	33
	36	35
	38	36
	39	37
	40	40
	41	42
	42	43
	43	44
	44	45
	45	47
	46	48
	47	49
	48	49
	49	49
	51	49
	53	50
	55	51
	56	52
	57	53
	59	54
	63	61
net/minecraft/client/DeltaTracker	122	114
	64	83
	65	84
	68	87
	69	88
	71	91
	72	92
	75	95
	76	96
	13	6
	14	7
	80	100
	85	105
	86	106
	88	108
	93	114
	32	51
	33	52
	97	114
	34	53
	35	54
	99	114
	38	57
	39	58
	41	59
	42	60
	107	19
	43	61
	108	20
	44	62
	112	24
	48	66
	49	67
	50	68
	117	29
	53	71
	54	72
	56	74
	122	34
	58	76
	61	79
	62	80
net/minecraft/client/renderer/entity/state/DisplayEntityRenderState	0	0
net/minecraft/client/multiplayer/chat/report/ChatReport	143	128
	131	120
	132	121
	134	122
	135	122
	136	122
	137	123
	139	124
	143	128
	33	32
	34	33
	37	36
	38	37
	39	38
	40	39
	42	41
	46	44
	47	45
	48	46
	49	47
	50	48
	51	49
	56	54
	61	59
	62	60
	65	63
	66	64
	69	67
	73	71
	74	72
	77	75
	82	80
	87	85
	88	86
	90	87
	91	88
	93	89
	94	90
	96	92
	97	92
	99	92
	104	98
	105	99
	106	100
	109	103
	111	104
	113	105
	115	106
	116	107
	120	111
	122	112
	123	113
	124	114
	125	115
	127	116
net/minecraft/client/renderer/debug/EntityHitboxDebugRenderer	144	110
	128	99
	129	99
	135	103
	136	104
	137	105
	140	106
	141	107
	142	108
	144	110
	27	26
	28	27
	32	33
	33	55
	35	34
	36	35
	40	37
	47	38
	48	38
	51	39
	53	40
	54	41
	55	42
	56	43
	58	46
	62	55
	65	58
	66	59
	67	60
	68	61
	69	62
	72	66
	78	70
	79	71
	80	72
	83	73
	84	74
	85	75
	88	76
	89	77
	90	78
	91	79
	92	80
	93	81
	101	82
	106	86
	107	87
	108	88
	109	89
	111	90
	114	90
	117	90
	122	94
	123	95
	124	96
	125	97
	126	98
	127	99
net/minecraft/client/renderer/entity/CowRenderer	57	59
	36	40
	41	46
	46	50
	47	51
	48	52
	52	55
	53	59
	22	22
	23	23
	55	56
	24	24
	56	57
	57	59
	27	28
	28	30
	29	32
	30	34
net/minecraft/client/renderer/blockentity/TestInstanceRenderer	80	82
	65	68
	66	69
	70	73
	75	78
	80	82
	29	28
	34	38
	35	39
	36	40
	37	41
	38	42
	39	43
	40	44
	41	45
	42	47
	43	48
	45	50
	49	55
	50	56
	52	58
	53	59
	55	61
	58	64
	60	65
	62	66
	63	67
net/minecraft/client/model/object/equipment/ElytraModel	60	52
	17	15
	23	20
	24	21
	25	22
	26	23
	29	26
	30	27
	32	28
	33	29
	34	31
	35	31
	36	32
	38	34
	39	36
	40	36
	41	37
	44	39
	49	43
	51	44
	52	45
	53	46
	54	47
	56	48
	57	49
	58	50
	59	51
	60	52
net/minecraft/client/animation/definitions/FrogAnimation	302	466
	12	9
	13	10
	14	14
	15	15
	16	16
	17	17
	18	18
	19	19
	21	22
	22	26
	23	27
	24	28
	25	29
	26	30
	27	31
	28	32
	29	33
	30	34
	31	35
	32	36
	33	37
	34	38
	35	39
	36	40
	37	41
	39	44
	41	45
	42	46
	43	47
	44	51
	45	52
	46	53
	47	54
	48	55
	49	56
	51	59
	52	63
	53	64
	54	65
	55	66
	56	67
	58	70
	59	74
	60	75
	61	76
	62	77
	63	78
	64	79
	66	82
	67	86
	68	87
	69	88
	70	89
	71	90
	73	93
	74	97
	75	98
	76	99
	77	100
	78	101
	79	102
	81	105
	82	109
	83	110
	84	111
	85	112
	86	113
	88	116
	89	120
	90	121
	91	122
	92	123
	93	124
	94	125
	96	128
	97	132
	98	133
	99	134
	100	135
	101	136
	103	139
	104	143
	105	144
	106	145
	107	146
	108	147
	110	150
	112	151
	113	152
	114	156
	115	157
	117	160
	118	164
	119	165
	121	168
	122	172
	123	173
	125	176
	126	180
	127	181
	129	184
	130	188
	131	189
	133	192
	134	196
	135	197
	137	200
	138	204
	139	205
	141	208
	142	212
	143	213
	145	216
	146	220
	147	221
	149	224
	150	228
	151	229
	153	232
	155	233
	156	234
	157	238
	158	239
	159	240
	160	241
	162	244
	163	248
	164	249
	165	250
	166	251
	168	254
	169	258
	170	259
	171	260
	172	261
	174	264
	175	268
	176	269
	177	270
	179	273
	181	274
	182	275
	183	276
	184	280
	185	281
	186	282
	187	283
	189	286
	190	290
	191	291
	192	292
	193	293
	194	294
	195	295
	197	298
	198	302
	199	303
	200	304
	201	305
	202	306
	203	307
	205	310
	206	314
	207	315
	208	316
	209	317
	210	318
	211	319
	213	322
	214	326
	215	327
	216	328
	217	329
	218	330
	219	331
	221	334
	222	338
	223	339
	224	340
	225	341
	226	342
	227	343
	229	346
	230	350
	231	351
	232	352
	233	353
	234	354
	235	355
	237	358
	238	362
	239	363
	240	364
	241	365
	242	366
	243	367
	245	370
	246	374
	247	375
	248	376
	249	377
	250	378
	251	379
	253	382
	255	383
	256	384
	257	385
	258	389
	259	390
	260	391
	262	394
	263	398
	264	399
	265	400
	267	403
	268	407
	269	408
	270	409
	272	412
	273	416
	274	417
	275	418
	277	421
	278	425
	279	426
	280	427
	282	430
	283	434
	284	435
	285	436
	287	439
	288	443
	289	444
	290	445
	292	448
	293	452
	294	453
	295	454
	297	457
	298	461
	299	462
	300	463
	302	466
net/minecraft/client/gui/screens/inventory/tooltip/ClientTooltipComponent	35	34
	16	15
	32	31
	17	16
	18	17
	19	18
	35	34
	12	11
	28	27
net/minecraft/client/data/models/ModelProvider	167	161
	128	133
	129	134
	131	135
	132	137
	133	138
	134	139
	136	140
	137	141
	139	143
	142	146
	148	47
	149	48
	150	49
	152	50
	153	51
	155	52
	156	53
	158	54
	159	55
	160	56
	161	57
	37	41
	38	42
	39	43
	167	65
	40	44
	47	154
	48	155
	49	156
	51	158
	54	161
	63	72
	64	73
	65	74
	66	75
	68	77
	71	80
	72	82
	73	83
	74	84
	76	85
	77	86
	79	88
	82	91
	83	92
	84	93
	94	103
	95	104
	98	107
	99	108
	100	109
	102	111
	106	115
	107	116
	112	119
	113	120
	114	126
	117	121
	118	122
	119	123
	121	126
	123	127
	124	128
	125	129
	126	130
net/minecraft/client/gui/components/debug/DebugEntryPostEffect	17	22
	17	22
	12	17
	13	18
	14	19
	15	20
com/mojang/realmsclient/dto/PreferredRegionsDto	11	8
	11	8
net/minecraft/client/color/ColorLerper	61	65
	32	40
	33	41
	36	44
	38	45
	40	45
	41	45
	42	45
	13	22
	47	49
	48	50
	19	28
	20	29
	21	30
	22	31
	23	32
	55	57
	24	33
	56	59
	25	34
	57	61
	26	35
	58	62
	27	36
	61	65
com/mojang/blaze3d/pipeline/BlendFunction	18	26
	17	25
	18	26
	7	7
	8	8
	9	9
	10	11
	11	14
	12	16
	13	18
	14	21
net/minecraft/client/renderer/item/properties/conditional/ConditionalItemModelProperty	0	0
net/minecraft/client/gui/screens/options/OptionsScreen	166	163
	132	132
	134	133
	136	134
	137	134
	142	139
	143	140
	146	143
	151	148
	152	149
	28	27
	156	153
	29	28
	157	154
	30	29
	31	30
	159	156
	32	31
	33	32
	34	33
	35	34
	163	160
	36	35
	164	161
	37	36
	38	37
	166	163
	39	38
	52	47
	53	48
	54	49
	55	50
	56	51
	60	55
	61	56
	62	57
	63	58
	64	59
	65	60
	67	62
	70	65
	71	66
	73	67
	75	68
	76	69
	77	70
	78	71
	79	72
	80	73
	81	77
	82	82
	83	83
	84	84
	85	85
	86	86
	88	89
	90	90
	91	91
	93	92
	94	93
	95	94
	99	98
	100	99
	104	103
	105	104
	108	107
	112	111
	113	112
	114	113
	117	116
	121	122
	124	123
	125	124
	127	126
net/minecraft/client/resources/model/cuboid/CuboidModel	97	93
	66	61
	67	62
	71	66
	72	67
	73	68
	75	70
	79	75
	83	79
	84	79
	86	79
	90	83
	91	87
	92	89
	93	90
	95	93
	32	32
	33	32
	97	84
	34	33
	35	34
	36	35
	37	36
	38	37
	41	40
	47	45
	49	46
	50	47
	52	48
	53	49
	55	50
	56	51
	57	52
	58	53
	61	56
	62	57
	63	58
net/minecraft/client/multiplayer/CommonListenerCookie	0	0
net/minecraft/client/gui/screens/dialog/DialogScreens	40	35
	33	30
	34	31
	20	19
	21	20
	37	32
	38	33
	39	34
	24	25
	40	35
	25	26
	26	26
	28	26
net/minecraft/client/particle/EndRodParticle	38	45
	33	31
	34	32
	38	45
	9	11
	11	12
	12	13
	13	14
	15	15
	17	16
	19	17
	20	18
	21	19
	25	23
	26	24
	27	25
net/minecraft/client/Screenshot	115	129
	22	21
	26	25
	27	26
	30	32
	31	35
	32	36
	35	38
	36	39
	38	41
	41	44
	42	47
	43	48
	45	51
	46	52
	47	53
	48	54
	49	55
	51	57
	52	59
	53	61
	56	64
	57	65
	60	68
	61	69
	63	70
	64	71
	65	72
	67	75
	68	115
	70	76
	71	77
	72	78
	73	79
	74	80
	75	81
	76	82
	79	84
	80	85
	81	86
	82	87
	83	88
	85	90
	86	91
	87	92
	88	94
	89	95
	90	96
	91	97
	92	98
	93	99
	96	103
	97	104
	103	109
	105	112
	106	113
	107	117
	110	120
	112	129
	113	124
	114	125
	115	126
net/minecraft/client/model/animal/camel/CamelModel	73	62
	64	54
	66	55
	67	56
	68	57
	71	60
	72	61
	73	62
	34	30
	35	31
	36	32
	38	33
	39	34
	40	35
	41	36
	42	37
	43	38
	44	39
	48	42
	51	43
	53	44
	55	45
	56	46
	57	47
	58	48
	59	49
	60	50
	63	53
net/minecraft/client/renderer/blockentity/ConduitRenderer	174	169
	130	119
	131	120
	132	121
	134	122
	135	123
	136	124
	137	125
	138	126
	139	136
	141	137
	142	138
	144	139
	145	140
	146	141
	147	142
	152	145
	153	146
	154	147
	155	148
	156	149
	157	150
	158	151
	159	152
	160	153
	161	154
	34	33
	162	155
	36	34
	164	156
	165	157
	38	35
	166	158
	39	36
	167	159
	40	37
	168	160
	41	38
	169	161
	42	39
	170	162
	43	40
	171	163
	172	164
	173	167
	174	169
	53	48
	54	49
	55	50
	56	51
	57	52
	58	53
	61	56
	62	57
	63	58
	64	58
	65	58
	68	59
	72	63
	73	64
	74	65
	75	65
	76	65
	79	66
	83	70
	84	71
	85	72
	86	72
	87	72
	90	73
	94	77
	95	78
	96	79
	97	79
	98	79
	101	80
	106	84
	111	94
	112	95
	113	96
	114	97
	115	98
	116	99
	117	100
	121	103
	122	104
	123	105
	124	106
	125	107
	126	117
	127	169
net/minecraft/client/particle/ElderGuardianParticle	32	41
	32	41
	18	18
	19	19
	20	20
	21	21
	22	22
	26	26
net/minecraft/client/resources/model/sprite/SpriteId	24	26
	16	12
	20	16
	24	26
net/minecraft/client/gui/screens/dialog/WaitingForResponseScreen	93	82
	65	55
	66	56
	67	57
	68	58
	69	59
	70	60
	71	61
	74	64
	13	12
	79	68
	16	14
	17	15
	18	16
	19	17
	20	18
	84	73
	89	78
	90	79
	93	82
	35	29
	36	30
	37	31
	38	32
	39	33
	43	37
	45	38
	47	39
	48	40
	49	41
	51	42
	52	43
	53	44
	57	48
	58	49
	59	50
	63	54
net/minecraft/client/model/animal/llama/LlamaModel	90	87
	26	24
	27	25
	28	26
	29	27
	30	28
	31	29
	32	30
	33	31
	34	32
	37	35
	38	36
	40	37
	41	39
	42	40
	43	42
	44	44
	45	46
	46	48
	48	50
	49	52
	50	52
	51	53
	53	55
	54	57
	55	57
	56	58
	58	60
	59	62
	60	62
	61	63
	63	65
	64	66
	65	67
	66	67
	67	68
	68	69
	69	70
	70	71
	72	72
	77	76
	79	77
	80	78
	82	79
	83	80
	84	81
	85	82
	86	83
	87	84
	88	85
	89	86
	90	87
net/minecraft/client/multiplayer/ProfileKeyPairManager	25	24
	20	19
	25	24
	15	14
net/minecraft/client/model/monster/piglin/PiglinModel	74	65
	65	55
	66	57
	69	60
	70	61
	72	63
	74	65
	12	12
	13	13
	17	16
	19	17
	21	18
	23	19
	25	20
	26	21
	27	22
	28	23
	29	24
	30	25
	31	26
	32	27
	34	28
	35	29
	37	30
	38	31
	40	32
	41	33
	42	34
	43	35
	44	36
	45	37
	46	38
	47	39
	48	40
	49	41
	50	42
	52	44
	53	45
	56	48
	60	51
	61	52
	62	53
	63	57
net/minecraft/client/renderer/debug/PathfindingRenderer	160	144
	64	58
	128	113
	65	59
	129	114
	66	60
	130	115
	67	61
	131	117
	68	62
	69	64
	135	123
	138	126
	140	141
	77	71
	142	127
	143	129
	144	130
	82	76
	146	131
	83	77
	147	132
	84	78
	85	79
	151	134
	152	135
	154	136
	155	137
	93	80
	157	141
	160	144
	100	89
	104	94
	105	95
	47	34
	48	34
	113	96
	51	35
	54	38
	55	39
	120	105
	58	50
	60	51
	61	52
	126	111
	62	54
	127	112
net/minecraft/client/renderer/item/properties/numeric/UseDuration	33	33
	33	33
	19	19
	20	20
	21	23
	24	21
	13	13
	29	29
	14	14
	15	14
net/minecraft/client/model/monster/wither/package-info	0	0
net/minecraft/client/renderer/entity/state/LlamaRenderState	9	9
	7	7
	9	9
net/minecraft/client/renderer/entity/layers/TropicalFishPatternLayer	62	69
	16	16
	17	17
	18	18
	19	19
	20	20
	21	21
	23	22
	24	23
	25	24
	26	25
	27	26
	28	27
	34	32
	35	33
	36	34
	37	35
	41	45
	42	47
	43	48
	44	49
	46	53
	47	54
	48	55
	49	56
	50	57
	51	58
	52	59
	54	60
	55	61
	56	62
	57	63
	58	64
	59	65
	61	68
	62	69
net/minecraft/client/renderer/entity/GuardianRenderer	192	183
	28	27
	29	28
	31	29
	34	32
	35	33
	38	36
	39	37
	43	40
	44	41
	47	44
	48	45
	49	46
	51	47
	52	48
	54	49
	57	53
	61	57
	62	58
	63	59
	64	60
	69	64
	71	65
	72	66
	73	67
	74	68
	75	69
	76	70
	77	71
	79	73
	82	78
	83	79
	86	80
	87	81
	88	82
	89	83
	91	84
	93	85
	94	86
	95	87
	96	88
	98	89
	99	90
	101	91
	102	92
	103	93
	104	94
	105	95
	106	96
	107	97
	108	98
	110	99
	111	100
	112	101
	113	102
	115	103
	116	104
	117	105
	118	106
	120	107
	122	108
	123	109
	124	110
	125	111
	127	112
	128	113
	129	114
	130	115
	131	116
	133	117
	134	118
	135	119
	136	120
	138	121
	139	122
	140	123
	141	124
	142	125
	143	126
	144	127
	147	141
	148	147
	152	150
	157	154
	162	158
	163	159
	164	160
	166	161
	168	162
	169	163
	170	164
	171	165
	173	167
	174	168
	177	171
	178	172
	179	173
	180	174
	181	175
	183	177
	185	179
	188	182
	189	183
	190	183
	192	183
net/minecraft/client/animation/definitions/BabyArmadilloAnimation	531	762
	10	9
	11	10
	12	14
	13	15
	15	18
	16	22
	17	23
	18	24
	19	25
	20	26
	22	29
	23	33
	24	34
	26	37
	27	41
	28	42
	29	43
	30	44
	31	45
	33	48
	34	52
	35	53
	36	54
	38	57
	39	61
	40	62
	41	63
	42	64
	43	65
	44	66
	45	67
	47	70
	48	74
	49	75
	51	78
	52	82
	53	83
	54	84
	55	85
	56	86
	58	89
	59	93
	60	94
	62	97
	63	101
	64	102
	65	103
	66	104
	67	105
	69	108
	70	112
	71	113
	72	114
	73	115
	75	118
	76	122
	77	123
	78	124
	79	125
	80	126
	82	129
	83	133
	84	134
	85	135
	86	136
	88	139
	89	143
	90	144
	91	145
	92	146
	93	147
	95	150
	96	154
	97	155
	98	156
	99	157
	100	158
	102	161
	103	165
	104	166
	105	167
	106	168
	107	169
	108	170
	109	171
	111	174
	113	175
	114	177
	115	181
	116	182
	117	183
	118	184
	119	185
	120	186
	121	187
	122	188
	123	189
	125	192
	126	196
	127	197
	128	198
	129	199
	130	200
	131	201
	132	202
	134	205
	135	209
	136	210
	137	211
	138	212
	139	213
	141	216
	142	220
	143	221
	144	222
	145	223
	146	224
	147	225
	148	226
	150	229
	151	233
	152	234
	153	235
	154	236
	155	237
	156	238
	158	241
	159	245
	160	246
	161	247
	162	248
	163	249
	164	250
	165	251
	167	254
	168	258
	169	259
	170	260
	171	261
	172	262
	173	263
	174	264
	176	267
	177	271
	178	272
	179	273
	180	274
	181	275
	182	276
	183	277
	185	280
	186	284
	187	285
	188	286
	189	287
	190	288
	191	289
	192	290
	194	293
	195	297
	196	298
	197	299
	198	300
	199	301
	200	302
	201	303
	203	306
	204	310
	205	311
	206	312
	207	313
	208	314
	209	315
	211	318
	212	322
	213	323
	214	324
	215	325
	216	326
	217	327
	218	328
	220	331
	222	332
	223	333
	224	337
	225	338
	226	339
	227	340
	228	341
	229	342
	230	343
	231	344
	232	345
	233	346
	234	347
	236	350
	237	354
	238	355
	239	356
	240	357
	241	358
	242	359
	243	360
	244	361
	245	362
	246	363
	247	364
	248	365
	249	366
	250	367
	251	368
	252	369
	253	370
	254	371
	256	374
	257	378
	258	379
	259	380
	260	381
	261	382
	263	385
	264	389
	265	390
	266	391
	267	392
	268	393
	269	394
	271	397
	272	401
	273	402
	274	403
	275	404
	276	405
	278	408
	279	412
	280	413
	281	414
	282	415
	283	416
	284	417
	285	418
	287	421
	288	425
	289	426
	290	427
	291	428
	292	429
	293	430
	294	431
	295	432
	296	433
	297	434
	299	437
	300	441
	301	442
	302	443
	303	444
	304	445
	305	446
	306	447
	307	448
	308	449
	309	450
	310	451
	312	454
	313	458
	314	459
	315	460
	316	461
	317	462
	318	463
	319	464
	320	465
	321	466
	322	467
	324	470
	325	474
	326	475
	327	476
	328	477
	329	478
	330	479
	331	480
	332	481
	333	482
	334	483
	335	484
	336	485
	337	486
	338	487
	340	490
	341	494
	342	495
	343	496
	344	497
	345	498
	346	499
	348	502
	349	506
	350	507
	352	510
	353	514
	354	515
	355	516
	357	519
	358	523
	359	524
	361	527
	362	531
	363	532
	364	533
	366	536
	367	540
	368	541
	369	542
	370	543
	371	544
	372	545
	373	546
	374	547
	375	548
	376	549
	377	550
	379	553
	380	557
	381	558
	382	559
	383	560
	384	561
	385	562
	386	563
	387	564
	388	565
	389	566
	390	567
	391	568
	392	569
	394	572
	396	573
	397	574
	398	578
	399	579
	400	580
	401	581
	402	582
	403	583
	404	584
	405	585
	406	586
	407	587
	408	588
	409	589
	411	592
	412	596
	413	597
	414	598
	415	599
	416	600
	417	601
	418	602
	419	603
	420	604
	421	605
	422	606
	423	607
	424	608
	425	609
	426	610
	427	611
	428	612
	429	613
	431	616
	432	619
	434	622
	435	625
	437	628
	438	632
	439	633
	440	634
	441	635
	442	636
	443	637
	444	638
	446	641
	447	645
	448	646
	449	647
	450	648
	451	649
	452	650
	453	651
	454	652
	455	653
	457	656
	458	660
	459	661
	460	662
	461	663
	462	664
	463	665
	464	666
	466	669
	467	673
	468	674
	469	675
	470	676
	471	677
	472	678
	473	679
	474	680
	476	683
	477	687
	478	688
	479	689
	480	690
	481	691
	482	692
	483	693
	485	696
	486	700
	487	701
	488	702
	489	703
	491	706
	492	710
	493	711
	494	712
	495	713
	496	714
	497	715
	498	716
	500	719
	501	723
	502	724
	503	725
	504	726
	506	729
	507	733
	508	734
	509	735
	510	736
	511	737
	512	738
	513	739
	514	740
	515	741
	516	742
	517	743
	519	746
	520	750
	521	751
	522	752
	523	753
	524	754
	525	755
	526	756
	527	757
	528	758
	529	759
	531	762
net/minecraft/client/ClientBootstrap	33	31
	32	29
	33	31
	18	18
	19	31
	21	19
	23	20
	24	21
	25	22
	26	23
	27	24
	28	25
	29	26
	30	27
	31	28
net/minecraft/client/model/player/package-info	0	0
net/minecraft/client/renderer/debug/SupportBlockRenderer	85	83
	65	62
	66	63
	69	66
	73	70
	74	71
	75	72
	76	73
	77	74
	78	75
	79	76
	80	77
	81	78
	82	80
	83	81
	85	83
	29	27
	30	28
	34	34
	35	35
	36	36
	37	37
	38	38
	41	41
	42	42
	43	43
	46	46
	47	47
	50	48
	52	51
	55	54
	56	55
	58	56
	59	57
	61	58
	62	59
	63	60
net/minecraft/client/renderer/debug/PoiDebugRenderer	104	95
	66	59
	67	60
	68	61
	69	62
	70	63
	72	65
	75	68
	77	69
	78	70
	79	71
	81	73
	83	76
	86	79
	88	80
	89	80
	90	81
	27	23
	28	24
	93	84
	94	85
	32	30
	97	88
	34	31
	98	89
	35	32
	99	90
	36	33
	100	91
	37	34
	101	92
	39	36
	103	94
	104	95
	41	37
	42	38
	43	43
	45	39
	46	40
	48	43
	49	44
	52	47
	53	48
	54	49
	57	52
	58	53
	59	54
	60	55
	61	56
net/minecraft/client/renderer/block/model/BlockDisplayContext	8	8
	5	5
	8	8
net/minecraft/client/renderer/entity/MushroomCowRenderer	48	57
	35	46
	40	50
	45	54
	46	55
	47	56
	48	57
	18	18
	20	20
	21	22
	22	29
	23	35
	28	40
	29	41
	30	42
	31	43
net/minecraft/client/particle/ParticleRenderType	7	7
	4	4
	5	5
	6	6
	7	7
net/minecraft/client/renderer/debug/GameEventListenerRenderer	50	45
	33	30
	34	32
	35	33
	37	34
	38	35
	39	36
	40	37
	42	38
	43	39
	44	40
	45	41
	47	42
	48	43
	49	44
	18	18
	50	45
	19	18
	21	19
	22	19
	24	20
	28	26
	29	27
	30	28
	31	29
com/mojang/blaze3d/vertex/BufferBuilder	292	291
	260	266
	261	267
	264	268
	265	269
	266	270
	268	271
	270	272
	271	273
	18	14
	274	275
	275	276
	276	277
	278	279
	281	282
	283	283
	284	284
	285	285
	286	286
	289	291
	291	289
	292	291
	38	29
	39	30
	42	33
	43	34
	44	35
	46	36
	47	37
	48	38
	50	39
	51	40
	52	41
	53	42
	54	43
	58	46
	59	47
	60	48
	61	49
	62	50
	63	51
	67	55
	68	56
	69	57
	71	59
	75	64
	76	65
	78	67
	81	70
	82	71
	84	74
	85	75
	86	76
	88	79
	89	80
	90	81
	94	85
	95	86
	96	87
	97	88
	99	91
	100	92
	101	93
	102	94
	106	98
	107	99
	108	100
	109	101
	111	103
	113	104
	114	105
	115	106
	117	108
	121	114
	122	126
	125	115
	126	116
	127	116
	128	116
	129	117
	134	120
	135	121
	136	122
	137	123
	139	126
	142	129
	144	130
	145	131
	148	134
	149	135
	151	137
	152	138
	154	140
	158	144
	159	145
	160	146
	161	147
	162	148
	163	149
	168	154
	169	155
	170	156
	171	157
	172	158
	173	159
	175	162
	180	167
	181	168
	182	169
	184	172
	189	177
	190	178
	191	179
	192	180
	194	183
	199	188
	204	193
	205	194
	206	195
	208	198
	213	203
	218	208
	219	209
	220	210
	222	213
	226	217
	227	218
	228	219
	229	220
	231	223
	236	228
	237	229
	238	230
	239	231
	240	232
	242	235
	247	240
	248	241
	249	242
	251	245
	255	249
net/minecraft/client/renderer/texture/atlas/sources/package-info	0	0
net/minecraft/client/gui/GlyphSource	0	0
net/minecraft/client/renderer/blockentity/EnchantTableRenderer	75	74
	64	64
	66	65
	67	66
	69	67
	70	68
	72	69
	73	70
	74	73
	75	74
	23	21
	29	26
	30	27
	31	28
	35	31
	40	41
	41	42
	42	43
	43	44
	45	45
	47	47
	48	48
	50	51
	51	52
	54	55
	55	56
	59	61
	60	62
	62	63
net/minecraft/client/gui/components/tabs/Tab	0	0
net/minecraft/client/model/VillagerLikeModel	0	0
net/minecraft/client/renderer/entity/EndCrystalRenderer	77	69
	64	57
	65	58
	66	59
	67	60
	68	61
	69	62
	71	64
	73	66
	77	69
	18	18
	23	22
	24	23
	25	24
	26	25
	30	28
	31	29
	32	30
	34	31
	36	32
	38	33
	39	34
	40	35
	41	36
	42	37
	43	38
	44	39
	45	40
	48	43
	49	44
	52	47
	53	48
	54	49
	59	53
net/minecraft/client/model/animal/feline/package-info	0	0
com/mojang/realmsclient/util/RealmsTextureManager	65	58
	64	58
	65	58
	20	19
	22	20
	23	21
	26	24
	27	24
	29	24
	33	28
	34	29
	35	30
	38	32
	39	33
	40	34
	41	35
	42	36
	45	38
	46	39
	47	40
	49	41
	56	47
	57	48
	59	51
	60	52
	61	53
	63	55
net/minecraft/client/sounds/JOrbisAudioStream	242	228
	128	92
	129	106
	135	112
	136	113
	137	114
	139	116
	141	117
	142	118
	144	120
	149	127
	150	128
	152	143
	155	132
	156	133
	157	134
	160	137
	161	141
	164	130
	165	145
	172	151
	174	153
	175	154
	176	155
	178	157
	51	38
	179	158
	53	39
	181	161
	55	40
	56	41
	57	42
	187	166
	188	167
	62	45
	190	168
	63	46
	191	169
	64	47
	192	170
	195	173
	196	174
	69	50
	199	177
	73	50
	201	180
	74	51
	202	181
	75	52
	76	53
	204	182
	205	183
	78	56
	206	185
	79	57
	207	188
	208	191
	81	50
	210	194
	85	61
	213	197
	86	62
	88	63
	89	64
	217	201
	218	202
	219	203
	220	204
	93	67
	221	205
	224	208
	98	72
	227	211
	228	212
	102	76
	230	214
	103	77
	104	78
	105	79
	233	219
	106	80
	234	220
	235	221
	109	83
	237	223
	110	84
	241	227
	242	228
	115	89
	116	90
	118	100
	119	101
	121	104
	124	94
	125	98
net/minecraft/client/renderer/special/PlayerHeadSpecialRenderer	63	62
	34	57
	39	61
	40	62
	46	37
	47	38
	48	39
	52	43
	53	44
	54	45
	25	24
	26	25
	27	26
	59	48
	60	49
	61	49
	30	53
	63	49
net/minecraft/client/renderer/entity/ThrownItemRenderer	60	51
	33	32
	38	36
	40	37
	42	38
	44	39
	46	40
	48	41
	49	42
	21	20
	53	45
	22	21
	23	22
	24	23
	25	24
	58	49
	59	50
	28	27
	60	51
	29	28
net/minecraft/client/model/animal/chicken/BabyChickenModel	49	35
	14	12
	15	13
	18	16
	19	17
	20	18
	21	20
	22	20
	23	20
	24	21
	26	23
	27	25
	28	25
	29	25
	30	26
	32	28
	33	30
	34	30
	35	30
	36	31
	38	33
	39	33
	40	33
	41	33
	43	34
	44	34
	45	34
	46	34
	49	35
net/minecraft/client/renderer/block/dispatch/BlockStateModelDispatcher	106	97
	65	56
	71	76
	72	78
	75	83
	77	85
	79	86
	80	88
	81	89
	82	90
	85	93
	86	94
	88	96
	89	97
	29	28
	31	29
	95	60
	32	31
	96	61
	33	32
	34	34
	35	36
	99	64
	36	37
	100	66
	37	37
	101	67
	102	67
	39	37
	103	67
	106	70
	43	41
	45	42
	49	43
	50	44
	51	45
	53	47
	56	48
	57	49
	58	50
	60	52
	61	53
	63	55
net/minecraft/client/renderer/entity/TurtleRenderer	44	36
	36	29
	37	30
	38	31
	39	32
	40	33
	12	12
	44	36
	13	13
	16	16
	17	17
	21	20
	22	21
	24	21
	26	21
	31	25
net/minecraft/client/renderer/item/BundleSelectedItemSpecialRenderer	41	49
	18	27
	19	28
	20	29
	36	44
	21	30
	23	32
	41	49
	26	35
	30	39
net/minecraft/client/renderer/chunk/TranslucencyPointOfView	40	39
	34	34
	35	35
	37	37
	38	39
	40	38
	13	13
	17	17
	18	18
	19	19
	20	20
	24	24
	25	25
	29	29
net/minecraft/client/model/animal/fox/package-info	0	0
net/minecraft/client/resources/model/cuboid/CuboidRotation	89	66
	72	59
	73	60
	74	61
	76	64
	77	65
	78	66
	19	13
	20	14
	23	17
	24	18
	25	19
	89	48
	26	20
	28	23
	40	27
	41	28
	42	29
	43	30
	44	31
	52	35
	53	36
	54	37
	55	38
	56	39
	58	40
	59	41
net/minecraft/client/multiplayer/ClientSuggestionProvider	173	168
	132	127
	133	128
	134	132
	137	129
	138	130
	143	137
	148	141
	153	145
	157	149
	158	150
	159	151
	160	152
	162	154
	165	157
	166	159
	167	162
	169	165
	170	166
	43	45
	44	46
	45	47
	173	168
	46	48
	50	51
	52	53
	53	54
	56	57
	61	61
	62	62
	64	65
	65	66
	66	67
	71	71
	72	72
	74	73
	79	77
	84	81
	89	85
	94	91
	95	92
	96	93
	97	94
	102	98
	103	99
	105	102
	106	103
	107	104
	108	105
	112	109
	116	113
	121	117
	122	118
	123	122
	126	119
	127	120
net/minecraft/client/renderer/entity/SpiderRenderer	42	39
	16	16
	19	19
	36	34
	21	20
	22	21
	41	38
	26	25
	42	39
	12	12
	15	15
	31	30
net/minecraft/client/InputType	15	14
	11	10
	15	14
com/mojang/realmsclient/gui/RealmsWorldSlotButton	182	178
	129	80
	130	81
	131	82
	135	84
	136	85
	137	86
	138	87
	139	88
	140	89
	141	90
	142	91
	143	92
	144	93
	145	94
	146	95
	148	97
	22	21
	23	22
	151	100
	24	23
	152	101
	25	24
	153	102
	26	25
	27	26
	28	27
	156	105
	29	28
	158	106
	159	107
	160	108
	161	109
	163	111
	38	36
	166	114
	39	37
	167	115
	40	38
	41	39
	42	40
	170	118
	171	119
	172	120
	45	43
	174	121
	175	122
	177	130
	180	133
	181	134
	182	135
	66	155
	67	156
	68	157
	69	158
	70	159
	71	160
	72	161
	73	162
	74	163
	75	164
	77	166
	78	167
	79	168
	80	169
	81	170
	82	171
	83	172
	84	173
	85	174
	87	177
	88	178
	92	47
	93	48
	94	49
	98	53
	99	54
	100	55
	103	57
	104	58
	107	61
	108	62
	109	63
	112	66
	113	67
	116	70
	117	70
	119	70
	124	75
com/mojang/blaze3d/vertex/CompactVectorArray	45	40
	37	32
	41	36
	11	10
	12	11
	45	40
	15	14
	19	18
	20	19
	23	22
	24	23
	25	24
	26	25
	29	28
net/minecraft/client/model/animal/pig/ColdPigModel	27	28
	16	14
	19	17
	20	18
	22	19
	23	22
	24	24
	25	26
	27	28
	15	13
net/minecraft/client/data/AtlasProvider	198	169
	128	112
	129	112
	130	112
	131	112
	136	117
	137	118
	140	120
	153	133
	154	133
	159	137
	160	137
	35	36
	37	37
	165	141
	38	38
	40	38
	43	53
	173	145
	174	146
	175	147
	176	148
	177	149
	178	150
	179	151
	180	152
	181	153
	182	154
	183	155
	184	156
	185	157
	186	158
	187	159
	188	160
	64	60
	193	165
	198	169
	72	65
	73	66
	76	69
	77	71
	78	72
	79	74
	80	75
	83	79
	88	83
	93	87
	97	91
	98	91
	103	95
	109	99
	110	100
	111	101
	112	102
	113	103
	117	107
	119	107
	127	111
net/minecraft/client/gui/screens/reporting/ChatSelectionLogFiller	75	71
	65	60
	66	61
	67	62
	68	63
	69	64
	70	65
	72	68
	73	69
	75	71
	28	25
	29	26
	30	27
	31	28
	32	29
	35	32
	36	34
	37	35
	38	36
	41	40
	42	40
	44	41
	45	41
	49	42
	50	43
	51	44
	52	45
	54	48
	55	49
	57	51
	59	54
	62	57
net/minecraft/client/renderer/entity/SnowGolemRenderer	45	39
	34	29
	39	33
	40	34
	41	35
	43	37
	45	39
	14	14
	16	15
	21	19
	22	20
	24	21
	25	22
	29	25
net/minecraft/client/gui/components/debug/DebugEntrySpawnCounts	36	43
	32	31
	33	32
	34	38
	20	24
	36	43
	21	25
	22	26
	24	27
	25	43
	28	28
	29	29
	31	30
net/minecraft/client/particle/DripParticle	469	648
	258	419
	259	420
	260	421
	268	451
	269	452
	273	465
	274	466
	275	467
	26	112
	27	113
	283	352
	28	114
	284	353
	29	115
	30	116
	288	367
	289	369
	34	120
	290	370
	35	121
	291	371
	36	122
	292	372
	38	124
	42	128
	43	129
	44	130
	300	327
	45	131
	301	328
	305	341
	50	88
	306	342
	51	89
	307	343
	308	344
	55	93
	56	94
	57	95
	58	96
	59	97
	316	380
	317	381
	321	394
	66	272
	322	395
	67	273
	323	396
	68	274
	324	397
	69	275
	73	279
	74	280
	75	281
	332	240
	333	241
	77	283
	337	254
	338	255
	82	309
	339	256
	83	310
	87	314
	88	315
	89	316
	90	317
	347	216
	91	318
	348	217
	93	320
	352	230
	353	231
	98	151
	354	232
	99	152
	103	156
	104	157
	105	158
	106	159
	362	194
	107	160
	363	195
	108	161
	110	163
	367	208
	368	208
	115	288
	116	289
	376	170
	120	293
	377	171
	121	294
	123	296
	381	184
	382	185
	383	186
	128	136
	129	137
	130	138
	391	475
	392	476
	137	24
	138	25
	139	26
	140	27
	396	489
	141	28
	397	490
	398	491
	399	492
	144	31
	400	493
	149	36
	408	582
	409	583
	154	41
	155	41
	413	596
	158	41
	414	597
	415	598
	416	599
	417	600
	163	46
	164	47
	165	48
	167	49
	168	50
	169	67
	425	527
	426	528
	172	51
	173	52
	174	53
	430	542
	175	54
	431	544
	176	67
	432	545
	433	546
	434	547
	179	55
	435	548
	180	56
	181	57
	183	58
	184	67
	187	59
	443	501
	188	60
	444	502
	189	61
	190	61
	191	62
	448	515
	449	516
	194	67
	450	517
	451	518
	452	519
	197	70
	198	71
	200	73
	203	76
	460	556
	461	557
	465	570
	209	632
	466	571
	210	633
	467	572
	468	573
	469	574
	214	646
	215	647
	216	648
	224	608
	225	609
	229	622
	230	623
	231	624
	239	429
	240	430
	244	443
	245	443
	253	405
	254	406
net/minecraft/client/model/monster/strider/package-info	0	0
net/minecraft/client/gui/font/glyphs/package-info	0	0
net/minecraft/client/renderer/item/properties/conditional/ExtendedView	22	23
	17	18
	22	23
	12	12
net/minecraft/client/renderer/blockentity/state/BannerRenderState	13	13
	10	10
	12	12
	13	13
net/minecraft/client/model/animal/llama/LlamaSpitModel	37	36
	32	31
	33	32
	34	33
	37	36
	16	16
	17	17
	20	20
	21	21
	23	22
	24	23
	25	25
	26	26
	27	27
	28	28
	29	29
	31	30
net/minecraft/client/gui/screens/telemetry/TelemetryInfoScreen	132	129
	131	128
	132	129
	22	21
	23	22
	24	23
	25	24
	26	25
	27	26
	30	28
	46	40
	47	41
	48	42
	49	43
	53	47
	58	52
	59	53
	60	54
	61	55
	62	56
	63	57
	64	58
	66	59
	67	60
	68	61
	69	62
	70	64
	71	65
	72	66
	73	67
	75	71
	76	72
	77	73
	79	74
	80	75
	81	76
	83	77
	84	78
	85	79
	89	83
	90	84
	91	85
	92	86
	93	87
	95	90
	96	91
	98	94
	99	95
	101	98
	102	99
	106	103
	107	104
	109	106
	112	109
	113	110
	115	112
	118	115
	119	116
	122	119
	123	120
	126	123
	127	124
net/minecraft/client/animation/definitions/package-info	0	0
com/mojang/realmsclient/package-info	0	0
net/minecraft/client/renderer/blockentity/TheEndPortalRenderer	35	26
	16	15
	32	23
	33	24
	34	25
	35	26
	26	18
	31	22
net/minecraft/client/renderer/state/WindowRenderState	0	0
net/minecraft/client/model/monster/shulker/ShulkerModel	84	64
	65	47
	67	48
	68	49
	69	50
	70	51
	71	52
	73	55
	76	56
	77	57
	79	59
	82	62
	83	63
	84	64
	23	21
	24	22
	25	23
	26	24
	29	27
	30	28
	32	29
	33	29
	34	29
	35	29
	37	30
	38	30
	39	30
	40	30
	43	31
	47	35
	49	37
	50	37
	51	37
	52	37
	55	38
	59	42
	60	43
net/minecraft/client/renderer/entity/package-info	0	0
net/minecraft/client/renderer/entity/PaintingRenderer	182	195
	26	25
	31	29
	32	30
	33	31
	37	34
	38	35
	39	53
	42	36
	43	37
	45	38
	46	39
	48	40
	49	50
	51	51
	52	53
	56	56
	61	60
	63	61
	64	62
	65	63
	66	64
	68	65
	69	66
	70	67
	71	68
	74	71
	75	72
	77	73
	78	75
	79	76
	80	77
	81	78
	82	79
	83	80
	84	81
	85	82
	86	84
	87	87
	88	90
	89	93
	92	96
	95	99
	98	111
	99	112
	100	113
	102	114
	104	115
	105	116
	106	117
	107	118
	110	119
	111	120
	112	121
	113	122
	115	123
	116	124
	117	125
	118	126
	120	127
	121	128
	123	130
	124	131
	125	132
	126	133
	127	134
	128	135
	130	136
	133	137
	134	138
	135	139
	136	140
	138	141
	139	142
	140	143
	141	144
	143	145
	144	146
	145	147
	146	148
	148	149
	149	150
	150	151
	151	152
	152	153
	155	156
	156	157
	157	158
	158	159
	159	160
	162	163
	163	164
	164	165
	165	166
	166	167
	169	170
	170	171
	171	172
	172	173
	173	174
	177	178
	178	179
	181	194
	182	195
net/minecraft/client/renderer/texture/atlas/SpriteSources	29	25
	18	16
	21	20
	22	21
	23	22
	24	23
	25	24
	26	25
	29	17
net/minecraft/client/multiplayer/ServerList	174	169
	128	124
	129	125
	132	128
	134	130
	137	133
	141	137
	142	138
	143	139
	144	140
	145	141
	20	19
	148	144
	149	145
	22	20
	152	148
	153	149
	155	150
	156	151
	157	152
	30	27
	31	28
	160	156
	35	32
	36	33
	164	160
	165	161
	38	34
	166	162
	39	35
	40	36
	168	163
	169	164
	43	39
	44	40
	172	167
	173	168
	46	41
	174	169
	47	42
	49	44
	51	46
	52	47
	53	48
	55	50
	59	54
	60	56
	61	57
	63	58
	64	59
	66	62
	67	63
	69	64
	70	65
	73	68
	74	69
	76	70
	77	71
	78	72
	80	73
	81	74
	82	75
	83	76
	84	77
	86	79
	89	82
	93	86
	94	87
	95	88
	98	92
	99	93
	100	94
	103	98
	107	102
	108	103
	109	104
	110	105
	111	106
	112	107
	115	111
	119	115
	120	116
	122	118
	125	121
	126	122
net/minecraft/client/gui/contextualbar/JumpableVehicleBarRenderer	45	41
	33	29
	34	30
	35	37
	38	32
	39	33
	40	34
	42	37
	45	41
	14	13
	15	14
	16	15
	22	20
	23	21
	24	22
	28	26
	29	27
	31	28
net/minecraft/client/renderer/entity/WitherSkeletonRenderer	22	20
	17	16
	22	20
	9	9
	12	12
	13	13
net/minecraft/client/renderer/item/properties/conditional/ConditionalItemModelProperties	26	32
	10	16
	13	19
	14	20
	15	21
	16	22
	17	23
	18	24
	19	25
	20	26
	21	27
	22	28
	23	29
	24	30
	25	31
	26	32
net/minecraft/client/gui/render/GuiRenderer	549	592
	513	539
	514	539
	516	539
	520	544
	521	545
	522	546
	524	547
	525	548
	526	549
	527	550
	528	551
	529	552
	532	555
	533	556
	537	560
	538	561
	539	562
	540	563
	542	566
	543	567
	544	569
	545	570
	547	573
	548	574
	549	575
	72	71
	84	79
	85	80
	86	80
	87	80
	88	80
	91	82
	92	82
	95	83
	96	83
	97	84
	98	85
	130	591
	131	592
	135	114
	136	115
	137	116
	138	117
	139	118
	140	120
	141	121
	143	124
	144	125
	147	128
	148	129
	150	131
	158	134
	160	135
	161	136
	164	139
	165	140
	167	141
	168	142
	170	143
	171	145
	172	146
	174	149
	175	150
	176	151
	177	152
	178	153
	179	154
	180	155
	181	156
	182	157
	184	159
	187	162
	188	164
	189	165
	190	166
	191	167
	192	168
	193	169
	195	171
	198	174
	201	177
	203	178
	204	179
	205	180
	207	181
	209	182
	211	183
	213	184
	215	185
	216	186
	219	189
	220	190
	221	191
	222	192
	224	193
	226	194
	227	195
	229	197
	232	200
	233	240
	236	201
	238	202
	240	203
	241	204
	243	205
	244	206
	245	208
	246	209
	247	210
	250	214
	251	215
	252	216
	253	217
	254	219
	255	221
	258	232
	259	240
	262	233
	263	234
	265	236
	266	240
	269	252
	270	261
	271	262
	272	263
	273	265
	274	266
	275	267
	278	270
	281	273
	282	274
	283	275
	284	276
	285	277
	286	278
	288	281
	289	282
	290	283
	291	284
	293	287
	294	288
	297	291
	298	292
	299	293
	300	294
	303	297
	304	298
	308	302
	309	303
	312	306
	313	307
	315	309
	316	310
	319	313
	320	314
	321	346
	324	315
	325	316
	327	317
	328	318
	329	319
	330	320
	331	327
	333	322
	334	323
	335	324
	337	327
	339	328
	340	329
	341	332
	342	333
	343	335
	345	336
	346	338
	347	340
	349	342
	351	346
	354	349
	355	350
	356	350
	357	350
	358	351
	361	354
	362	355
	363	356
	365	358
	368	362
	370	365
	371	366
	372	367
	373	371
	374	373
	376	376
	379	380
	382	383
	383	384
	386	387
	387	388
	389	389
	390	390
	393	393
	394	394
	396	397
	397	398
	401	402
	402	403
	403	404
	404	406
	405	407
	407	410
	409	413
	413	417
	414	418
	415	419
	417	421
	420	426
	421	427
	422	428
	424	430
	427	433
	428	434
	429	435
	430	437
	431	438
	432	439
	433	440
	434	441
	435	442
	436	443
	438	446
	439	447
	440	448
	441	450
	442	451
	444	454
	445	455
	446	467
	448	469
	451	472
	452	474
	453	475
	454	476
	455	477
	456	478
	457	479
	458	480
	460	483
	463	486
	466	489
	467	491
	468	492
	469	493
	470	494
	471	495
	473	498
	475	501
	479	505
	481	506
	482	507
	484	508
	485	509
	486	510
	488	512
	491	515
	492	516
	494	519
	495	520
	497	523
	498	524
	500	527
	502	528
	503	529
	506	532
	510	536
	511	537
net/minecraft/client/gui/screens/packs/package-info	0	0
net/minecraft/client/renderer/entity/TadpoleRenderer	23	22
	18	18
	23	22
	10	10
	13	13
	14	14
net/minecraft/client/resources/language/I18n	29	28
	16	14
	17	15
	20	18
	22	21
	23	22
	24	23
	9	8
	12	11
	29	28
net/minecraft/client/model/animal/bee/BabyBeeModel	63	50
	14	12
	15	13
	18	16
	19	17
	21	18
	22	20
	23	21
	24	23
	25	25
	27	27
	28	28
	29	28
	30	28
	32	30
	33	30
	34	30
	35	30
	37	31
	38	33
	39	33
	40	34
	42	36
	43	38
	44	38
	45	39
	47	41
	48	42
	49	42
	50	42
	52	44
	53	45
	54	45
	55	45
	57	47
	58	48
	59	48
	60	48
	63	50
net/minecraft/client/renderer/entity/CreeperRenderer	60	48
	32	29
	36	32
	38	33
	39	33
	42	33
	13	13
	47	37
	16	16
	18	17
	19	18
	52	41
	23	21
	25	22
	57	45
	26	23
	58	46
	27	24
	59	47
	28	25
	60	48
	29	26
	30	27
	31	28
net/minecraft/client/model/monster/ghast/package-info	0	0
net/minecraft/client/gui/components/debug/DebugEntryLookingAt	180	173
	131	88
	136	93
	142	143
	143	144
	147	148
	152	152
	27	27
	28	28
	157	157
	32	37
	33	38
	34	39
	35	49
	164	164
	38	40
	39	41
	41	42
	169	168
	42	43
	43	44
	174	173
	47	47
	48	49
	179	58
	180	59
	60	102
	61	103
	67	109
	69	110
	70	111
	72	112
	73	113
	76	116
	77	117
	80	120
	82	121
	83	122
	84	123
	85	124
	88	127
	97	136
	98	137
	99	138
	104	63
	105	64
	109	68
	114	72
	119	77
	126	84
com/mojang/realmsclient/gui/screens/RealmsPendingInvitesScreen	244	238
	39	37
	41	38
	47	42
	48	43
	49	44
	50	45
	59	52
	60	53
	61	54
	65	58
	66	59
	67	60
	68	61
	69	62
	70	63
	71	64
	72	65
	74	67
	76	68
	77	69
	78	70
	79	71
	83	75
	84	76
	85	77
	87	79
	91	83
	92	84
	96	88
	98	89
	99	90
	101	92
	107	219
	108	225
	112	229
	116	233
	120	237
	121	238
	125	95
	126	96
	128	98
	129	98
	130	98
	132	101
	133	101
	134	101
	152	115
	154	116
	155	117
	156	117
	157	118
	158	119
	159	120
	160	124
	162	125
	163	126
	164	127
	165	128
	166	129
	167	130
	168	131
	170	132
	171	133
	172	134
	173	135
	174	136
	175	137
	176	138
	177	139
	180	142
	181	143
	182	145
	183	146
	185	151
	191	157
	196	162
	201	167
	202	168
	203	169
	204	170
	205	171
	206	172
	207	173
	208	174
	209	175
	210	176
	212	177
	213	178
	214	179
	215	180
	216	181
	217	182
	220	185
	221	186
	223	188
	224	189
	225	190
	227	192
	229	195
	230	196
	231	197
	232	198
	234	200
	235	201
	236	202
	237	203
	238	204
	239	205
	241	208
	243	210
	244	211
net/minecraft/client/resources/DryFoliageColorReloadListener	26	23
	17	15
	18	16
	19	17
	25	22
	26	23
	12	11
net/minecraft/client/data/models/model/TexturedModel	107	98
	66	54
	70	58
	74	62
	75	63
	12	14
	13	15
	14	16
	15	17
	79	67
	16	18
	17	19
	18	20
	83	71
	20	21
	21	22
	23	23
	87	78
	24	24
	26	25
	27	26
	91	82
	28	27
	29	28
	31	29
	32	30
	33	31
	34	32
	99	90
	36	33
	37	34
	38	35
	39	36
	103	94
	40	37
	41	38
	42	39
	43	40
	107	98
	48	41
	49	42
	52	43
	55	44
	61	49
	62	50
	63	51
net/minecraft/client/model/object/crystal/EndCrystalModel	79	56
	65	49
	67	50
	68	51
	70	52
	71	53
	72	53
	74	54
	75	54
	77	55
	78	55
	79	56
	22	19
	30	26
	31	27
	32	28
	33	29
	34	30
	35	31
	38	34
	39	35
	41	36
	43	37
	44	37
	45	38
	46	39
	47	40
	48	41
	49	41
	50	41
	52	43
	53	43
	54	43
	58	44
	63	48
net/minecraft/client/gui/screens/social/package-info	0	0
net/minecraft/client/data/models/model/TextureMapping	459	434
	18	17
	19	18
	25	21
	26	22
	30	26
	31	27
	32	28
	36	32
	40	36
	44	40
	48	44
	49	44
	50	45
	51	46
	52	47
	54	44
	56	51
	60	55
	61	56
	62	57
	63	58
	64	59
	68	63
	69	64
	73	68
	77	72
	78	73
	82	77
	83	78
	87	82
	91	86
	95	90
	99	94
	103	98
	104	98
	105	98
	110	102
	114	106
	118	110
	119	110
	120	110
	125	114
	129	118
	133	122
	137	126
	141	130
	142	130
	143	130
	148	134
	152	138
	156	142
	157	142
	158	142
	163	146
	167	150
	171	154
	175	158
	179	162
	183	166
	184	166
	185	166
	189	170
	190	170
	191	170
	195	174
	196	175
	197	176
	198	177
	203	182
	207	188
	211	193
	215	199
	219	203
	220	204
	221	205
	222	206
	226	210
	227	211
	228	212
	229	213
	230	214
	231	215
	235	219
	236	220
	237	221
	238	222
	239	223
	240	224
	244	228
	248	232
	252	236
	256	240
	260	244
	264	248
	268	252
	272	256
	276	260
	280	264
	281	265
	282	266
	283	267
	287	271
	288	272
	289	273
	290	274
	291	275
	295	279
	299	283
	300	284
	301	285
	302	286
	306	290
	307	291
	308	292
	309	293
	310	294
	314	298
	315	299
	316	300
	317	301
	321	305
	322	306
	323	307
	324	308
	328	312
	332	316
	333	317
	334	318
	335	319
	336	320
	337	321
	338	322
	339	323
	344	327
	345	328
	346	329
	347	330
	348	331
	349	332
	350	333
	351	334
	355	338
	356	339
	357	340
	358	341
	359	342
	360	343
	361	344
	362	345
	366	349
	367	350
	368	351
	369	352
	370	353
	371	354
	372	355
	373	356
	374	357
	378	361
	379	361
	380	361
	385	365
	386	366
	387	367
	388	368
	389	369
	390	370
	395	374
	396	375
	397	376
	398	377
	399	378
	400	379
	401	380
	406	384
	407	385
	408	386
	409	387
	410	388
	411	389
	412	390
	417	394
	418	394
	419	394
	423	398
	427	402
	431	406
	435	410
	439	414
	443	418
	444	419
	448	423
	449	424
	453	428
	454	429
	458	433
	459	434
net/minecraft/client/renderer/SectionOcclusionGraph	468	465
	43	43
	45	44
	48	46
	50	47
	52	48
	59	53
	62	56
	64	58
	65	59
	66	60
	67	61
	70	65
	71	66
	72	67
	73	68
	75	70
	77	72
	80	75
	81	76
	84	83
	85	84
	86	85
	87	86
	88	87
	89	88
	92	91
	93	92
	96	95
	100	99
	101	100
	102	101
	104	104
	106	105
	107	106
	109	108
	112	111
	113	112
	114	113
	116	116
	118	117
	119	118
	121	120
	124	129
	125	130
	126	131
	128	134
	129	135
	132	138
	133	139
	134	140
	135	141
	136	142
	137	143
	138	144
	139	145
	140	146
	141	147
	142	148
	143	149
	144	150
	145	151
	148	160
	149	161
	150	162
	151	163
	152	165
	153	166
	154	167
	156	168
	157	169
	160	173
	161	174
	162	175
	163	176
	165	178
	166	179
	168	181
	171	184
	172	187
	173	188
	174	189
	175	190
	176	191
	179	195
	180	196
	183	199
	184	200
	185	201
	186	202
	187	203
	188	204
	189	205
	190	206
	191	207
	194	210
	195	211
	196	212
	197	213
	199	214
	201	215
	202	216
	203	217
	205	218
	206	219
	207	220
	208	221
	209	223
	210	224
	211	225
	212	227
	213	228
	214	229
	215	230
	216	231
	217	232
	218	233
	219	234
	221	237
	222	238
	223	239
	224	240
	226	243
	230	248
	231	249
	233	251
	235	253
	238	263
	239	264
	240	265
	242	267
	243	268
	244	269
	246	270
	247	271
	248	272
	252	275
	255	278
	256	279
	257	279
	258	280
	259	281
	261	283
	262	284
	264	285
	268	285
	272	286
	273	287
	274	288
	275	290
	276	291
	277	292
	278	293
	282	297
	287	302
	288	303
	289	304
	290	305
	291	306
	292	307
	293	308
	294	309
	295	309
	296	309
	297	309
	299	310
	300	311
	301	313
	302	314
	303	315
	304	316
	307	320
	308	321
	309	322
	310	323
	313	327
	318	332
	319	333
	321	334
	325	336
	326	337
	328	338
	329	339
	330	340
	332	341
	333	342
	334	343
	335	344
	340	350
	343	354
	347	361
	349	362
	350	363
	352	365
	353	365
	357	365
	362	371
	370	386
	371	387
	379	380
	380	381
	389	396
	390	397
	391	398
	392	399
	396	375
	403	456
	404	457
	407	460
	408	461
	411	464
	412	465
	413	465
	415	465
	429	412
	430	413
	431	414
	433	417
	434	418
	437	421
	438	422
	441	425
	445	429
	446	430
	450	434
	454	438
	459	443
	464	448
	465	448
	467	448
	468	448
net/minecraft/client/model/geom/builders/CubeListBuilder	86	109
	67	80
	68	81
	72	95
	73	96
	12	11
	13	12
	77	100
	78	101
	82	105
	20	18
	21	19
	22	20
	86	109
	26	24
	30	28
	31	29
	35	44
	36	45
	37	46
	41	52
	42	53
	43	54
	47	58
	48	59
	52	63
	53	64
	57	68
	58	69
	62	75
	63	76
net/minecraft/client/model/animal/chicken/ChickenModel	36	32
	32	28
	33	29
	34	30
	35	31
	36	32
	18	16
	19	17
	20	18
	21	19
	22	20
	23	21
	27	24
	29	25
	30	26
	31	27
net/minecraft/client/gui/screens/InBedChatScreen	46	44
	32	31
	33	32
	34	33
	37	36
	39	37
	40	41
	41	42
	43	38
	44	39
	46	44
	15	13
	16	14
	20	18
	22	19
	23	22
	24	23
	28	27
	29	28
com/mojang/realmsclient/dto/UploadInfo	93	76
	64	53
	67	54
	71	59
	72	60
	74	62
	75	62
	77	62
	81	67
	82	67
	84	67
	24	16
	89	71
	90	72
	91	73
	29	19
	93	76
	33	23
	34	24
	35	25
	36	26
	37	27
	38	28
	39	29
	40	30
	41	31
	44	34
	45	35
	48	38
	53	43
	55	44
	57	47
	58	48
	59	49
	60	50
	62	51
	63	52
net/minecraft/client/model/monster/zombie/package-info	0	0
net/minecraft/client/renderer/block/BlockQuadOutput	0	0
net/minecraft/client/renderer/blockentity/HangingSignRenderer	223	192
	128	108
	129	108
	130	108
	131	108
	136	112
	140	116
	145	120
	150	125
	154	137
	155	138
	158	141
	159	142
	161	143
	162	143
	163	143
	166	144
	167	145
	168	145
	169	145
	173	148
	174	149
	175	149
	178	150
	179	152
	180	152
	181	153
	183	155
	184	157
	185	157
	186	158
	60	51
	188	160
	189	162
	62	53
	190	162
	191	163
	193	165
	194	167
	195	167
	196	168
	71	58
	199	172
	200	173
	73	59
	201	173
	74	59
	202	173
	75	59
	77	60
	207	176
	81	63
	212	181
	213	182
	86	73
	214	183
	87	74
	215	184
	88	75
	90	76
	91	77
	220	189
	93	79
	221	190
	222	191
	95	81
	223	192
	98	84
	102	88
	103	88
	104	88
	105	88
	109	92
	110	92
	111	92
	116	96
	117	97
	118	98
	121	101
	122	102
	123	103
	124	104
net/minecraft/client/renderer/item/properties/numeric/UseCycle	29	25
	19	19
	20	20
	21	20
	24	20
	13	13
	29	25
	14	14
	15	14
net/minecraft/client/gui/screens/options/FontOptionsScreen	22	20
	16	14
	17	15
	21	19
	22	20
	10	10
	11	10
net/minecraft/client/gui/components/SplashRenderer	46	37
	33	29
	34	30
	36	31
	37	32
	38	33
	39	34
	41	35
	42	35
	43	35
	45	36
	14	14
	46	37
	15	15
	16	16
	25	23
	26	24
	29	27
	31	28
net/minecraft/client/animation/definitions/CreakingAnimation	287	432
	11	9
	12	11
	13	15
	14	16
	15	17
	16	18
	17	19
	18	20
	20	23
	21	27
	22	28
	23	29
	24	30
	25	31
	26	32
	27	33
	28	34
	29	35
	31	38
	32	42
	33	43
	34	44
	35	45
	37	48
	38	52
	39	53
	40	54
	41	55
	42	56
	43	57
	44	58
	45	59
	47	62
	48	66
	49	67
	50	68
	51	69
	52	70
	53	71
	54	72
	56	75
	57	79
	58	80
	59	81
	60	82
	61	83
	62	84
	63	85
	65	88
	66	92
	67	93
	68	94
	69	95
	70	96
	71	97
	72	98
	74	101
	75	105
	76	106
	77	107
	78	108
	79	109
	81	112
	83	113
	84	115
	85	119
	86	120
	87	121
	88	122
	89	123
	90	124
	92	127
	93	131
	94	132
	95	133
	96	134
	97	135
	98	136
	100	139
	101	143
	102	144
	104	147
	105	151
	106	152
	107	153
	108	154
	109	155
	110	156
	111	157
	112	158
	113	159
	115	162
	116	166
	117	167
	118	168
	119	169
	120	170
	121	171
	122	172
	124	175
	125	179
	126	180
	127	181
	128	182
	130	185
	131	189
	132	190
	133	191
	134	192
	135	193
	136	194
	138	197
	139	201
	140	202
	141	203
	142	204
	144	207
	145	211
	146	212
	147	213
	148	214
	150	217
	151	221
	152	222
	153	223
	154	224
	156	227
	157	231
	158	232
	159	233
	160	234
	162	237
	163	241
	164	242
	165	243
	166	244
	168	247
	169	251
	170	252
	171	253
	172	254
	173	255
	174	256
	176	259
	177	263
	178	264
	180	267
	182	268
	183	269
	184	273
	185	274
	186	275
	187	276
	189	279
	190	283
	191	284
	192	285
	194	288
	195	292
	196	293
	197	294
	198	295
	200	298
	201	302
	202	303
	204	306
	205	310
	206	311
	207	312
	208	313
	210	316
	211	320
	212	321
	214	324
	216	325
	217	326
	218	330
	219	331
	220	332
	221	333
	222	334
	223	335
	224	336
	225	337
	226	338
	227	339
	228	340
	229	341
	231	344
	232	348
	233	349
	234	350
	235	351
	237	354
	238	358
	239	359
	240	360
	241	361
	243	364
	244	368
	245	369
	246	370
	247	371
	248	372
	249	373
	250	374
	252	377
	253	381
	254	382
	256	385
	257	389
	258	390
	259	391
	260	392
	261	393
	262	394
	263	395
	265	398
	266	402
	267	403
	269	406
	270	410
	271	411
	272	412
	273	413
	274	414
	275	415
	276	416
	277	417
	278	418
	279	419
	280	420
	281	421
	283	424
	284	428
	285	429
	287	432
net/minecraft/client/gui/components/debug/DebugEntryLocalDifficulty	32	34
	32	34
	17	21
	18	22
	20	23
	21	34
	24	24
	26	25
	27	26
	28	27
	29	28
	30	29
net/minecraft/client/sounds/AudioStream	0	0
net/minecraft/client/renderer/rendertype/RenderType	145	154
	129	138
	133	142
	137	146
	141	150
	145	154
	37	36
	38	37
	39	39
	40	41
	43	47
	48	52
	52	56
	56	60
	60	64
	61	65
	62	66
	63	67
	64	68
	66	71
	69	73
	71	75
	72	76
	76	79
	77	80
	78	81
	79	82
	81	84
	82	85
	85	88
	86	89
	87	90
	88	96
	89	97
	90	98
	91	99
	92	100
	94	103
	95	104
	96	105
	98	107
	99	108
	102	111
	103	112
	107	116
	108	117
	110	119
	113	122
	117	126
	121	130
	125	134
net/minecraft/client/renderer/item/properties/select/TrimMaterialProperty	37	36
	32	31
	17	17
	19	19
	37	36
	23	25
	24	26
	25	26
	27	26
net/minecraft/client/model/animal/feline/BabyCatModel	12	12
	8	8
	11	11
	12	12
net/minecraft/client/multiplayer/resolver/ServerAddressResolver	22	19
	17	15
	18	16
	19	17
	20	18
	22	19
	13	12
net/minecraft/client/renderer/CloudRenderer	350	338
	256	241
	257	242
	258	243
	259	244
	262	244
	267	245
	268	246
	270	249
	273	254
	276	268
	277	269
	278	270
	279	271
	280	278
	282	272
	283	273
	285	275
	287	278
	290	281
	291	282
	294	285
	295	286
	296	287
	297	288
	298	289
	302	292
	303	293
	49	43
	50	43
	51	43
	307	296
	52	43
	308	297
	54	44
	55	45
	311	300
	312	301
	315	304
	316	305
	319	308
	64	52
	320	309
	66	53
	67	54
	323	312
	68	55
	324	313
	72	58
	328	316
	73	59
	329	317
	330	318
	331	319
	334	322
	79	64
	80	65
	337	325
	82	67
	338	326
	83	68
	84	69
	85	71
	341	329
	86	72
	342	330
	87	73
	88	74
	89	75
	346	334
	347	335
	92	77
	348	336
	93	78
	94	79
	350	338
	95	80
	96	81
	99	86
	100	87
	101	88
	102	89
	111	94
	112	95
	113	96
	114	97
	119	101
	120	102
	121	103
	124	106
	128	110
	132	114
	136	118
	140	122
	144	126
	148	138
	149	226
	151	139
	152	140
	153	141
	154	142
	155	143
	156	144
	158	147
	161	150
	162	151
	164	153
	165	154
	166	155
	167	156
	169	158
	172	161
	175	162
	176	163
	179	164
	180	165
	181	166
	182	167
	184	168
	185	169
	187	170
	188	171
	190	172
	191	173
	193	174
	198	179
	199	180
	200	181
	201	182
	202	183
	203	184
	204	186
	205	187
	206	188
	210	192
	211	226
	214	193
	215	194
	216	194
	217	194
	218	194
	220	197
	222	199
	223	200
	226	201
	227	202
	228	205
	229	206
	230	207
	232	209
	233	210
	236	215
	237	216
	238	217
	239	218
	240	219
	241	220
	242	221
	243	222
	245	226
	248	236
	249	254
	251	237
	252	238
	253	239
net/minecraft/client/renderer/state/gui/ColoredRectangleRenderState	26	50
	18	40
	19	41
	20	42
	21	43
	22	44
	25	49
	26	50
	13	35
	14	36
net/minecraft/client/renderer/fog/FogData	0	0
net/minecraft/client/renderer/item/properties/select/MainHand	29	29
	19	19
	24	24
	13	13
	29	29
	15	14
net/minecraft/client/renderer/entity/layers/StuckInBodyLayer	82	99
	64	82
	65	85
	69	89
	70	90
	71	90
	72	90
	75	92
	77	93
	79	96
	82	99
	23	29
	24	30
	25	31
	26	32
	27	33
	28	34
	33	47
	34	48
	35	49
	37	50
	38	51
	40	52
	41	53
	45	63
	46	64
	47	96
	50	65
	51	67
	52	68
	53	69
	54	70
	55	71
	57	72
	58	73
	59	74
	60	75
	61	76
	62	77
	63	79
net/minecraft/client/renderer/blockentity/BeaconRenderer	151	207
	129	183
	130	184
	131	185
	132	186
	133	187
	136	192
	137	193
	141	197
	146	202
	151	207
	24	23
	32	30
	37	40
	38	41
	39	42
	42	47
	43	48
	45	49
	47	50
	48	51
	49	52
	53	55
	54	57
	55	58
	56	60
	57	68
	59	70
	62	82
	63	84
	66	98
	68	99
	69	100
	71	101
	72	102
	74	103
	76	104
	78	105
	79	106
	80	107
	81	108
	83	109
	84	110
	85	111
	86	112
	88	113
	89	114
	90	115
	91	116
	93	117
	94	120
	95	121
	97	122
	99	123
	100	124
	101	125
	102	126
	104	127
	105	128
	106	129
	107	130
	109	131
	110	132
	111	133
	112	134
	114	135
	115	138
	116	139
	118	140
	119	141
	122	162
	123	163
	124	164
	125	165
	126	166
net/minecraft/client/gui/components/ChatComponent	784	733
	516	470
	517	471
	519	472
	520	473
	522	474
	523	475
	525	476
	526	477
	534	730
	535	731
	536	732
	537	733
	544	511
	547	514
	550	517
	553	520
	47	43
	560	527
	561	528
	564	531
	55	49
	60	52
	61	53
	62	54
	63	55
	65	56
	577	481
	66	57
	67	58
	68	58
	580	484
	69	58
	581	485
	70	58
	582	486
	583	487
	72	59
	584	488
	73	60
	585	489
	586	490
	587	491
	88	71
	91	74
	92	75
	93	76
	96	79
	97	80
	99	82
	613	597
	102	85
	614	598
	103	86
	615	599
	104	87
	616	600
	107	90
	620	604
	109	91
	621	605
	110	93
	622	606
	111	94
	112	95
	113	96
	114	97
	626	610
	115	98
	627	611
	117	99
	631	615
	632	616
	121	103
	125	115
	637	621
	126	116
	638	622
	127	124
	639	623
	128	125
	131	130
	643	627
	132	131
	135	136
	136	137
	138	138
	140	139
	141	231
	144	140
	145	141
	147	142
	148	143
	660	644
	661	645
	150	144
	662	646
	663	647
	152	145
	664	648
	153	146
	665	649
	666	650
	667	651
	668	652
	157	147
	158	148
	671	655
	672	656
	161	149
	163	150
	676	660
	165	151
	677	661
	678	662
	167	152
	679	663
	169	153
	171	154
	683	667
	172	155
	684	668
	173	156
	174	157
	688	671
	689	672
	179	158
	180	159
	693	676
	182	160
	694	677
	183	161
	695	678
	184	162
	696	679
	186	163
	698	682
	188	164
	189	165
	702	686
	192	168
	193	169
	707	691
	708	692
	197	172
	709	693
	710	694
	712	696
	202	177
	203	178
	716	700
	205	179
	717	701
	206	180
	718	702
	207	181
	719	703
	720	704
	723	707
	212	183
	724	708
	213	184
	214	185
	726	710
	216	187
	729	713
	730	714
	219	190
	220	191
	732	716
	222	192
	223	193
	224	194
	225	195
	227	196
	739	541
	740	542
	230	199
	744	546
	233	201
	745	547
	234	202
	746	548
	235	203
	747	549
	236	204
	748	550
	239	207
	240	208
	241	209
	753	554
	243	212
	757	558
	758	559
	247	215
	248	216
	249	217
	250	218
	251	219
	764	564
	253	220
	254	221
	255	222
	256	223
	257	224
	769	568
	258	225
	773	575
	262	229
	774	576
	263	231
	775	577
	266	234
	267	235
	268	236
	269	237
	270	238
	782	583
	271	239
	783	584
	272	240
	784	585
	274	242
	277	245
	278	246
	281	249
	282	250
	285	253
	286	254
	289	257
	292	258
	293	259
	294	260
	295	261
	297	263
	300	266
	301	267
	302	268
	303	269
	305	271
	307	273
	310	276
	312	277
	314	278
	315	280
	316	281
	317	282
	318	283
	319	284
	322	287
	323	288
	326	291
	327	292
	329	294
	332	297
	334	299
	335	300
	337	302
	340	305
	341	306
	342	306
	343	306
	345	306
	347	307
	350	310
	351	311
	352	312
	354	314
	357	317
	359	318
	360	321
	361	322
	362	323
	363	324
	364	325
	365	326
	366	327
	368	330
	373	334
	377	338
	381	342
	382	343
	383	344
	386	347
	387	349
	388	350
	389	351
	392	354
	395	357
	399	361
	400	362
	401	363
	403	366
	405	369
	406	370
	408	372
	411	375
	412	376
	413	377
	416	380
	417	381
	419	382
	420	383
	423	386
	424	387
	425	388
	427	390
	430	393
	434	397
	438	401
	442	405
	446	409
	447	410
	448	411
	452	415
	453	416
	454	417
	458	421
	459	422
	460	423
	464	427
	468	431
	472	435
	473	436
	474	437
	477	440
	478	441
	481	444
	482	445
	484	446
	489	450
	490	451
	493	454
	494	455
	496	457
	499	460
	500	461
	501	462
	508	466
	509	466
	510	466
	511	466
com/mojang/blaze3d/pipeline/package-info	0	0
net/minecraft/client/gui/screens/options/WorldOptionsScreen	100	94
	65	59
	66	60
	67	61
	69	63
	74	68
	75	69
	79	73
	80	74
	17	17
	18	18
	19	19
	20	20
	84	78
	85	79
	86	80
	87	81
	90	84
	27	26
	28	27
	29	28
	30	29
	94	88
	95	89
	34	33
	99	93
	36	34
	100	94
	37	35
	38	36
	39	37
	40	38
	42	39
	43	40
	44	41
	45	42
	48	45
	49	46
	50	47
	52	47
	56	49
	57	50
	58	51
	59	52
	61	55
net/minecraft/client/model/HeadedModel	11	11
	10	10
	11	11
net/minecraft/client/renderer/entity/CodRenderer	40	37
	16	16
	17	17
	33	31
	34	32
	36	33
	21	21
	37	34
	38	35
	40	37
	26	25
	13	13
	31	30
net/minecraft/client/color/block/BlockTintCache	164	157
	129	73
	130	75
	134	78
	135	79
	137	82
	138	83
	139	84
	142	87
	143	90
	145	90
	19	114
	148	93
	149	94
	21	116
	150	95
	152	98
	154	99
	26	120
	155	100
	156	101
	28	123
	157	102
	29	124
	30	125
	160	106
	161	107
	33	128
	34	131
	164	109
	36	131
	39	134
	41	136
	46	141
	47	142
	48	143
	52	147
	56	151
	57	152
	61	156
	62	157
	78	22
	79	23
	82	26
	83	27
	85	28
	86	29
	87	30
	88	31
	89	32
	91	35
	93	36
	94	37
	95	38
	96	39
	97	40
	98	41
	100	44
	101	45
	102	46
	107	51
	109	53
	110	54
	111	55
	112	56
	113	57
	114	58
	119	63
	120	65
	125	69
	126	70
	127	71
com/mojang/realmsclient/util/task/LongRunningTask	69	64
	65	60
	68	63
	69	64
	15	15
	16	16
	20	20
	21	21
	22	22
	23	23
	25	25
	29	28
	30	29
	31	30
	34	33
	35	34
	36	35
	37	35
	41	36
	44	39
	45	40
	47	42
	49	44
	52	47
	53	48
	58	53
	62	57
net/minecraft/client/renderer/entity/state/PaintingRenderState	10	10
	8	8
	10	10
net/minecraft/client/renderer/entity/AbstractBoatRenderer	73	66
	64	57
	65	58
	66	59
	67	60
	68	61
	69	62
	70	63
	71	64
	72	65
	73	66
	19	19
	20	20
	21	21
	22	22
	26	25
	28	26
	29	27
	30	28
	31	29
	32	30
	35	33
	37	34
	40	37
	41	38
	43	39
	45	40
	47	41
	49	42
	50	43
	53	48
	59	53
com/mojang/realmsclient/util/task/ConnectTask	47	46
	35	34
	36	35
	37	36
	38	37
	42	41
	43	42
	12	12
	47	46
	19	18
	20	19
	21	20
	22	21
	26	25
	27	26
	29	28
	31	30
net/minecraft/client/renderer/entity/layers/RopesLayer	33	38
	32	36
	33	38
	20	20
	21	21
	22	22
	23	23
	24	24
	28	34
	29	38
	31	35
net/minecraft/client/multiplayer/ClientHandshakePacketListenerImpl	266	257
	256	255
	257	256
	258	257
	263	240
	264	241
	265	242
	266	243
	58	58
	79	85
	80	86
	81	87
	82	88
	83	89
	84	90
	85	91
	86	92
	87	93
	88	94
	89	95
	90	96
	91	97
	94	100
	95	101
	96	102
	98	104
	100	107
	101	108
	105	111
	113	118
	114	119
	116	120
	118	121
	119	122
	121	123
	122	124
	123	125
	124	126
	127	129
	128	130
	129	131
	130	132
	131	133
	132	138
	134	134
	135	135
	138	141
	139	142
	141	144
	143	146
	146	149
	147	150
	148	151
	152	155
	153	157
	154	158
	155	159
	156	160
	157	161
	158	162
	159	163
	160	164
	161	165
	162	166
	165	156
	170	171
	172	172
	174	174
	180	182
	181	183
	188	190
	195	197
	196	198
	197	199
	198	200
	199	201
	203	204
	204	205
	205	206
	207	208
	209	210
	213	213
	218	217
	219	218
	223	221
	225	222
	227	224
	231	227
	232	228
	233	229
	236	232
	237	233
	241	236
	242	237
	245	246
	246	247
	247	248
	249	249
net/minecraft/client/multiplayer/resolver/ServerAddress	97	86
	64	56
	66	59
	71	64
	72	65
	75	66
	12	10
	16	12
	80	72
	19	15
	20	16
	85	77
	86	78
	23	19
	24	20
	88	80
	89	80
	28	24
	92	80
	29	25
	30	26
	97	86
	35	31
	39	35
	40	36
	44	40
	45	41
	46	41
	48	41
	50	42
	51	43
	52	44
	58	50
	59	51
	60	52
	61	53
	62	54
net/minecraft/client/gui/components/debug/DebugScreenEntryStatus	21	19
	16	15
	17	16
	21	19
	7	7
	8	8
	9	9
	12	11
net/minecraft/client/gui/screens/reporting/ReportPlayerScreen	85	89
	65	63
	66	70
	68	74
	70	75
	72	76
	73	77
	74	78
	78	82
	79	83
	80	84
	17	17
	18	18
	20	19
	84	88
	21	20
	85	89
	22	21
	34	30
	35	31
	36	32
	37	33
	38	34
	39	35
	43	39
	48	44
	49	45
	51	46
	53	48
	54	49
	55	50
	56	51
	57	52
	58	53
	59	54
	60	55
	61	56
	62	57
net/minecraft/client/renderer/blockentity/TrialSpawnerRenderer	60	68
	32	36
	33	42
	35	37
	36	38
	37	39
	38	40
	39	42
	42	52
	43	62
	45	53
	46	54
	47	55
	48	56
	49	57
	50	58
	51	59
	21	21
	53	62
	22	22
	57	65
	26	25
	58	66
	60	68
	31	35
net/minecraft/client/particle/FallingLeavesParticle	161	164
	128	104
	129	105
	133	118
	141	126
	142	127
	146	140
	154	148
	155	149
	159	162
	160	163
	33	35
	161	164
	38	36
	39	37
	40	38
	43	39
	45	40
	48	41
	49	42
	50	43
	53	44
	54	45
	57	46
	58	47
	59	48
	60	49
	61	50
	65	54
	71	59
	72	60
	73	61
	75	62
	76	63
	78	66
	79	98
	83	67
	84	68
	86	69
	87	70
	88	71
	89	72
	90	73
	92	76
	93	77
	94	78
	97	81
	98	82
	101	83
	103	84
	105	85
	106	86
	109	87
	112	88
	113	89
	115	92
	116	98
	119	93
	120	94
	121	95
	122	98
net/minecraft/client/input/PreeditEvent	82	82
	64	60
	65	61
	66	62
	70	66
	71	67
	72	68
	74	71
	75	73
	76	74
	77	75
	78	76
	80	79
	82	82
	21	16
	22	17
	25	22
	26	23
	28	26
	29	27
	34	28
	36	29
	37	30
	38	31
	40	33
	41	34
	42	36
	43	37
	44	38
	45	39
	47	42
	48	43
	50	46
	51	47
	52	48
	55	51
	56	52
	59	55
	63	59
com/mojang/blaze3d/vertex/DefaultVertexFormat	98	81
	4	4
	5	4
	7	5
	8	6
	9	7
	10	8
	11	9
	12	10
	14	11
	15	12
	16	13
	17	14
	18	15
	19	16
	20	17
	21	18
	22	19
	24	20
	25	21
	26	22
	27	23
	28	24
	29	25
	31	26
	32	26
	33	26
	35	27
	36	28
	37	29
	38	30
	40	31
	41	32
	42	33
	43	34
	44	35
	45	36
	47	37
	48	38
	49	39
	50	40
	51	41
	53	42
	54	43
	55	44
	56	45
	58	46
	59	47
	60	48
	61	49
	62	50
	64	51
	65	52
	66	53
	67	54
	68	55
	69	56
	71	57
	72	58
	73	59
	74	60
	75	61
	76	62
	78	63
	79	64
	80	65
	81	66
	82	67
	83	68
	84	69
	86	70
	87	71
	88	72
	89	73
	90	74
	92	75
	93	76
	94	77
	95	78
	96	79
	97	80
	98	81
com/mojang/realmsclient/dto/RealmsServerPlayerLists	85	72
	66	56
	68	58
	69	59
	70	60
	71	61
	72	62
	77	67
	81	71
	82	72
	83	72
	85	72
	27	22
	30	25
	33	28
	35	29
	36	30
	38	30
	40	31
	41	32
	43	34
	44	35
	46	36
	47	37
	49	39
	52	42
	55	45
	58	48
	59	49
	62	52
net/minecraft/client/renderer/special/DecoratedPotSpecialRenderer	50	53
	49	41
	33	53
	50	42
	20	19
	21	20
	39	23
	24	45
	44	35
	28	49
	45	37
net/minecraft/client/gui/components/CommonButtons	19	16
	16	16
	17	16
	18	16
	19	16
	8	8
	9	9
	10	10
	11	11
	15	15
net/minecraft/client/gui/components/debug/DebugEntryMemory	79	81
	64	70
	65	71
	69	75
	70	77
	71	78
	73	81
	15	14
	79	44
	20	24
	21	25
	22	26
	23	27
	25	30
	26	31
	27	32
	28	33
	30	36
	33	39
	38	49
	40	50
	41	51
	42	52
	43	53
	46	56
	48	57
	49	58
	52	61
	56	62
	57	63
	58	64
	59	65
	62	68
	63	69
net/minecraft/client/gui/screens/inventory/AnvilScreen	148	142
	130	122
	131	123
	132	126
	136	130
	137	131
	139	133
	143	137
	144	138
	145	139
	146	140
	20	19
	148	142
	21	20
	22	21
	23	22
	24	23
	29	28
	30	29
	31	30
	32	31
	36	35
	37	36
	39	37
	40	38
	41	39
	42	40
	43	41
	44	42
	45	43
	46	44
	47	45
	48	46
	49	47
	50	48
	54	52
	55	53
	56	54
	60	58
	61	59
	65	63
	66	64
	67	65
	68	66
	72	70
	73	71
	74	72
	77	74
	78	74
	80	74
	84	79
	85	80
	86	90
	89	81
	90	82
	91	83
	94	86
	95	87
	97	90
	101	94
	103	95
	104	96
	105	97
	107	99
	108	100
	109	101
	110	102
	111	103
	113	105
	114	106
	115	107
	119	111
	120	112
	121	113
	122	114
	123	115
	126	118
net/minecraft/client/data/models/model/ModelInstance	0	0
net/minecraft/client/gui/screens/advancements/AdvancementWidget	307	312
	256	259
	257	260
	260	263
	261	264
	262	265
	266	269
	267	270
	269	272
	272	275
	273	276
	276	279
	277	281
	278	282
	280	284
	27	25
	283	287
	284	294
	286	288
	287	289
	288	290
	289	291
	290	292
	294	299
	295	300
	296	301
	297	302
	42	40
	300	305
	303	308
	307	312
	59	56
	60	57
	61	58
	62	59
	63	60
	64	61
	65	62
	67	63
	69	64
	70	65
	71	66
	72	71
	73	72
	75	75
	77	76
	78	77
	81	80
	82	81
	83	82
	85	85
	86	86
	87	87
	91	91
	95	95
	97	96
	98	97
	100	99
	101	100
	102	101
	103	102
	104	103
	106	106
	107	107
	108	108
	112	112
	117	117
	118	118
	119	120
	120	120
	122	120
	126	124
	127	125
	128	126
	129	127
	130	128
	131	129
	132	130
	133	131
	134	132
	135	133
	136	134
	137	135
	138	136
	139	137
	140	138
	141	139
	143	141
	144	142
	145	143
	149	147
	150	148
	152	150
	155	153
	156	154
	159	156
	160	157
	162	159
	165	162
	166	163
	169	166
	170	167
	172	169
	175	172
	179	176
	180	177
	183	180
	184	181
	187	184
	188	185
	190	186
	191	187
	192	188
	193	189
	195	190
	196	191
	197	192
	198	193
	199	194
	203	195
	205	199
	206	200
	207	201
	208	202
	209	203
	210	204
	211	205
	212	206
	213	207
	214	208
	215	209
	216	210
	217	211
	218	212
	219	213
	221	215
	222	216
	223	217
	225	220
	228	222
	229	223
	231	225
	234	228
	235	229
	236	230
	237	231
	239	233
	243	237
	244	238
	245	239
	247	252
	250	255
	252	256
	254	257
	255	258
net/minecraft/client/particle/ParticleProvider	0	0
net/minecraft/client/gui/components/Whence	0	0
net/minecraft/client/particle/NoRenderParticleGroup	16	16
	16	16
	11	11
	12	12
net/minecraft/client/renderer/state/gui/PanoramaRenderState	0	0
net/minecraft/client/model/monster/skeleton/BoggedModel	68	62
	66	60
	67	61
	68	62
	19	17
	20	18
	21	19
	24	22
	25	23
	27	24
	29	25
	30	26
	31	28
	32	28
	33	29
	35	31
	36	33
	37	33
	38	34
	40	36
	41	38
	42	38
	43	39
	45	41
	46	43
	47	43
	48	44
	50	46
	51	48
	52	48
	53	49
	55	51
	56	53
	57	53
	58	54
	61	56
net/minecraft/client/renderer/entity/CaveSpiderRenderer	18	18
	18	18
	9	9
	12	12
	13	13
	14	14
net/minecraft/client/resources/sounds/UnderwaterAmbientSoundInstances	62	57
	14	13
	16	14
	17	15
	18	16
	19	17
	20	18
	21	19
	25	23
	26	24
	28	26
	38	35
	40	36
	41	37
	42	38
	43	39
	44	40
	45	41
	49	45
	50	55
	51	57
	54	46
	55	47
	57	49
	60	52
	61	53
	62	57
net/minecraft/client/renderer/state/gui/pip/GuiProfilerChartRenderState	17	19
	17	19
	12	14
	13	15
net/minecraft/client/renderer/entity/layers/CreeperPowerLayer	37	34
	16	15
	32	30
	17	16
	18	17
	37	34
	22	20
	11	11
	27	25
net/minecraft/client/gui/screens/Overlay	11	11
	7	7
	11	11
net/minecraft/client/renderer/debug/BreezeDebugRenderer	53	50
	17	15
	18	16
	19	17
	20	18
	21	19
	26	23
	27	24
	31	30
	32	31
	34	34
	35	35
	36	36
	37	37
	38	38
	40	39
	41	40
	42	41
	43	42
	44	43
	47	44
	48	44
	49	45
	50	46
	51	47
	52	48
	53	50
net/minecraft/client/particle/SnowflakeParticle	51	59
	32	32
	33	33
	35	34
	36	35
	37	36
	38	37
	11	13
	12	14
	44	43
	13	15
	45	44
	14	16
	15	17
	16	18
	17	19
	49	57
	50	58
	19	20
	51	59
	21	21
	22	22
	23	23
	27	27
com/mojang/blaze3d/platform/Transparency	31	24
	9	4
	10	5
	11	6
	12	7
	15	10
	16	11
	17	12
	18	13
	19	15
	20	15
	22	15
	27	20
	31	24
net/minecraft/client/renderer/ScreenEffectRenderer	227	205
	32	31
	46	42
	47	43
	48	44
	49	45
	52	48
	53	49
	54	50
	55	51
	58	54
	61	59
	62	60
	63	61
	64	62
	65	63
	66	64
	67	65
	71	69
	72	70
	73	71
	76	74
	77	75
	78	76
	82	81
	83	82
	85	84
	88	87
	89	111
	92	88
	93	89
	94	90
	95	91
	96	92
	97	93
	99	94
	101	95
	103	96
	104	97
	106	98
	107	99
	108	100
	109	101
	110	102
	111	103
	112	104
	114	105
	115	106
	116	107
	117	108
	119	109
	120	111
	123	114
	124	115
	127	118
	128	119
	129	120
	130	121
	131	122
	134	125
	135	127
	136	128
	137	129
	138	130
	140	131
	141	132
	142	133
	143	134
	146	138
	150	142
	151	143
	153	144
	154	145
	155	146
	156	147
	157	148
	159	149
	160	150
	161	151
	162	152
	164	153
	166	154
	167	155
	168	156
	169	157
	170	158
	171	159
	175	162
	176	163
	178	164
	180	165
	182	166
	183	167
	184	168
	185	169
	186	170
	188	171
	189	172
	191	173
	193	174
	194	175
	195	176
	196	177
	197	178
	198	179
	201	182
	203	183
	204	184
	205	185
	206	186
	208	187
	209	189
	210	190
	212	191
	213	192
	214	193
	215	194
	216	195
	217	196
	218	197
	220	198
	221	199
	222	200
	223	201
	224	202
	225	203
	227	205
com/mojang/blaze3d/audio/DeviceList	32	19
	32	19
	19	13
	20	14
	22	17
	15	10
	31	18
com/mojang/realmsclient/gui/RealmsDataFetcher	51	54
	35	30
	36	33
	37	34
	38	35
	40	36
	41	38
	42	41
	43	43
	44	45
	45	46
	46	47
	47	48
	48	51
	51	54
net/minecraft/client/model/monster/piglin/BabyPiglinModel	79	50
	64	42
	65	42
	66	42
	68	44
	69	44
	70	44
	71	44
	74	45
	13	12
	14	13
	79	50
	17	16
	18	17
	20	18
	21	18
	22	18
	23	18
	25	19
	26	21
	27	21
	28	21
	29	22
	31	24
	32	24
	33	24
	35	25
	36	25
	37	25
	39	26
	40	28
	41	28
	42	29
	44	31
	45	31
	46	31
	48	32
	49	34
	50	34
	51	35
	53	37
	54	37
	55	37
	56	37
	58	38
	59	39
	60	39
	61	39
	63	41
net/minecraft/client/renderer/entity/AxolotlRenderer	55	57
	17	18
	18	20
	19	22
	20	23
	21	25
	23	27
	26	31
	27	32
	31	35
	32	36
	37	40
	42	44
	43	45
	44	46
	45	47
	46	48
	47	49
	48	50
	49	51
	50	52
	51	53
	52	54
	53	55
	54	56
	55	57
net/minecraft/client/gui/components/LoadingDotsWidget	50	47
	32	29
	33	30
	37	34
	41	38
	45	42
	50	47
	19	18
	20	19
	21	20
	25	24
	26	25
	28	26
	29	27
	31	28
com/mojang/blaze3d/vertex/MeshData	110	107
	17	16
	18	17
	19	18
	22	21
	23	22
	24	23
	27	26
	28	27
	29	28
	30	29
	32	30
	34	32
	35	33
	36	34
	37	35
	38	36
	39	37
	40	38
	41	39
	42	40
	43	41
	44	42
	45	43
	46	44
	49	47
	53	51
	57	55
	61	59
	65	63
	66	64
	68	67
	69	68
	70	69
	71	70
	76	75
	77	76
	78	77
	80	79
	90	86
	92	87
	93	88
	94	90
	95	91
	96	92
	97	93
	98	94
	99	95
	100	96
	103	99
	107	103
	108	105
	109	106
	110	107
net/minecraft/client/renderer/block/model/properties/select/package-info	0	0
net/minecraft/client/renderer/SectionBufferBuilderPack	30	28
	16	14
	20	18
	21	19
	24	22
	25	23
	11	10
	13	11
	29	27
	30	28
net/minecraft/client/gui/screens/TitleScreen	316	398
	257	331
	258	332
	261	335
	263	336
	264	337
	266	339
	271	343
	275	347
	276	347
	279	347
	288	352
	289	353
	291	355
	295	359
	296	360
	297	361
	299	363
	45	45
	302	366
	47	46
	48	47
	304	372
	305	371
	306	387
	307	388
	308	389
	311	393
	312	394
	316	398
	61	56
	62	57
	65	60
	66	61
	69	64
	70	65
	71	66
	72	67
	75	70
	80	75
	81	76
	83	78
	86	81
	87	82
	88	83
	89	84
	93	88
	98	93
	103	98
	104	99
	106	102
	107	103
	109	104
	110	105
	112	106
	113	107
	115	109
	117	112
	119	115
	120	120
	121	122
	122	127
	123	130
	124	132
	125	135
	127	138
	128	139
	131	142
	132	143
	134	145
	137	148
	138	149
	139	150
	140	150
	141	151
	144	156
	148	161
	149	165
	150	166
	152	167
	153	169
	154	170
	156	171
	157	172
	158	174
	159	180
	163	184
	164	185
	167	186
	168	187
	171	189
	172	190
	173	191
	174	192
	176	193
	180	195
	184	201
	186	202
	187	206
	188	207
	190	209
	192	213
	193	219
	194	223
	196	241
	197	229
	198	231
	199	234
	200	235
	201	236
	205	256
	206	257
	207	258
	209	260
	210	265
	211	266
	216	276
	217	292
	218	293
	219	294
	220	295
	222	296
	227	302
	228	303
	231	306
	232	307
	233	308
	234	309
	235	310
	237	312
	238	313
	240	316
	242	319
	244	320
	245	321
	247	322
	248	323
	251	326
	253	327
	254	328
net/minecraft/client/renderer/entity/layers/WolfCollarLayer	32	47
	32	47
	18	18
	19	19
	24	29
	25	30
	26	47
	29	31
	14	14
	30	32
	15	15
	31	33
com/mojang/blaze3d/GpuOutOfMemoryException	6	6
	5	5
	6	6
net/minecraft/client/model/geom/ModelPart	385	400
	47	44
	48	45
	49	46
	52	49
	56	53
	60	57
	61	58
	64	61
	65	62
	68	65
	69	66
	70	67
	71	68
	72	69
	73	70
	74	71
	75	72
	76	73
	77	74
	80	77
	84	81
	85	82
	86	83
	88	85
	92	90
	93	91
	94	92
	95	93
	98	96
	99	97
	100	98
	101	99
	104	102
	105	103
	108	106
	109	121
	111	107
	112	121
	115	108
	116	109
	118	110
	119	111
	122	114
	123	115
	126	118
	127	121
	130	124
	131	125
	132	126
	133	127
	134	128
	142	131
	143	132
	144	133
	145	134
	146	135
	147	136
	148	137
	149	138
	152	141
	153	142
	156	145
	157	146
	160	149
	161	162
	164	150
	165	151
	167	152
	168	154
	169	155
	172	158
	173	159
	174	159
	177	160
	178	162
	181	165
	182	166
	183	167
	185	170
	186	171
	188	173
	191	176
	192	177
	194	179
	197	182
	201	186
	205	190
	206	191
	207	192
	208	193
	211	196
	212	197
	213	198
	214	199
	217	202
	218	203
	219	204
	220	205
	223	208
	224	209
	225	210
	226	211
	230	215
	231	216
	232	217
	233	218
	237	222
	238	223
	240	226
	241	227
	243	229
	255	257
	256	258
	257	259
	258	260
	259	261
	260	262
	261	263
	263	264
	264	265
	265	266
	267	267
	268	268
	269	269
	270	270
	271	271
	272	272
	274	273
	275	274
	276	275
	277	276
	280	279
	281	280
	282	281
	283	282
	285	283
	286	284
	287	285
	288	286
	290	287
	291	288
	292	289
	293	290
	294	291
	295	292
	297	293
	298	294
	299	295
	301	296
	302	297
	303	298
	305	301
	306	302
	309	305
	310	306
	312	309
	313	310
	315	313
	316	314
	318	317
	319	318
	321	320
	324	323
	325	324
	326	326
	327	327
	328	328
	329	329
	330	330
	332	332
	333	333
	334	334
	335	335
	336	336
	337	337
	340	340
	345	358
	347	359
	348	360
	349	361
	350	362
	351	363
	352	364
	354	365
	355	366
	356	368
	357	369
	358	370
	359	371
	362	374
	365	377
	373	388
	377	392
	381	396
	385	400
com/mojang/realmsclient/client/FileUpload	154	167
	130	144
	134	148
	138	152
	146	159
	147	160
	148	161
	152	165
	153	166
	154	167
	27	29
	45	53
	46	54
	47	55
	48	56
	49	57
	50	58
	51	59
	52	60
	53	61
	55	62
	56	63
	60	67
	61	68
	64	71
	65	72
	66	73
	71	84
	73	79
	74	80
	75	81
	76	82
	80	85
	81	86
	82	87
	83	88
	84	89
	85	90
	87	91
	88	92
	89	93
	90	94
	92	97
	93	98
	95	101
	97	103
	102	109
	103	109
	109	114
	113	126
	114	127
	115	128
	117	131
	118	132
	119	133
	121	135
	122	136
	123	137
	125	139
	126	140
net/minecraft/client/particle/BreakingItemParticle	101	138
	64	65
	71	88
	72	89
	73	90
	80	106
	23	25
	87	122
	24	26
	25	27
	26	28
	27	29
	28	30
	29	31
	30	32
	94	80
	33	35
	34	36
	35	37
	37	38
	101	138
	38	39
	39	40
	40	41
	44	45
	49	50
	54	55
	59	60
com/mojang/realmsclient/dto/package-info	0	0
net/minecraft/client/gui/screens/inventory/CartographyTableScreen	106	109
	19	19
	20	20
	21	21
	22	22
	23	23
	24	24
	28	28
	29	29
	30	30
	34	34
	35	35
	36	36
	37	37
	39	38
	40	39
	41	40
	42	41
	44	42
	45	43
	48	44
	49	46
	50	47
	51	48
	52	49
	53	50
	55	51
	56	52
	59	56
	60	57
	61	58
	65	62
	68	65
	69	66
	72	77
	73	78
	75	79
	76	80
	77	81
	78	82
	79	83
	80	84
	81	85
	82	86
	83	87
	84	88
	85	89
	86	90
	88	91
	90	93
	91	94
	93	96
	96	101
	97	102
	98	103
	99	104
	101	105
	102	106
	104	107
	106	109
com/mojang/realmsclient/gui/screens/configuration/RealmsSubscriptionTab	173	176
	128	133
	131	135
	132	136
	133	137
	134	138
	136	139
	137	140
	138	141
	139	142
	140	144
	141	145
	143	146
	149	153
	150	154
	152	155
	153	156
	154	157
	155	158
	156	159
	158	162
	160	163
	161	164
	35	34
	163	165
	164	166
	166	168
	39	38
	40	39
	168	171
	41	40
	169	172
	42	41
	43	42
	44	43
	45	45
	173	176
	46	46
	61	60
	62	61
	63	62
	64	63
	66	64
	68	65
	69	66
	70	67
	72	68
	73	69
	74	70
	76	71
	77	72
	78	74
	79	76
	80	79
	82	82
	83	83
	84	85
	85	86
	86	87
	87	90
	90	93
	91	94
	92	97
	94	98
	95	99
	98	102
	99	103
	100	104
	101	106
	103	107
	104	108
	107	111
	109	114
	110	115
	111	116
	112	117
	113	118
	114	119
	115	120
	117	122
	120	125
	121	126
	125	130
	126	131
	127	132
net/minecraft/client/particle/FlyStraightTowardsParticle	99	103
	64	68
	66	69
	67	70
	68	81
	71	72
	72	73
	74	74
	75	75
	76	76
	78	77
	80	78
	81	78
	82	78
	83	78
	21	30
	85	79
	86	81
	23	31
	24	32
	25	33
	26	34
	27	35
	28	36
	92	87
	29	37
	93	88
	30	38
	31	39
	32	40
	33	41
	97	101
	34	42
	98	102
	99	103
	36	43
	37	44
	39	45
	41	46
	42	47
	43	48
	47	52
	53	57
	57	61
	62	66
	63	67
net/minecraft/client/multiplayer/resolver/package-info	0	0
net/minecraft/client/renderer/item/properties/select/LocalTime	114	93
	64	47
	65	48
	66	49
	69	52
	73	56
	75	57
	76	57
	77	57
	79	58
	80	59
	84	62
	85	63
	86	64
	25	24
	89	67
	27	25
	29	26
	94	73
	31	27
	95	74
	32	28
	96	75
	33	28
	97	76
	35	28
	100	79
	104	83
	109	88
	46	30
	47	32
	48	33
	49	34
	50	36
	114	93
	52	38
	53	39
net/minecraft/client/gui/font/glyphs/BakedSheetGlyph	250	290
	128	153
	129	154
	130	155
	132	158
	133	159
	136	170
	137	171
	138	172
	139	173
	140	174
	144	178
	149	185
	154	192
	30	41
	31	42
	32	43
	160	246
	33	44
	34	45
	35	46
	36	47
	165	251
	38	48
	39	49
	40	50
	41	51
	42	52
	170	256
	45	55
	46	55
	47	55
	175	261
	51	59
	52	59
	180	266
	56	63
	184	270
	57	65
	58	66
	59	67
	189	275
	190	276
	63	71
	64	71
	65	71
	194	280
	69	77
	70	78
	71	79
	199	285
	72	80
	73	81
	74	82
	204	290
	77	83
	79	85
	80	86
	81	87
	82	88
	83	89
	211	199
	85	102
	87	104
	216	204
	90	107
	91	108
	92	109
	221	209
	94	111
	97	124
	98	125
	226	214
	100	126
	101	127
	230	218
	103	128
	104	129
	106	130
	235	223
	108	131
	236	224
	109	132
	110	133
	111	134
	112	135
	240	228
	115	138
	245	233
	119	142
	250	238
	123	146
	127	152
net/minecraft/client/gui/screens/options/UnsupportedGraphicsWarningScreen	85	80
	66	62
	67	63
	69	64
	70	65
	71	66
	75	70
	83	78
	84	79
	85	80
	31	29
	32	30
	33	31
	34	32
	35	33
	39	37
	44	42
	45	43
	47	46
	49	47
	50	48
	52	49
	53	50
	55	51
	57	52
	58	54
	59	55
	60	56
	62	58
net/minecraft/client/gui/font/FontSet	235	210
	130	120
	132	121
	135	124
	136	125
	137	129
	140	126
	141	127
	149	134
	151	136
	152	137
	153	138
	157	139
	158	140
	160	143
	161	144
	162	145
	164	148
	37	34
	169	153
	42	41
	170	153
	173	153
	177	157
	51	48
	181	161
	182	162
	56	53
	185	162
	187	162
	191	166
	69	62
	199	178
	200	179
	204	182
	205	183
	78	69
	79	70
	207	186
	82	73
	83	74
	84	75
	212	170
	87	78
	88	79
	89	80
	217	192
	90	81
	93	84
	94	85
	95	86
	97	87
	225	200
	98	88
	226	201
	99	89
	102	92
	230	205
	103	93
	104	95
	105	96
	106	97
	107	98
	235	210
	111	102
	112	103
	113	104
	114	105
	115	106
	116	107
	117	108
	118	109
	123	114
	125	115
net/minecraft/client/particle/BaseAshSmokeParticle	49	63
	10	27
	11	28
	12	29
	13	30
	15	31
	16	32
	17	33
	18	34
	19	35
	20	36
	21	37
	23	38
	24	39
	25	40
	26	41
	27	42
	29	43
	30	44
	31	45
	32	46
	33	47
	37	51
	42	56
	47	61
	48	62
	49	63
net/minecraft/client/gui/screens/CreateBuffetWorldScreen	159	150
	133	127
	134	128
	136	129
	137	130
	138	131
	140	133
	142	135
	146	139
	151	144
	152	145
	158	149
	159	150
	32	31
	47	43
	48	44
	49	45
	50	46
	52	47
	55	48
	56	49
	57	50
	61	54
	62	55
	66	59
	67	60
	68	61
	69	62
	70	63
	71	64
	72	65
	74	66
	76	67
	77	68
	78	69
	79	70
	80	71
	81	72
	83	73
	85	74
	86	75
	87	76
	91	80
	92	81
	93	82
	96	85
	97	86
	101	91
	102	97
	103	98
	106	101
	107	102
	108	103
	109	105
	110	106
	111	107
	112	108
	114	109
	115	110
	116	111
	120	114
	122	115
	123	116
	125	119
	126	120
com/mojang/blaze3d/platform/Monitor	86	89
	65	68
	69	72
	73	76
	77	80
	81	84
	19	19
	20	20
	21	21
	22	22
	86	89
	25	25
	26	26
	27	28
	28	29
	29	30
	30	31
	31	32
	34	36
	35	37
	36	38
	37	39
	38	40
	39	41
	40	42
	41	43
	44	46
	45	47
	47	49
	48	50
	49	51
	53	56
	57	60
	61	64
net/minecraft/client/gui/narration/NarrationSupplier	0	0
net/minecraft/client/model/animal/rabbit/package-info	0	0
net/minecraft/client/renderer/entity/OminousItemSpawnerRenderer	56	50
	34	30
	36	31
	37	32
	38	33
	42	38
	43	50
	46	39
	47	40
	48	41
	49	42
	52	45
	53	46
	54	47
	23	21
	55	48
	24	22
	56	50
	25	23
	29	26
com/mojang/realmsclient/client/RealmsClient	539	552
	513	497
	515	498
	516	518
	517	519
	520	499
	522	500
	523	504
	524	505
	525	506
	526	507
	529	510
	530	511
	531	512
	533	515
	534	516
	537	501
	538	521
	539	522
	60	533
	61	534
	62	535
	69	542
	70	543
	71	544
	72	545
	75	548
	76	549
	77	550
	78	551
	79	552
	84	58
	85	59
	86	60
	87	61
	89	62
	91	63
	145	114
	146	115
	150	119
	151	120
	152	121
	153	122
	154	123
	156	126
	157	127
	158	128
	159	129
	161	132
	162	133
	163	134
	168	139
	169	140
	170	141
	172	142
	173	143
	174	144
	177	147
	181	151
	182	152
	184	155
	186	158
	187	159
	188	160
	189	160
	190	160
	191	161
	192	162
	193	163
	194	164
	195	165
	196	166
	198	169
	202	173
	203	174
	204	175
	206	178
	207	179
	211	183
	212	184
	213	185
	217	189
	218	190
	219	191
	223	195
	224	196
	225	197
	229	201
	230	203
	231	204
	232	205
	235	209
	239	213
	240	214
	241	215
	244	218
	245	219
	246	220
	249	223
	250	224
	251	225
	255	229
	256	230
	258	233
	259	234
	260	235
	263	238
	264	238
	265	238
	267	240
	268	241
	269	242
	273	246
	274	247
	275	248
	277	249
	281	254
	282	255
	283	256
	287	260
	288	261
	289	262
	293	266
	294	267
	295	268
	296	269
	297	270
	300	273
	301	274
	302	275
	306	279
	307	280
	311	283
	312	284
	313	285
	316	283
	320	290
	321	293
	322	294
	325	297
	326	298
	327	299
	330	302
	331	303
	333	304
	334	305
	335	306
	339	310
	340	311
	341	312
	345	324
	346	327
	347	328
	348	329
	349	330
	350	331
	351	332
	354	335
	355	336
	356	337
	357	338
	361	341
	362	342
	363	343
	367	347
	368	348
	369	349
	372	352
	373	355
	374	356
	378	360
	379	361
	380	362
	384	366
	385	367
	386	368
	390	372
	391	373
	392	374
	396	378
	397	379
	398	380
	402	384
	403	385
	404	386
	408	390
	409	391
	410	392
	411	393
	415	397
	416	398
	417	399
	422	403
	426	407
	427	408
	428	409
	429	410
	430	411
	434	415
	438	419
	439	420
	440	421
	443	424
	444	427
	445	428
	449	432
	450	433
	451	434
	452	435
	453	436
	455	439
	459	443
	460	444
	461	445
	464	448
	465	449
	466	450
	469	453
	470	454
	471	455
	475	459
	476	460
	477	461
	480	464
	481	465
	482	466
	486	470
	487	471
	488	472
	491	475
	495	479
	500	484
	501	485
	502	486
	507	491
	508	492
	509	493
	510	494
com/mojang/blaze3d/textures/AddressMode	0	0
net/minecraft/client/renderer/item/properties/package-info	0	0
net/minecraft/client/renderer/entity/layers/EquipmentLayerRenderer	91	118
	64	85
	66	89
	69	93
	70	94
	71	95
	72	96
	73	97
	75	101
	78	104
	79	105
	80	106
	81	107
	83	109
	91	118
	38	36
	39	37
	40	38
	41	39
	44	52
	45	53
	48	68
	49	69
	50	101
	52	70
	53	71
	55	72
	56	74
	57	75
	58	76
	61	77
	62	80
	63	84
net/minecraft/client/model/animal/nautilus/NautilusSaddleModel	31	30
	18	16
	19	17
	20	18
	21	19
	24	22
	25	23
	27	24
	29	25
	31	30
net/minecraft/client/model/monster/strider/BabyStriderModel	51	69
	32	26
	33	27
	35	28
	36	29
	38	30
	39	32
	40	34
	43	37
	44	38
	45	39
	46	44
	47	49
	48	54
	49	59
	50	64
	51	69
	24	21
	28	22
net/minecraft/client/renderer/item/properties/numeric/CompassAngleState	143	134
	128	122
	133	126
	138	130
	139	131
	143	134
	22	21
	23	23
	24	24
	25	26
	34	34
	36	35
	37	36
	39	37
	40	38
	44	42
	45	43
	47	44
	48	45
	51	46
	55	50
	56	51
	58	54
	59	55
	63	59
	64	60
	68	62
	69	62
	70	63
	71	64
	73	67
	75	69
	78	72
	82	76
	83	78
	87	82
	88	83
	89	84
	93	88
	97	92
	101	96
	105	100
	108	103
	111	106
	114	109
	115	110
	118	113
	121	116
	124	119
	127	122
net/minecraft/client/gui/screens/inventory/BookSignScreen	119	105
	24	20
	25	21
	26	22
	27	23
	41	33
	42	34
	43	35
	44	36
	45	37
	47	38
	48	39
	52	43
	53	44
	54	45
	55	46
	56	47
	58	48
	59	49
	60	50
	61	51
	62	52
	63	53
	64	54
	65	55
	67	56
	68	57
	69	58
	70	59
	71	60
	72	61
	76	65
	77	66
	80	69
	81	70
	82	71
	86	75
	91	80
	92	81
	93	82
	94	83
	96	85
	101	91
	103	92
	104	93
	106	94
	107	95
	109	96
	110	97
	112	98
	113	99
	117	103
	118	104
	119	105
net/minecraft/client/renderer/texture/OverlayTexture	63	54
	32	23
	33	24
	38	29
	39	30
	43	34
	44	35
	47	38
	16	12
	51	42
	21	13
	22	16
	55	46
	25	18
	26	19
	27	20
	59	50
	29	21
	63	54
net/minecraft/client/renderer/entity/layers/EnderEyesLayer	19	19
	19	19
	11	11
	14	14
	15	15
net/minecraft/client/renderer/fog/package-info	0	0
net/minecraft/client/resources/metadata/texture/package-info	0	0
net/minecraft/client/gui/components/debug/DebugEntryCategory	8	7
	7	6
	8	7
com/mojang/realmsclient/util/task/ResettingWorldTask	62	63
	11	11
	19	17
	20	18
	21	19
	22	20
	28	26
	29	27
	31	31
	32	32
	35	35
	37	36
	38	37
	41	40
	43	41
	44	42
	45	43
	46	44
	48	47
	49	49
	50	50
	51	51
	53	54
	54	55
	55	56
	56	48
	58	59
	62	63
net/minecraft/client/resources/model/cuboid/CuboidFace	109	82
	65	31
	67	32
	68	33
	69	34
	71	35
	72	36
	74	37
	78	41
	82	45
	86	49
	87	50
	27	19
	91	54
	92	55
	31	23
	96	59
	97	60
	100	63
	101	64
	102	65
	105	68
	106	69
	107	70
	108	71
	109	72
	50	78
	55	82
net/minecraft/client/renderer/entity/RabbitRenderer	65	78
	64	77
	65	78
	15	15
	16	16
	18	18
	19	20
	20	22
	21	24
	22	26
	23	28
	24	30
	25	32
	28	36
	29	38
	30	40
	31	42
	32	44
	33	46
	34	48
	35	50
	39	55
	40	56
	44	59
	45	60
	48	63
	49	64
	54	68
	59	72
	60	73
	61	74
	62	75
	63	76
net/minecraft/client/gui/components/debug/DebugScreenEntryList	193	197
	128	130
	134	135
	138	139
	139	140
	142	143
	143	144
	144	145
	146	147
	149	150
	153	154
	155	155
	156	156
	157	157
	158	158
	31	30
	159	159
	160	160
	163	163
	165	164
	166	165
	167	166
	170	169
	44	41
	45	42
	46	43
	174	173
	47	44
	178	178
	51	48
	52	49
	180	183
	53	50
	181	185
	54	51
	182	186
	56	55
	184	188
	57	59
	58	60
	59	61
	187	191
	61	63
	189	192
	62	64
	190	194
	191	195
	64	66
	65	67
	193	197
	66	68
	67	69
	69	72
	70	73
	73	76
	74	77
	75	78
	78	81
	79	82
	80	83
	83	86
	84	87
	85	88
	88	91
	92	95
	96	99
	97	100
	98	101
	99	102
	100	103
	103	106
	104	107
	106	109
	107	110
	110	112
	111	113
	112	114
	114	117
	115	118
	119	120
	120	121
	122	123
	124	126
	127	129
net/minecraft/client/renderer/entity/CopperGolemRenderer	73	76
	65	68
	66	69
	67	70
	68	71
	69	72
	71	74
	73	76
	26	25
	31	29
	32	30
	33	35
	34	41
	35	42
	36	43
	37	44
	41	47
	45	51
	50	55
	55	59
	56	60
	57	61
	58	62
	59	63
	60	64
	61	65
	62	66
	63	67
com/mojang/blaze3d/platform/MessageBox	35	24
	32	21
	35	24
	25	20
net/minecraft/client/renderer/block/dispatch/multipart/KeyValueCondition	178	153
	128	128
	129	129
	130	130
	131	131
	132	132
	135	135
	136	136
	137	137
	143	143
	144	144
	145	145
	148	147
	152	152
	153	153
	26	23
	154	153
	28	24
	156	153
	31	25
	162	49
	163	50
	165	52
	38	29
	39	30
	40	31
	170	55
	171	55
	44	37
	45	38
	173	55
	46	39
	49	41
	178	60
	54	66
	55	67
	58	74
	59	75
	61	77
	65	68
	68	69
	69	69
	70	69
	73	70
	74	71
	77	80
	78	81
	79	82
	81	85
	82	86
	83	87
	86	91
	91	96
	95	100
	97	101
	98	102
	100	103
	101	104
	103	105
	105	106
	106	107
	109	110
	110	111
	111	112
	112	113
	118	118
	119	119
	120	120
	122	122
	123	123
	124	124
	125	125
net/minecraft/client/model/animal/dolphin/DolphinModel	92	70
	16	15
	23	21
	24	22
	25	23
	26	24
	27	25
	30	28
	31	29
	33	30
	34	31
	36	32
	37	33
	38	33
	39	33
	41	35
	42	36
	43	36
	44	36
	46	38
	47	40
	48	40
	49	41
	51	43
	52	45
	53	45
	54	46
	56	48
	57	50
	58	50
	59	51
	61	53
	62	53
	63	53
	64	53
	66	54
	67	55
	68	55
	69	55
	71	57
	72	57
	73	57
	77	58
	82	62
	84	63
	85	64
	87	65
	88	66
	89	67
	90	68
	92	70
com/mojang/blaze3d/shaders/package-info	0	0
net/minecraft/client/renderer/GameRenderer	875	887
	103	103
	107	105
	159	143
	160	144
	161	145
	162	146
	163	147
	164	148
	165	149
	166	150
	167	165
	168	166
	175	174
	176	175
	180	179
	181	180
	182	181
	183	182
	184	183
	185	184
	186	185
	187	186
	188	187
	189	188
	190	189
	191	190
	194	193
	198	197
	202	201
	206	205
	207	206
	210	209
	211	210
	212	211
	215	214
	216	215
	219	218
	220	219
	221	222
	222	225
	223	230
	225	232
	228	235
	229	236
	230	237
	233	240
	234	241
	235	242
	237	244
	240	247
	241	248
	242	249
	243	251
	244	252
	245	253
	246	254
	247	255
	250	258
	251	259
	252	260
	253	261
	255	263
	258	266
	260	267
	261	268
	262	269
	264	272
	265	273
	267	274
	268	275
	269	276
	270	279
	271	280
	273	277
	276	283
	277	300
	280	284
	281	285
	282	286
	283	287
	284	288
	286	290
	287	291
	290	294
	292	295
	293	296
	294	297
	295	298
	296	300
	299	303
	303	307
	305	308
	306	309
	307	310
	308	311
	311	314
	313	315
	315	316
	316	317
	318	318
	321	321
	322	322
	324	325
	325	326
	327	327
	329	328
	330	329
	331	330
	332	331
	334	333
	337	336
	338	347
	341	337
	342	338
	343	339
	344	344
	345	345
	346	347
	349	350
	350	380
	353	351
	354	352
	356	353
	357	354
	358	355
	359	356
	360	357
	362	358
	363	359
	364	360
	367	363
	368	367
	371	377
	372	378
	373	380
	376	383
	377	384
	378	384
	380	384
	385	388
	386	389
	387	390
	388	391
	390	392
	391	393
	393	394
	394	395
	396	397
	399	400
	400	401
	402	402
	404	403
	406	404
	408	405
	409	406
	411	407
	412	408
	414	409
	417	412
	418	413
	421	416
	423	417
	425	418
	426	419
	429	422
	430	423
	433	428
	434	429
	436	430
	438	441
	439	442
	441	443
	443	444
	445	445
	447	446
	449	447
	450	448
	451	449
	452	450
	455	454
	457	457
	459	458
	461	459
	462	460
	464	461
	465	462
	466	463
	467	464
	468	465
	470	466
	471	467
	473	468
	475	469
	476	470
	479	473
	481	474
	482	475
	484	476
	485	477
	486	478
	487	479
	488	480
	489	481
	490	482
	492	485
	493	486
	495	489
	496	490
	497	491
	498	492
	500	493
	502	494
	504	497
	505	498
	506	499
	508	502
	509	503
	510	504
	511	505
	513	506
	514	507
	516	508
	518	511
	519	512
	524	516
	525	517
	527	519
	528	520
	529	521
	530	522
	532	523
	534	526
	537	529
	538	530
	541	533
	542	538
	543	537
	544	550
	546	555
	547	556
	550	559
	552	560
	553	561
	556	564
	558	565
	559	566
	562	569
	563	570
	564	571
	565	572
	570	579
	571	580
	575	584
	576	585
	579	588
	581	589
	582	590
	583	591
	584	592
	585	593
	587	594
	589	597
	591	599
	592	600
	593	601
	594	602
	599	608
	601	611
	602	612
	605	615
	606	631
	609	616
	610	617
	611	631
	613	618
	615	619
	616	620
	617	631
	620	621
	621	622
	622	623
	625	625
	627	627
	628	631
	631	634
	632	635
	633	636
	634	637
	635	638
	636	639
	637	640
	638	641
	639	642
	641	644
	642	645
	645	648
	646	649
	647	650
	648	651
	649	652
	651	654
	653	656
	655	658
	658	661
	659	662
	662	665
	663	666
	664	667
	666	668
	667	669
	668	670
	669	671
	670	672
	671	673
	672	674
	674	676
	675	677
	676	678
	680	683
	684	687
	685	688
	686	689
	688	690
	689	691
	691	692
	693	693
	694	694
	696	695
	697	696
	699	697
	700	698
	701	699
	702	700
	704	703
	706	704
	707	705
	708	706
	709	707
	710	708
	711	709
	712	710
	714	711
	715	712
	716	713
	717	714
	718	715
	721	718
	723	719
	724	720
	725	721
	727	722
	728	723
	730	724
	732	737
	733	738
	734	739
	735	741
	736	742
	738	743
	740	744
	741	745
	742	746
	743	748
	744	749
	745	750
	746	751
	748	752
	749	755
	751	757
	754	760
	755	761
	756	762
	757	763
	758	764
	759	765
	760	766
	761	767
	762	768
	765	771
	766	772
	767	773
	768	774
	769	775
	770	776
	771	777
	772	778
	773	779
	774	780
	775	781
	776	782
	777	783
	778	784
	779	785
	780	786
	781	787
	782	788
	783	789
	784	790
	785	791
	786	792
	789	795
	790	796
	791	797
	792	798
	793	806
	796	809
	797	810
	798	811
	799	812
	800	813
	803	816
	804	817
	807	820
	811	824
	815	828
	819	832
	823	836
	827	840
	832	844
	834	845
	835	846
	837	847
	838	848
	843	852
	844	853
	845	854
	846	857
	847	858
	849	861
	850	862
	855	866
	859	870
	863	874
	864	875
	866	878
	867	879
	870	882
	874	886
	875	887
net/minecraft/client/model/monster/skeleton/SkeletonModel	120	116
	20	19
	21	20
	24	23
	25	24
	27	25
	28	26
	32	30
	33	31
	34	31
	35	31
	37	33
	38	34
	39	34
	40	34
	42	36
	43	37
	44	37
	45	37
	47	39
	48	40
	49	40
	50	40
	52	42
	55	45
	56	46
	57	47
	58	50
	59	52
	60	54
	61	56
	63	58
	64	61
	65	63
	66	65
	67	67
	68	68
	69	70
	70	70
	71	71
	73	73
	74	75
	75	75
	76	76
	78	78
	79	80
	80	80
	81	81
	83	83
	84	85
	85	85
	86	86
	88	88
	93	92
	95	93
	96	94
	97	95
	98	96
	99	97
	100	98
	101	99
	102	100
	103	101
	104	102
	105	103
	106	104
	108	105
	110	107
	114	110
	115	111
	116	112
	117	113
	118	114
	119	115
	120	116
net/minecraft/client/model/EntityModel	20	19
	16	15
	19	18
	20	19
	15	14
net/minecraft/client/gui/screens/worldselection/OptimizeWorldScreen	143	163
	129	149
	130	151
	131	152
	132	153
	133	154
	136	157
	138	158
	139	159
	140	160
	141	161
	143	163
	35	34
	37	35
	38	37
	39	38
	40	39
	41	40
	42	41
	49	50
	50	51
	52	52
	53	53
	54	54
	55	55
	57	58
	58	67
	59	63
	60	64
	61	65
	62	83
	63	79
	64	84
	65	85
	66	86
	71	98
	72	99
	73	100
	74	101
	78	105
	80	106
	81	107
	82	108
	83	109
	84	110
	88	114
	89	115
	91	117
	95	121
	100	126
	101	127
	105	131
	106	132
	107	133
	111	137
	113	138
	115	139
	116	140
	117	141
	118	142
	120	143
	122	144
	123	145
	125	146
	126	147
	127	148
net/minecraft/client/model/animal/chicken/package-info	0	0
net/minecraft/client/renderer/entity/ZombieVillagerRenderer	59	59
	32	35
	34	37
	35	38
	37	41
	41	44
	14	13
	46	48
	15	14
	18	17
	51	52
	20	19
	52	53
	21	20
	53	54
	54	55
	55	56
	26	24
	27	27
	59	59
	28	28
	29	29
	31	32
net/minecraft/client/resources/server/ServerPackManager	402	378
	256	172
	259	175
	261	176
	262	177
	263	178
	264	179
	266	181
	272	187
	273	188
	274	189
	275	190
	276	191
	278	192
	279	193
	283	198
	284	199
	289	202
	290	203
	291	205
	292	206
	296	207
	297	208
	300	211
	301	212
	302	213
	306	218
	307	219
	52	32
	308	221
	53	33
	309	222
	54	34
	55	35
	311	225
	56	36
	57	37
	313	228
	60	40
	61	41
	317	232
	318	233
	319	234
	321	236
	322	237
	324	238
	327	241
	328	242
	329	243
	330	244
	76	341
	333	247
	77	342
	334	248
	78	343
	335	249
	79	344
	336	250
	80	345
	81	346
	339	252
	87	351
	344	257
	88	352
	345	258
	346	259
	347	260
	351	264
	352	265
	355	268
	358	271
	359	272
	360	273
	361	274
	364	278
	108	366
	365	279
	109	367
	110	368
	367	282
	111	369
	368	283
	114	372
	115	373
	372	287
	117	375
	374	288
	375	290
	376	291
	120	378
	377	300
	379	296
	380	297
	381	298
	126	44
	382	293
	127	45
	128	46
	385	304
	131	49
	388	306
	389	307
	134	52
	390	308
	135	53
	136	57
	394	312
	139	55
	140	57
	398	316
	143	60
	144	61
	145	75
	402	320
	150	65
	151	66
	152	67
	155	70
	156	71
	157	72
	158	73
	159	75
	163	78
	165	79
	167	80
	168	81
	171	84
	172	85
	175	88
	176	89
	177	90
	180	93
	181	94
	182	95
	185	99
	189	103
	190	104
	191	105
	192	106
	194	108
	197	111
	198	112
	200	115
	201	116
	204	119
	206	121
	207	122
	208	123
	212	127
	213	128
	216	131
	217	133
	218	134
	219	135
	222	139
	223	140
	226	143
	228	144
	231	147
	232	148
	233	149
	236	152
	237	153
	240	156
	241	157
	244	158
	247	161
	248	162
	249	163
	250	164
	252	167
	254	169
net/minecraft/client/animation/definitions/CamelBabyAnimation	673	1007
	10	9
	11	11
	12	15
	13	16
	14	17
	16	20
	17	24
	18	25
	19	26
	20	27
	21	28
	23	31
	24	35
	25	36
	27	39
	28	43
	29	44
	30	45
	32	48
	33	52
	34	53
	35	54
	36	55
	38	58
	39	62
	40	63
	41	64
	43	67
	44	71
	45	72
	46	73
	47	74
	49	77
	50	81
	51	82
	52	83
	53	84
	54	85
	56	88
	57	92
	58	93
	59	94
	60	95
	62	98
	63	102
	64	103
	65	104
	66	105
	67	106
	69	109
	70	113
	71	114
	72	115
	73	116
	74	117
	76	120
	77	124
	78	125
	79	126
	80	127
	81	128
	83	131
	84	135
	85	136
	86	137
	87	138
	88	139
	90	142
	91	146
	92	147
	93	148
	95	151
	96	155
	97	156
	99	159
	101	160
	102	162
	103	166
	104	167
	105	168
	106	169
	107	170
	108	171
	109	172
	111	175
	112	179
	113	180
	114	181
	115	182
	116	183
	117	184
	118	185
	119	186
	120	187
	122	190
	123	194
	124	195
	125	196
	126	197
	127	198
	128	199
	129	200
	130	201
	131	202
	132	203
	133	204
	134	205
	136	208
	137	212
	138	213
	139	214
	140	215
	141	216
	142	217
	143	218
	144	219
	145	220
	146	221
	147	222
	148	223
	149	224
	150	225
	151	226
	153	229
	154	233
	155	234
	156	235
	157	236
	158	237
	159	238
	160	239
	161	240
	162	241
	163	242
	164	243
	165	244
	166	245
	168	248
	169	252
	170	253
	171	254
	172	255
	173	256
	174	257
	175	258
	176	259
	177	260
	178	261
	179	262
	180	263
	181	264
	182	265
	184	268
	185	272
	186	273
	187	274
	188	275
	189	276
	190	277
	191	278
	192	279
	193	280
	194	281
	195	282
	196	283
	197	284
	198	285
	200	288
	201	292
	202	293
	203	294
	204	295
	205	296
	206	297
	207	298
	208	299
	209	300
	210	301
	211	302
	212	303
	213	304
	214	305
	216	308
	217	312
	218	313
	219	314
	220	315
	221	316
	222	317
	223	318
	224	319
	225	320
	226	321
	227	322
	228	323
	229	324
	231	327
	232	331
	233	332
	234	333
	235	334
	236	335
	237	336
	238	337
	239	338
	240	339
	241	340
	242	341
	243	342
	244	343
	245	344
	247	347
	248	351
	249	352
	250	353
	251	354
	252	355
	253	356
	254	357
	256	360
	257	364
	258	365
	259	366
	260	367
	261	368
	263	371
	264	375
	265	376
	266	377
	267	378
	268	379
	269	380
	270	381
	271	382
	272	383
	273	384
	274	385
	275	386
	276	387
	277	388
	279	391
	280	395
	281	396
	282	397
	283	398
	284	399
	285	400
	286	401
	287	402
	289	405
	290	409
	291	410
	292	411
	293	412
	294	413
	295	414
	296	415
	297	416
	298	417
	299	418
	301	421
	302	425
	303	426
	304	427
	305	428
	307	431
	308	435
	309	436
	310	437
	311	438
	312	439
	313	440
	314	441
	315	442
	316	443
	317	444
	319	447
	320	451
	321	452
	322	453
	323	454
	325	457
	327	458
	328	460
	329	464
	330	465
	332	468
	333	471
	335	474
	336	478
	337	479
	338	480
	339	481
	340	482
	342	485
	343	489
	344	490
	345	491
	346	492
	347	493
	349	496
	350	500
	351	501
	353	504
	354	508
	355	509
	356	510
	357	511
	358	512
	360	515
	361	518
	363	521
	364	525
	365	526
	366	527
	367	528
	368	529
	370	532
	371	535
	373	538
	374	542
	375	543
	376	544
	377	545
	378	546
	380	549
	381	552
	383	555
	384	559
	385	560
	386	561
	387	562
	388	563
	390	566
	391	569
	393	572
	394	576
	395	577
	397	580
	398	584
	399	585
	401	588
	403	589
	404	591
	405	595
	406	596
	407	597
	408	598
	410	601
	411	605
	412	606
	413	607
	415	610
	416	614
	417	615
	418	616
	419	617
	420	618
	421	619
	422	620
	424	623
	425	627
	426	628
	427	629
	428	630
	429	631
	430	632
	431	633
	433	636
	434	639
	436	642
	438	643
	439	645
	440	649
	441	650
	442	651
	443	652
	444	653
	445	654
	446	655
	447	656
	448	657
	449	658
	451	661
	452	665
	453	666
	454	667
	455	668
	456	669
	457	670
	458	671
	459	672
	460	673
	461	674
	462	675
	464	678
	465	682
	466	683
	467	684
	468	685
	469	686
	470	687
	471	688
	472	689
	473	690
	475	693
	476	697
	477	698
	478	699
	479	700
	480	701
	481	702
	482	703
	483	704
	484	705
	485	706
	486	707
	488	710
	489	714
	490	715
	491	716
	492	717
	493	718
	494	719
	495	720
	496	721
	497	722
	499	725
	500	729
	501	730
	502	731
	503	732
	504	733
	505	734
	506	735
	507	736
	508	737
	509	738
	510	739
	512	742
	513	746
	514	747
	515	748
	516	749
	517	750
	518	751
	519	752
	520	753
	522	756
	523	760
	524	761
	525	762
	526	763
	527	764
	528	765
	529	766
	531	769
	532	773
	533	774
	534	775
	535	776
	536	777
	537	778
	538	779
	539	780
	541	783
	542	787
	543	788
	544	789
	545	790
	546	791
	547	792
	548	793
	549	794
	551	797
	552	801
	553	802
	554	803
	555	804
	556	805
	557	806
	558	807
	559	808
	560	809
	561	810
	563	813
	564	817
	565	818
	566	819
	567	820
	568	821
	569	822
	570	823
	572	826
	573	830
	574	831
	575	832
	576	833
	577	834
	578	835
	579	836
	581	839
	582	843
	583	844
	584	845
	586	848
	587	852
	588	853
	589	854
	590	855
	591	856
	592	857
	593	858
	595	861
	596	864
	598	867
	599	871
	600	872
	601	873
	602	874
	603	875
	604	876
	605	877
	607	880
	608	883
	610	886
	612	887
	613	889
	614	892
	616	895
	617	898
	619	901
	620	904
	622	907
	623	910
	625	913
	626	916
	628	919
	629	922
	631	925
	632	928
	634	931
	635	934
	637	937
	638	940
	640	943
	641	946
	643	949
	644	952
	646	955
	647	958
	649	961
	650	964
	652	967
	653	970
	655	973
	656	976
	658	979
	659	982
	661	985
	662	988
	664	991
	665	994
	667	997
	668	1000
	670	1003
	671	1005
	673	1007
net/minecraft/client/renderer/entity/GlowSquidRenderer	30	25
	16	15
	17	16
	21	20
	26	24
	27	25
	12	11
	28	25
	13	12
	30	25
net/minecraft/client/renderer/entity/layers/ArrowLayer	19	25
	19	25
	14	15
	15	21
net/minecraft/client/renderer/blockentity/state/BellRenderState	0	0
net/minecraft/client/renderer/block/BlockModelSet	39	34
	32	28
	37	32
	38	33
	39	34
	25	22
	26	23
	27	24
	28	25
net/minecraft/client/renderer/entity/state/CopperGolemRenderState	10	10
	9	9
	10	10
net/minecraft/client/model/animal/turtle/TurtleModel	44	38
	32	26
	33	27
	34	28
	35	29
	37	31
	38	32
	39	33
	40	34
	41	35
	42	36
	44	38
	15	13
	16	14
	20	17
	22	18
	23	19
	25	20
	26	21
	27	22
	28	23
	29	24
	30	25
net/minecraft/client/renderer/debug/WaterDebugRenderer	57	52
	32	33
	33	34
	35	35
	36	36
	37	36
	38	36
	39	36
	41	36
	42	37
	46	42
	47	43
	48	44
	49	45
	50	47
	52	47
	22	21
	54	48
	23	22
	57	52
	27	28
	28	29
	30	31
	31	32
net/minecraft/client/TextureFilteringMethod	27	25
	16	15
	22	20
	23	21
	24	22
	10	10
	11	11
	27	25
	12	12
	15	14
net/minecraft/client/gui/components/debugchart/ProfilerPieChart	166	150
	128	111
	131	114
	132	115
	134	119
	135	120
	137	123
	141	127
	142	150
	144	128
	145	129
	146	150
	21	17
	149	130
	150	131
	151	132
	152	133
	153	134
	154	135
	158	139
	159	140
	32	27
	160	141
	33	28
	161	142
	163	145
	36	31
	37	32
	166	150
	40	35
	41	36
	44	39
	45	92
	48	40
	49	41
	51	42
	52	43
	53	44
	55	45
	56	46
	57	47
	58	48
	59	49
	61	50
	62	51
	63	52
	64	53
	66	54
	67	55
	69	56
	71	57
	73	58
	75	59
	76	60
	77	61
	79	64
	81	65
	82	66
	84	68
	85	69
	88	72
	90	74
	91	75
	92	76
	93	77
	94	78
	96	80
	99	83
	100	84
	101	85
	102	86
	103	87
	104	88
	105	89
	107	92
	110	95
	112	96
	114	97
	115	98
	116	100
	117	101
	118	102
	119	103
	120	104
	121	105
	122	106
	123	107
	124	108
	127	110
net/minecraft/client/tutorial/CompletedTutorialStepInstance	5	5
	5	5
net/minecraft/client/gui/screens/recipebook/RecipeCollection	81	70
	67	57
	68	58
	70	59
	71	60
	74	62
	75	64
	76	65
	77	66
	16	14
	81	70
	25	20
	26	21
	29	24
	30	25
	31	26
	32	27
	34	29
	36	32
	37	33
	39	35
	42	38
	45	41
	49	45
	53	49
	57	53
net/minecraft/client/gui/screens/package-info	0	0
com/mojang/blaze3d/audio/ListenerTransform	9	9
	6	6
	9	9
com/mojang/blaze3d/vertex/TlsfAllocator	389	348
	258	149
	259	150
	261	151
	264	154
	265	155
	268	158
	269	159
	270	160
	272	161
	273	162
	274	163
	276	164
	277	165
	278	166
	279	167
	282	169
	286	174
	30	272
	287	175
	31	273
	288	176
	32	274
	289	177
	291	178
	35	277
	292	179
	294	180
	295	181
	39	281
	296	182
	297	183
	43	285
	300	186
	301	187
	302	188
	47	289
	304	189
	305	190
	306	191
	307	192
	309	194
	312	197
	313	198
	314	199
	315	200
	317	201
	318	202
	320	203
	321	204
	322	205
	323	206
	67	312
	68	313
	69	314
	326	209
	70	315
	327	210
	71	316
	72	317
	329	211
	73	318
	330	212
	74	319
	331	213
	332	214
	77	322
	334	216
	337	219
	81	326
	338	220
	82	327
	339	221
	341	222
	85	330
	342	223
	86	331
	344	224
	345	225
	89	334
	347	227
	93	338
	94	339
	95	340
	353	230
	354	231
	355	232
	356	233
	357	234
	358	235
	102	347
	359	236
	103	348
	363	240
	113	21
	369	245
	370	246
	371	247
	116	24
	372	249
	117	25
	373	250
	118	26
	374	251
	119	27
	375	253
	376	253
	121	28
	377	254
	122	29
	378	255
	123	30
	379	253
	124	31
	125	32
	126	33
	382	258
	129	36
	386	262
	388	263
	133	40
	389	264
	134	41
	137	44
	141	48
	145	52
	149	56
	153	60
	154	61
	155	62
	156	63
	158	65
	159	66
	160	67
	161	68
	166	73
	167	74
	168	75
	169	76
	172	79
	176	83
	178	84
	179	85
	180	86
	182	89
	184	90
	185	91
	186	92
	187	93
	190	96
	191	97
	193	98
	194	99
	196	102
	197	103
	200	106
	201	107
	202	108
	204	109
	205	110
	206	111
	210	115
	213	118
	214	119
	215	120
	216	121
	218	122
	219	123
	220	124
	221	125
	224	128
	225	129
	227	130
	228	131
	230	133
	235	136
	238	137
	240	138
	241	139
	243	140
	244	141
	245	142
	249	143
	250	144
	251	145
	253	146
	254	147
	255	148
net/minecraft/client/gui/components/spectator/package-info	0	0
net/minecraft/client/particle/FlyTowardsPositionParticle	146	175
	130	149
	131	149
	139	157
	140	158
	144	172
	145	174
	146	175
	20	21
	21	22
	24	36
	25	37
	26	38
	27	39
	29	40
	30	41
	31	42
	32	43
	33	44
	34	45
	35	46
	36	47
	37	48
	38	49
	39	50
	40	51
	42	52
	44	53
	45	54
	46	55
	47	56
	49	57
	51	58
	52	59
	56	63
	57	63
	59	63
	64	68
	65	69
	66	70
	70	74
	71	75
	73	78
	74	79
	75	80
	76	81
	81	86
	82	87
	83	88
	85	89
	86	90
	87	101
	90	92
	91	93
	93	94
	94	95
	95	96
	96	97
	97	98
	98	99
	99	101
	103	105
	104	106
	105	107
	111	113
	112	114
	116	127
	117	127
	125	135
	126	136
net/minecraft/client/gui/screens/inventory/MerchantScreen	356	320
	257	225
	260	230
	261	231
	262	232
	264	234
	265	235
	267	236
	269	238
	272	241
	277	246
	22	21
	278	247
	23	22
	24	23
	25	24
	281	250
	26	25
	282	251
	27	26
	283	252
	28	27
	284	253
	29	28
	30	29
	286	256
	31	30
	291	261
	293	262
	294	263
	295	264
	296	265
	298	266
	299	267
	301	268
	303	269
	305	271
	310	277
	55	49
	311	278
	56	50
	313	279
	314	279
	315	279
	317	280
	319	283
	64	57
	65	58
	66	59
	324	288
	69	62
	325	289
	70	63
	71	64
	72	65
	76	69
	332	296
	333	297
	78	70
	334	298
	79	71
	335	299
	81	72
	82	74
	338	302
	83	75
	84	76
	85	77
	86	78
	342	306
	343	307
	88	80
	344	308
	345	309
	90	81
	346	310
	347	311
	92	83
	348	312
	349	313
	351	315
	96	87
	352	316
	97	88
	353	317
	98	89
	99	90
	100	91
	356	320
	101	92
	103	94
	105	97
	107	98
	108	99
	109	100
	113	104
	114	105
	115	106
	117	107
	119	108
	120	109
	121	110
	122	111
	123	112
	126	115
	127	116
	128	117
	131	120
	134	123
	135	124
	137	125
	138	140
	142	126
	144	127
	145	128
	146	140
	149	129
	150	130
	151	131
	154	132
	155	133
	156	134
	157	135
	158	136
	160	140
	163	143
	164	144
	165	145
	166	146
	167	147
	168	148
	169	149
	171	150
	173	153
	174	154
	175	155
	176	156
	177	157
	181	160
	183	162
	187	166
	189	167
	190	168
	191	169
	192	170
	194	171
	195	172
	197	173
	199	174
	200	176
	201	177
	202	195
	206	178
	207	179
	208	180
	209	181
	211	182
	213	183
	215	184
	216	185
	217	186
	220	189
	222	190
	223	191
	225	192
	226	193
	229	199
	230	200
	232	201
	233	202
	236	205
	237	206
	240	209
	241	210
	242	211
	244	214
	247	217
	250	220
	252	221
	255	223
net/minecraft/client/data/models/WaypointStyleProvider	62	67
	32	35
	33	36
	36	40
	39	45
	40	46
	41	47
	42	48
	43	49
	44	50
	47	54
	51	57
	52	58
	53	59
	22	23
	54	60
	23	24
	56	62
	57	63
	26	27
	29	32
	30	33
	62	67
	31	34
net/minecraft/client/renderer/rendertype/LayeringTransform	35	30
	16	22
	33	16
	34	16
	35	17
	20	26
	24	30
	27	11
	29	13
	30	13
	14	20
	31	14
	15	21
net/minecraft/client/renderer/blockentity/BannerRenderer	170	246
	128	173
	129	174
	130	175
	131	176
	132	177
	135	193
	137	205
	138	206
	139	207
	140	208
	142	210
	145	224
	146	225
	147	228
	150	231
	151	232
	152	233
	153	234
	154	235
	157	238
	159	238
	166	242
	170	246
	43	42
	44	43
	46	45
	60	54
	61	55
	64	58
	65	59
	68	62
	69	63
	70	64
	71	65
	72	66
	73	67
	77	70
	82	80
	83	81
	84	82
	86	83
	87	84
	88	85
	89	86
	91	88
	92	89
	95	92
	96	93
	98	94
	99	95
	102	98
	103	99
	104	100
	109	106
	110	107
	111	108
	117	114
	118	115
	119	117
	120	130
	121	131
	124	144
	125	157
net/minecraft/client/telemetry/TelemetryEventSender	13	13
	10	10
	11	11
	12	12
	13	13
net/minecraft/client/model/animal/allay/AllayModel	113	124
	33	31
	40	32
	43	35
	44	36
	46	37
	47	38
	48	41
	49	46
	50	50
	51	55
	52	60
	53	65
	55	70
	60	74
	62	75
	63	76
	64	77
	65	78
	66	79
	67	80
	68	81
	69	82
	71	83
	72	84
	73	85
	74	86
	75	87
	76	88
	77	89
	78	90
	79	91
	80	92
	82	94
	83	95
	86	98
	87	99
	88	100
	89	101
	90	102
	91	103
	92	104
	93	105
	94	106
	95	107
	96	108
	97	109
	98	110
	99	111
	100	112
	101	113
	105	116
	106	117
	107	118
	108	119
	109	120
	110	121
	111	122
	112	123
	113	124
net/minecraft/client/gui/screens/inventory/BrewingStandScreen	55	52
	15	12
	16	13
	17	14
	18	15
	19	16
	22	19
	23	20
	27	24
	28	25
	29	26
	33	30
	34	31
	35	32
	36	33
	37	34
	38	35
	39	36
	40	37
	43	40
	44	41
	45	42
	46	43
	47	44
	50	47
	51	48
	52	49
	55	52
net/minecraft/client/sounds/package-info	0	0
net/minecraft/client/renderer/entity/TippableArrowRenderer	29	26
	17	16
	22	20
	8	8
	9	9
	27	24
	12	12
	28	25
	13	13
	29	26
net/minecraft/client/renderer/texture/TextureAtlasSprite	122	127
	66	65
	70	69
	71	70
	75	74
	79	78
	83	82
	84	83
	88	87
	29	29
	93	92
	30	30
	31	31
	32	32
	33	33
	97	96
	98	97
	35	34
	36	35
	37	36
	101	100
	38	37
	39	38
	105	104
	42	41
	109	110
	46	45
	110	111
	111	112
	112	115
	113	118
	50	49
	114	119
	115	120
	117	122
	54	53
	121	126
	58	57
	122	127
	62	61
com/mojang/blaze3d/systems/GpuQuery	0	0
net/minecraft/client/renderer/entity/layers/package-info	0	0
com/mojang/blaze3d/platform/cursor/CursorTypes	13	11
	6	4
	7	5
	8	6
	9	7
	10	8
	11	9
	12	10
	13	11
net/minecraft/client/gui/screens/options/VideoSettingsScreen	274	262
	256	244
	257	245
	258	246
	259	247
	260	248
	263	251
	266	254
	267	255
	268	256
	269	257
	270	258
	271	259
	274	262
	26	25
	28	26
	29	28
	30	30
	31	31
	32	32
	33	33
	34	34
	35	35
	38	42
	39	43
	40	44
	42	45
	43	46
	45	47
	46	48
	48	49
	49	50
	51	51
	52	52
	54	53
	55	54
	57	55
	58	56
	60	57
	61	58
	63	59
	68	64
	69	65
	70	66
	72	67
	73	68
	75	69
	76	70
	77	71
	82	76
	83	76
	84	76
	86	76
	87	76
	97	80
	98	81
	100	82
	101	83
	103	84
	106	87
	107	88
	108	89
	109	90
	113	94
	115	95
	116	96
	118	98
	119	99
	121	101
	122	102
	125	106
	127	107
	129	109
	130	110
	132	113
	133	114
	136	117
	137	119
	139	126
	140	127
	142	129
	143	132
	145	130
	146	132
	149	134
	150	135
	151	136
	153	137
	154	138
	155	139
	157	140
	158	141
	159	142
	163	146
	164	147
	166	150
	167	151
	171	155
	172	156
	173	157
	177	161
	178	164
	179	165
	181	168
	182	169
	186	173
	187	174
	189	175
	191	176
	192	177
	193	178
	194	179
	197	182
	198	183
	199	184
	200	185
	203	188
	204	189
	205	190
	206	191
	209	194
	211	198
	212	199
	214	200
	215	201
	216	202
	219	203
	220	204
	221	205
	222	206
	223	207
	226	212
	228	214
	233	220
	234	221
	235	222
	236	223
	237	224
	238	225
	239	226
	240	227
	241	228
	242	229
	243	230
	244	231
	245	232
	249	237
	251	239
com/mojang/realmsclient/client/worldupload/RealmsUploadException	12	12
	8	8
	12	12
net/minecraft/client/multiplayer/resolver/ServerNameResolver	37	31
	32	25
	34	26
	37	29
	8	8
	16	16
	17	17
	18	18
	19	19
	23	22
	26	23
	27	23
	28	31
	31	24
net/minecraft/client/tutorial/TutorialStepInstance	33	33
	33	33
	18	18
	21	21
	24	24
	27	27
	12	12
	30	30
	15	15
net/minecraft/client/renderer/state/gui/ScreenArea	0	0
com/mojang/blaze3d/platform/ClipboardManager	48	45
	32	29
	35	32
	37	33
	38	34
	39	35
	41	37
	43	40
	45	42
	16	14
	48	45
	19	17
	20	18
	21	19
	22	19
	27	24
	28	25
	29	26
	30	27
	31	28
net/minecraft/client/animation/definitions/ArmadilloAnimation	484	683
	10	9
	11	10
	12	14
	13	15
	15	18
	16	22
	17	23
	18	24
	19	25
	20	26
	22	29
	23	33
	24	34
	26	37
	27	41
	28	42
	29	43
	30	44
	32	47
	33	51
	34	52
	35	53
	37	56
	38	60
	39	61
	40	62
	41	63
	42	64
	43	65
	45	68
	46	72
	47	73
	49	76
	50	80
	51	81
	52	82
	53	83
	54	84
	55	85
	57	88
	58	92
	59	93
	61	96
	62	100
	63	101
	64	102
	65	103
	66	104
	67	105
	69	108
	70	112
	71	113
	72	114
	73	115
	75	118
	76	122
	77	123
	78	124
	79	125
	80	126
	81	127
	83	130
	84	134
	85	135
	86	136
	87	137
	89	140
	90	144
	91	145
	92	146
	93	147
	94	148
	95	149
	97	152
	98	156
	99	157
	100	158
	101	159
	102	160
	104	163
	105	167
	106	168
	107	169
	108	170
	109	171
	110	172
	111	173
	112	174
	114	177
	116	178
	117	180
	118	184
	119	185
	120	186
	121	187
	122	188
	123	189
	124	190
	125	191
	126	192
	128	195
	129	199
	130	200
	131	201
	132	202
	133	203
	134	204
	135	205
	137	208
	138	212
	139	213
	140	214
	141	215
	142	216
	144	219
	145	223
	146	224
	147	225
	148	226
	149	227
	150	228
	151	229
	153	232
	154	236
	155	237
	156	238
	157	239
	158	240
	159	241
	161	244
	162	248
	163	249
	164	250
	165	251
	166	252
	167	253
	168	254
	170	257
	171	261
	172	262
	173	263
	174	264
	175	265
	176	266
	177	267
	179	270
	180	274
	181	275
	182	276
	183	277
	184	278
	185	279
	186	280
	188	283
	189	287
	190	288
	191	289
	192	290
	193	291
	194	292
	195	293
	197	296
	198	300
	199	301
	200	302
	201	303
	202	304
	203	305
	204	306
	206	309
	207	313
	208	314
	209	315
	210	316
	211	317
	212	318
	214	321
	215	325
	216	326
	217	327
	218	328
	219	329
	220	330
	221	331
	223	334
	225	335
	226	336
	227	340
	228	341
	229	342
	230	343
	231	344
	232	345
	233	346
	234	347
	235	348
	236	349
	237	350
	238	351
	240	354
	241	358
	242	359
	243	360
	244	361
	245	362
	246	363
	247	364
	248	365
	249	366
	250	367
	251	368
	252	369
	253	370
	254	371
	255	372
	257	375
	258	378
	260	381
	261	384
	263	387
	264	391
	265	392
	266	393
	267	394
	268	395
	269	396
	270	397
	272	400
	273	404
	274	405
	275	406
	276	407
	277	408
	278	409
	279	410
	280	411
	281	412
	283	415
	284	419
	285	420
	286	421
	287	422
	288	423
	289	424
	290	425
	292	428
	293	432
	294	433
	295	434
	296	435
	297	436
	298	437
	299	438
	300	439
	301	440
	303	443
	304	447
	305	448
	306	449
	307	450
	308	451
	309	452
	310	453
	311	454
	312	455
	313	456
	314	457
	316	460
	317	464
	318	465
	319	466
	320	467
	321	468
	322	469
	323	470
	324	471
	325	472
	326	473
	328	476
	330	477
	331	478
	332	482
	333	483
	334	484
	335	485
	336	486
	337	487
	338	488
	339	489
	340	490
	341	491
	342	492
	344	495
	345	499
	346	500
	347	501
	348	502
	349	503
	350	504
	351	505
	352	506
	353	507
	354	508
	355	509
	356	510
	357	511
	358	512
	359	513
	360	514
	361	515
	362	516
	364	519
	365	523
	366	524
	367	525
	368	526
	369	527
	371	530
	372	534
	373	535
	374	536
	375	537
	376	538
	377	539
	379	542
	380	546
	381	547
	382	548
	383	549
	384	550
	386	553
	387	557
	388	558
	389	559
	390	560
	391	561
	392	562
	393	563
	395	566
	396	570
	397	571
	398	572
	399	573
	400	574
	401	575
	402	576
	403	577
	404	578
	405	579
	407	582
	408	586
	409	587
	410	588
	411	589
	412	590
	413	591
	414	592
	415	593
	416	594
	417	595
	418	596
	420	599
	421	603
	422	604
	423	605
	424	606
	425	607
	426	608
	427	609
	428	610
	429	611
	430	612
	432	615
	433	619
	434	620
	435	621
	436	622
	437	623
	438	624
	439	625
	440	626
	441	627
	442	628
	443	629
	444	630
	445	631
	446	632
	448	635
	449	639
	450	640
	451	641
	452	642
	453	643
	454	644
	455	645
	456	646
	457	647
	458	648
	459	649
	461	652
	462	656
	463	657
	464	658
	465	659
	466	660
	467	661
	468	662
	469	663
	470	664
	471	665
	472	666
	473	667
	474	668
	476	671
	477	675
	478	676
	479	677
	480	678
	481	679
	482	680
	484	683
net/minecraft/client/animation/KeyframeAnimation	102	89
	66	60
	67	61
	68	63
	69	64
	71	66
	74	69
	75	70
	20	17
	21	18
	22	19
	86	75
	87	76
	25	22
	89	77
	26	23
	90	78
	28	25
	92	79
	29	26
	30	27
	94	81
	95	82
	32	28
	33	29
	97	84
	34	30
	100	87
	37	33
	101	88
	38	34
	102	89
	42	38
	46	42
	47	43
	50	46
	51	47
	52	48
	53	49
	56	52
	57	53
	60	56
	61	56
	63	57
net/minecraft/client/resources/sounds/Sound	105	112
	65	72
	68	75
	72	79
	12	12
	76	83
	80	87
	84	96
	85	97
	24	32
	25	33
	26	34
	90	102
	27	35
	91	103
	28	36
	29	37
	30	38
	94	106
	31	39
	95	107
	32	40
	96	108
	35	43
	99	112
	39	47
	105	92
	43	51
	47	55
	52	60
	57	64
	62	69
	63	70
com/mojang/blaze3d/platform/FramerateLimitTracker	76	69
	66	59
	67	60
	71	64
	72	65
	75	68
	76	69
	29	21
	30	22
	31	23
	32	24
	35	27
	36	28
	37	29
	38	30
	39	31
	40	32
	45	37
	46	38
	47	39
	49	42
	50	43
	51	44
	52	45
	54	48
	55	49
	58	53
	59	55
	61	54
net/minecraft/client/renderer/blockentity/ShelfRenderer	89	94
	64	65
	67	68
	70	78
	72	79
	74	80
	75	81
	76	82
	77	83
	78	84
	80	85
	81	86
	82	87
	83	88
	85	91
	87	92
	88	93
	89	94
	30	29
	31	30
	35	33
	40	43
	41	44
	42	45
	44	46
	45	47
	47	49
	48	50
	49	51
	50	52
	51	53
	52	54
	55	57
	59	60
	61	62
	62	63
	63	64
net/minecraft/client/renderer/special/BannerSpecialRenderer	60	75
	32	63
	33	64
	34	66
	38	71
	43	75
	49	30
	54	42
	55	53
	25	24
	26	25
	27	26
	59	57
	28	27
	60	58
	31	61
net/minecraft/client/renderer/entity/IllagerRenderer	27	27
	12	13
	13	14
	14	15
	18	18
	19	19
	20	20
	21	21
	22	22
	23	23
	24	24
	25	25
	26	26
	27	27
net/minecraft/client/color/item/GrassColorSource	32	32
	32	32
	17	22
	18	23
	20	13
	21	15
	22	16
	23	18
	27	27
net/minecraft/client/model/object/projectile/WindChargeModel	51	52
	32	29
	34	30
	36	31
	37	34
	38	36
	40	40
	41	42
	43	45
	48	49
	49	50
	50	51
	51	52
	24	21
	25	22
	26	23
	27	24
	28	25
	31	28
com/mojang/blaze3d/opengl/GlShaderModule	40	40
	32	32
	36	36
	40	40
	9	9
	16	15
	17	16
	18	17
	19	18
	23	22
	24	23
	26	26
	27	27
	28	28
	29	29
net/minecraft/client/renderer/blockentity/BellRenderer	47	50
	32	29
	37	39
	38	40
	39	41
	40	42
	44	45
	45	46
	46	47
	47	50
	20	19
	26	24
	27	25
	28	26
com/mojang/blaze3d/pipeline/ColorTargetState	38	36
	34	32
	19	17
	22	20
	38	36
	23	21
	26	24
	30	28
com/mojang/blaze3d/vertex/ByteBufferBuilder	178	176
	128	127
	129	128
	130	129
	131	130
	135	134
	136	135
	137	136
	138	137
	139	138
	141	140
	14	14
	15	15
	16	16
	144	143
	145	144
	147	146
	157	155
	158	156
	159	157
	160	158
	34	29
	35	30
	163	161
	36	31
	164	162
	37	32
	38	33
	166	164
	39	34
	41	36
	171	170
	44	39
	172	176
	45	40
	174	171
	175	172
	48	43
	176	173
	178	176
	52	47
	53	48
	54	49
	55	50
	56	51
	60	55
	61	56
	62	57
	64	60
	65	61
	66	62
	68	64
	71	67
	72	68
	74	69
	75	70
	76	71
	77	72
	79	75
	80	76
	83	79
	84	80
	85	81
	86	82
	87	83
	88	86
	90	87
	92	90
	93	91
	94	92
	98	96
	99	97
	101	100
	102	101
	105	104
	106	105
	107	106
	108	107
	110	109
	113	112
	117	116
	118	117
	120	119
	123	122
	125	123
	126	124
com/mojang/blaze3d/opengl/GlTextureView	73	69
	66	63
	67	64
	68	65
	73	69
	20	17
	21	18
	22	19
	26	23
	31	28
	32	29
	33	30
	34	31
	35	32
	38	35
	39	36
	40	37
	44	41
	47	44
	49	45
	50	46
	53	49
	54	50
	55	51
	56	52
	59	55
	60	56
	62	59
net/minecraft/client/gui/screens/dialog/SimpleDialogScreen	25	26
	18	18
	20	19
	21	21
	22	22
	24	25
	25	26
	13	12
	14	13
net/minecraft/client/gui/components/ScrollableLayout	194	187
	129	125
	131	126
	132	127
	137	131
	141	135
	142	136
	147	143
	148	144
	149	156
	152	145
	153	146
	154	147
	155	148
	156	149
	158	150
	159	151
	32	30
	160	152
	33	31
	161	153
	34	32
	35	33
	163	156
	36	34
	37	35
	167	160
	40	38
	168	161
	41	39
	169	162
	42	40
	45	43
	173	166
	46	44
	174	167
	47	45
	175	168
	50	48
	178	171
	51	49
	52	50
	53	51
	183	176
	184	177
	57	55
	185	178
	58	56
	189	182
	62	58
	63	59
	64	60
	66	62
	194	187
	67	63
	68	64
	69	65
	73	69
	74	70
	78	74
	79	75
	83	79
	84	80
	88	84
	93	89
	98	94
	103	99
	111	107
	112	108
	113	109
	114	110
	118	114
	123	119
	125	121
	126	122
net/minecraft/client/renderer/fog/environment/LavaFogEnvironment	39	40
	33	34
	34	35
	35	36
	39	40
	18	18
	23	23
	24	24
	25	25
	26	26
	27	27
	28	28
	30	30
	31	31
net/minecraft/client/renderer/ShaderManager	270	258
	256	241
	263	258
	269	247
	270	248
	43	44
	49	48
	59	56
	60	57
	63	58
	64	59
	68	62
	70	63
	71	65
	72	66
	73	67
	74	68
	75	69
	80	73
	81	75
	82	76
	85	79
	89	89
	90	90
	91	92
	92	93
	93	94
	94	95
	95	96
	97	98
	100	101
	101	102
	108	109
	109	110
	111	112
	113	114
	114	115
	115	116
	118	119
	119	120
	122	123
	123	124
	124	125
	125	126
	126	127
	133	134
	134	136
	135	137
	136	138
	137	139
	138	140
	140	142
	143	145
	148	149
	149	150
	150	151
	152	152
	153	153
	156	155
	157	156
	158	157
	159	158
	163	162
	165	163
	166	164
	167	164
	168	164
	172	167
	173	168
	174	169
	178	172
	184	176
	185	180
	187	177
	188	178
	189	180
	193	184
	194	185
	195	186
	197	187
	198	188
	199	189
	205	195
	206	196
	207	197
	210	200
	217	252
	228	209
	229	210
	232	213
	233	214
	234	215
	236	218
	237	219
	238	220
	242	224
	243	225
	244	226
	246	229
	251	236
	252	237
	253	238
net/minecraft/client/renderer/entity/EndermiteRenderer	28	27
	18	18
	23	23
	10	10
	28	27
	13	13
	14	14
net/minecraft/client/renderer/block/dispatch/ModelState	73	20
	68	16
	73	20
	63	12
net/minecraft/client/gui/screens/PauseScreen	249	235
	40	39
	48	45
	49	46
	50	47
	51	48
	52	49
	53	50
	54	51
	55	52
	56	53
	57	54
	58	55
	60	56
	67	61
	68	62
	69	63
	72	66
	77	71
	78	72
	81	75
	82	76
	83	77
	86	80
	87	81
	89	82
	91	83
	92	83
	93	84
	94	85
	95	86
	96	86
	99	87
	100	88
	102	89
	103	90
	104	91
	106	93
	109	96
	111	97
	112	98
	114	100
	117	103
	118	105
	120	107
	121	110
	122	111
	126	117
	127	118
	129	119
	130	120
	133	123
	134	124
	136	125
	137	126
	138	127
	139	128
	141	129
	144	132
	150	136
	151	137
	152	137
	155	137
	159	141
	160	144
	161	147
	164	150
	165	151
	166	152
	167	153
	168	154
	169	155
	171	157
	175	161
	176	162
	178	164
	182	168
	184	169
	185	170
	188	173
	189	174
	191	183
	195	187
	196	188
	198	190
	201	193
	202	194
	203	194
	208	198
	212	202
	216	206
	220	211
	221	212
	222	213
	228	217
	230	218
	231	219
	232	220
	233	221
	235	222
	237	223
	238	224
	239	225
	243	229
	244	230
	248	234
	249	235
com/mojang/realmsclient/gui/RealmsNewsManager	43	41
	34	33
	35	34
	36	41
	39	35
	40	36
	41	37
	42	38
	43	39
	13	12
	14	13
	15	14
	16	15
	17	16
	20	19
	24	23
	28	27
	29	28
	30	29
	31	30
net/minecraft/client/profiling/package-info	0	0
net/minecraft/client/model/effects/SpearAnimations	175	175
	128	93
	131	94
	132	95
	134	96
	135	97
	136	99
	139	102
	143	108
	144	109
	145	134
	147	110
	20	20
	148	111
	150	112
	151	114
	152	115
	154	119
	26	158
	155	120
	27	159
	28	160
	29	161
	158	127
	30	162
	159	127
	31	163
	33	164
	162	132
	34	165
	163	134
	35	166
	36	167
	166	137
	38	168
	167	138
	39	169
	168	139
	40	170
	170	140
	42	171
	44	172
	173	141
	45	173
	174	142
	175	143
	47	175
	53	26
	55	27
	56	28
	58	29
	59	30
	62	33
	63	34
	66	35
	67	54
	70	37
	71	38
	72	54
	74	39
	76	40
	77	41
	78	42
	79	45
	80	50
	82	54
	85	59
	86	60
	87	74
	91	61
	92	62
	94	63
	95	64
	97	65
	98	66
	99	67
	100	68
	102	69
	104	72
	105	74
	108	77
	109	78
	110	79
	111	80
	112	81
	114	82
	115	83
	116	84
	117	85
	118	86
	121	89
	122	99
	124	90
	125	91
	127	92
net/minecraft/client/renderer/item/properties/select/ContextDimension	31	33
	17	17
	21	23
	26	28
	15	15
	31	33
net/minecraft/client/player/package-info	0	0
net/minecraft/client/renderer/entity/LeashKnotRenderer	38	33
	33	28
	34	29
	19	18
	20	19
	21	20
	38	33
	25	24
	27	25
	29	26
	14	14
	31	27
net/minecraft/client/renderer/block/model/properties/conditional/package-info	0	0
net/minecraft/client/renderer/blockentity/state/ChestRenderState	10	10
	7	7
	9	9
	10	10
net/minecraft/client/model/monster/creeper/CreeperModel	72	54
	64	47
	66	48
	67	49
	68	50
	69	51
	70	52
	71	53
	72	54
	24	23
	25	24
	26	25
	27	26
	28	27
	29	28
	30	29
	33	32
	34	33
	36	34
	37	34
	38	34
	39	34
	43	35
	44	35
	45	35
	46	35
	49	36
	50	36
	51	37
	52	38
	53	39
	54	40
	56	41
	61	45
	63	46
com/mojang/blaze3d/opengl/GlFence	38	27
	32	24
	34	25
	38	27
	9	6
	14	10
	15	11
	16	12
	18	14
	22	18
	24	19
	27	21
	28	22
	30	23
net/minecraft/client/renderer/RunningTrimmedMean	38	34
	32	32
	35	34
	36	34
	38	34
	9	9
	10	10
	13	13
	14	14
	16	17
	17	18
	19	19
	20	20
	22	21
	23	23
	24	24
	25	25
	26	26
	27	27
	30	30
	31	31
net/minecraft/client/renderer/entity/state/AllayRenderState	0	0
net/minecraft/client/gui/screens/inventory/AbstractFurnaceScreen	55	64
	32	39
	33	40
	37	44
	42	49
	43	50
	44	51
	45	52
	46	53
	47	54
	48	55
	49	56
	52	61
	53	62
	22	30
	54	63
	55	64
	24	31
	25	32
	26	33
	27	34
	31	38
net/minecraft/client/resources/model/geometry/UnbakedGeometry	10	10
	10	10
net/minecraft/client/renderer/special/BookSpecialRenderer	65	65
	64	44
	65	45
	34	48
	35	50
	36	51
	37	52
	38	54
	42	59
	47	63
	48	64
	49	65
	24	21
	25	22
	57	35
	26	23
	58	38
	27	24
	62	42
	63	43
com/mojang/blaze3d/audio/Listener	23	23
	16	16
	19	19
	20	20
	7	7
	23	23
	10	10
	11	11
	12	12
	13	13
	14	14
	15	15
net/minecraft/client/CameraType	28	26
	16	14
	17	15
	4	4
	20	18
	5	5
	6	6
	24	22
	9	8
	28	26
	15	13
net/minecraft/client/gui/layouts/CommonLayouts	23	22
	16	15
	20	19
	21	20
	22	21
	23	22
	13	12
net/minecraft/client/renderer/blockentity/ChestRenderer	137	124
	129	115
	68	60
	133	120
	73	70
	137	124
	75	71
	76	72
	77	73
	78	74
	79	75
	82	77
	83	78
	85	80
	88	83
	90	84
	91	85
	93	87
	97	90
	99	91
	101	92
	103	93
	40	42
	104	94
	106	95
	108	96
	109	97
	46	44
	111	98
	112	99
	115	102
	116	103
	117	104
	118	105
	55	50
	119	106
	120	107
	57	51
	122	110
	59	52
	123	111
	60	53
	124	112
	125	113
	126	115
	63	56
	127	115
net/minecraft/client/AttackIndicatorStatus	27	25
	16	15
	22	20
	23	21
	24	22
	10	10
	11	11
	27	25
	12	12
	15	14
net/minecraft/client/model/object/armorstand/package-info	0	0
net/minecraft/client/model/animal/bee/BeeModel	78	65
	66	54
	67	55
	68	56
	70	58
	73	61
	74	62
	76	63
	77	64
	78	65
	26	23
	27	24
	29	25
	30	26
	32	27
	33	28
	35	29
	36	30
	37	31
	38	32
	42	35
	45	36
	47	37
	48	38
	49	39
	50	40
	52	41
	53	42
	54	43
	56	44
	57	45
	58	46
	61	49
	62	50
	63	51
net/minecraft/client/multiplayer/CacheSlot	35	30
	17	12
	33	28
	18	13
	34	29
	35	30
	21	16
	22	17
	25	20
	26	21
	27	22
	28	23
	29	24
net/minecraft/client/renderer/feature/FeatureRenderDispatcher	99	116
	64	73
	65	74
	66	75
	67	84
	69	86
	72	89
	73	90
	75	92
	78	95
	79	96
	82	99
	83	100
	84	101
	85	102
	86	103
	89	106
	90	107
	93	110
	98	115
	35	43
	99	116
	36	44
	37	45
	38	46
	39	47
	40	48
	41	49
	42	50
	43	51
	46	54
	47	55
	48	56
	49	57
	50	58
	51	59
	52	60
	53	62
	54	63
	56	65
	59	68
	60	69
	61	70
	62	71
	63	72
net/minecraft/client/renderer/blockentity/TheEndGatewayRenderer	51	57
	32	36
	33	37
	34	38
	35	39
	37	41
	39	43
	43	46
	44	48
	46	52
	47	53
	18	18
	51	57
	22	21
	27	31
	28	32
	29	33
	30	34
	31	35
net/minecraft/client/gui/screens/DatapackLoadFailureScreen	41	45
	34	38
	35	39
	36	40
	37	41
	41	45
	18	17
	19	18
	20	19
	21	20
	25	24
	27	25
	28	27
	29	32
	30	34
net/minecraft/client/renderer/item/properties/conditional/IsUsingItem	23	22
	16	17
	18	17
	23	22
	11	11
	15	17
net/minecraft/client/gui/font/FontManager	424	414
	258	185
	259	186
	262	189
	264	190
	265	191
	268	194
	269	195
	272	198
	276	202
	278	203
	279	204
	281	205
	282	206
	284	207
	285	208
	287	209
	289	210
	290	211
	291	212
	294	213
	296	214
	298	215
	300	216
	303	219
	304	220
	305	221
	308	224
	309	226
	310	227
	55	59
	312	229
	57	61
	58	62
	315	234
	60	63
	317	236
	318	237
	319	238
	320	239
	321	240
	323	242
	324	243
	325	244
	327	246
	328	247
	74	75
	75	76
	331	251
	76	77
	77	78
	78	79
	335	255
	81	82
	82	83
	83	84
	339	259
	84	85
	343	263
	88	89
	347	267
	348	268
	349	268
	94	283
	351	268
	356	273
	100	289
	357	274
	101	291
	358	275
	359	276
	103	293
	360	277
	104	294
	361	278
	105	295
	106	297
	108	299
	364	366
	365	367
	366	368
	115	306
	125	378
	383	316
	384	317
	130	379
	387	320
	388	321
	389	322
	133	382
	134	383
	135	384
	393	326
	394	327
	138	387
	139	388
	397	330
	398	331
	142	391
	399	332
	400	333
	401	334
	146	395
	147	397
	148	398
	149	399
	150	403
	407	340
	408	341
	152	400
	409	342
	411	345
	155	406
	413	346
	414	347
	160	410
	161	411
	419	352
	420	353
	421	354
	422	355
	166	414
	424	358
	173	95
	174	96
	175	97
	179	101
	181	103
	182	104
	183	105
	184	106
	186	107
	187	109
	188	110
	189	111
	190	112
	191	112
	192	113
	193	114
	194	115
	195	115
	197	118
	201	122
	202	125
	203	128
	204	129
	206	130
	207	133
	209	136
	210	138
	211	139
	212	140
	219	158
	221	153
	222	154
	223	155
	225	156
	230	162
	232	163
	233	164
	235	165
	236	166
	241	170
	243	171
	244	173
	245	174
	249	177
	250	178
	251	185
	253	179
	254	180
net/minecraft/client/multiplayer/chat/ChatAbilities	88	86
	65	66
	69	70
	73	74
	14	13
	80	81
	81	82
	21	19
	85	86
	86	86
	23	20
	24	22
	88	86
	25	23
	27	26
	28	27
	29	28
	32	31
	33	32
	34	33
	35	34
	37	37
	38	38
	40	41
	41	42
	45	46
	49	50
	53	54
	57	58
	61	62
net/minecraft/client/model/animal/fish/PufferfishMidModel	93	81
	19	18
	20	19
	21	20
	22	21
	25	24
	26	25
	28	26
	29	27
	30	27
	31	27
	32	27
	34	28
	35	29
	36	29
	37	29
	39	31
	40	32
	41	32
	42	32
	44	34
	45	36
	46	36
	47	37
	49	39
	50	41
	51	41
	52	42
	54	44
	55	46
	56	46
	57	47
	59	49
	60	51
	61	51
	62	52
	64	54
	65	56
	66	56
	67	57
	69	59
	70	61
	71	61
	72	62
	74	64
	75	66
	76	66
	77	67
	79	69
	80	71
	81	71
	82	72
	85	74
	90	78
	91	79
	92	80
	93	81
com/mojang/realmsclient/dto/RealmsDescriptionDto	0	0
net/minecraft/client/renderer/entity/layers/PlayerItemInHandLayer	59	60
	33	36
	34	37
	35	38
	37	40
	39	43
	42	48
	44	49
	45	50
	46	51
	47	52
	48	53
	49	54
	51	55
	53	56
	54	57
	24	23
	56	58
	25	24
	58	59
	59	60
	29	35
	30	43
net/minecraft/client/gui/components/toasts/Toast	68	66
	64	62
	33	32
	67	65
	68	66
	37	36
	41	40
	45	44
	49	48
	53	52
	23	22
	56	55
	57	56
	29	28
	63	61
net/minecraft/client/model/animal/equine/BabyHorseModel	94	79
	15	13
	16	14
	19	17
	20	18
	22	19
	23	20
	24	20
	25	20
	27	22
	28	24
	29	24
	30	25
	32	27
	33	28
	34	28
	35	28
	37	30
	38	31
	39	31
	40	31
	42	33
	43	34
	44	34
	45	34
	47	36
	48	37
	49	37
	50	37
	52	39
	53	41
	54	41
	55	42
	57	44
	58	45
	59	45
	60	45
	62	47
	63	49
	64	49
	65	50
	67	52
	68	54
	69	54
	70	55
	72	57
	77	62
	82	67
	87	72
	92	77
	93	78
	94	79
net/minecraft/client/renderer/ViewArea	137	136
	131	131
	132	136
	134	132
	135	133
	137	134
	22	22
	23	23
	25	24
	26	25
	27	26
	28	27
	31	30
	32	31
	34	34
	35	35
	37	37
	38	38
	39	39
	40	40
	41	41
	45	45
	48	48
	49	49
	51	51
	54	54
	58	58
	59	59
	60	60
	61	61
	62	62
	63	63
	66	66
	70	70
	74	74
	75	75
	76	76
	78	78
	79	79
	80	80
	82	82
	83	83
	84	84
	86	85
	87	86
	88	87
	93	93
	94	94
	95	95
	98	98
	102	102
	103	103
	104	104
	106	106
	109	109
	113	113
	114	114
	115	115
	116	116
	120	120
	121	121
	123	124
	124	125
	125	126
	127	127
net/minecraft/client/renderer/block/model/properties/package-info	0	0
net/minecraft/client/renderer/debug/CollisionBoxRenderer	42	43
	32	32
	33	33
	36	36
	37	37
	38	39
	39	40
	24	22
	25	23
	42	43
	29	29
	30	30
	31	31
net/minecraft/client/renderer/blockentity/state/TestInstanceRenderState	0	0
net/minecraft/client/gui/screens/ManageServerScreen	97	102
	15	14
	16	15
	17	16
	27	25
	28	26
	29	27
	30	28
	31	29
	35	33
	36	34
	37	35
	38	36
	39	37
	41	38
	42	39
	43	40
	44	41
	45	42
	47	43
	48	45
	49	52
	51	56
	52	59
	54	61
	55	62
	59	66
	60	67
	64	71
	65	72
	66	73
	67	74
	68	75
	69	76
	72	79
	73	80
	74	81
	75	82
	76	83
	80	87
	81	88
	84	91
	85	92
	89	96
	91	97
	92	98
	93	99
	95	100
	96	101
	97	102
net/minecraft/client/renderer/entity/layers/BreezeWindLayer	32	37
	32	37
	17	16
	21	20
	22	21
	23	22
	27	32
	28	33
	29	34
net/minecraft/client/renderer/entity/PiglinRenderer	54	56
	35	40
	40	44
	45	48
	46	49
	47	50
	16	16
	48	51
	17	17
	49	52
	18	18
	50	53
	21	19
	54	56
	24	28
	26	29
	27	32
	28	33
	29	34
	31	37
net/minecraft/client/renderer/feature/ParticleFeatureRenderer	126	128
	31	30
	32	31
	35	34
	36	35
	39	38
	40	70
	42	39
	43	40
	44	41
	45	42
	46	43
	48	45
	49	46
	53	47
	54	48
	55	49
	57	52
	58	53
	59	54
	63	55
	65	56
	66	57
	67	61
	68	63
	69	64
	72	70
	75	73
	76	74
	78	77
	79	78
	80	79
	83	82
	84	83
	85	84
	86	85
	90	89
	91	90
	97	96
	98	97
	99	98
	101	101
	103	104
	104	105
	106	107
	109	110
	110	111
	112	113
	116	118
	117	119
	119	121
	123	125
	124	126
	126	128
net/minecraft/client/gui/spectator/SpectatorMenuCategory	0	0
net/minecraft/client/gui/components/debug/DebugEntryLookingAtEntityTags	24	27
	16	20
	17	21
	18	22
	19	23
	23	26
	24	27
	15	19
com/mojang/blaze3d/font/package-info	0	0
net/minecraft/client/renderer/entity/state/CowRenderState	0	0
net/minecraft/client/renderer/entity/NoopRenderer	13	13
	8	8
	9	9
	13	13
net/minecraft/client/renderer/entity/state/ShulkerBulletRenderState	0	0
net/minecraft/client/renderer/feature/CustomFeatureRenderer	74	79
	64	69
	67	72
	70	75
	71	76
	72	77
	73	78
	74	79
	20	20
	21	22
	22	23
	23	25
	24	26
	27	29
	30	32
	31	34
	32	35
	33	37
	34	38
	37	41
	46	50
	47	51
	48	52
	50	54
	52	56
	55	59
	56	60
	57	61
	58	62
	61	66
	62	67
	63	68
com/mojang/realmsclient/gui/screens/package-info	0	0
net/minecraft/client/renderer/entity/state/NautilusRenderState	9	9
	8	8
	9	9
net/minecraft/client/renderer/entity/VexRenderer	45	37
	32	26
	37	30
	42	34
	43	35
	44	36
	45	37
	14	13
	15	14
	18	17
	19	18
	20	19
	24	22
	29	26
	30	26
net/minecraft/client/model/animal/fish/PufferfishSmallModel	68	40
	65	37
	66	38
	67	39
	68	40
	19	18
	20	19
	21	20
	22	21
	25	24
	26	25
	28	26
	29	27
	30	27
	31	27
	32	27
	34	28
	35	28
	36	28
	37	28
	39	29
	40	29
	41	29
	42	29
	44	30
	45	30
	46	30
	47	30
	49	31
	50	31
	51	31
	52	31
	54	32
	55	32
	56	32
	57	32
	60	33
net/minecraft/client/resources/metadata/animation/package-info	0	0
net/minecraft/client/renderer/entity/state/IllusionerRenderState	6	6
	6	6
com/mojang/realmsclient/client/worldupload/RealmsUploadFailedException	18	18
	18	18
	9	9
	10	10
	13	13
	14	14
net/minecraft/client/renderer/OrderedSubmitNodeCollector	65	151
	48	96
	64	150
	49	97
	65	151
	52	111
	53	114
	56	124
	57	125
	44	83
	60	137
	45	84
	61	138
net/minecraft/client/resources/model/cuboid/package-info	0	0
net/minecraft/client/gui/components/AbstractContainerWidget	77	80
	32	33
	65	68
	66	69
	37	38
	38	39
	71	74
	40	42
	41	43
	43	46
	44	47
	76	79
	77	80
	48	51
	17	18
	18	19
	53	56
	22	23
	54	57
	27	28
	59	62
	28	29
	60	63
com/mojang/realmsclient/util/TextRenderingUtils	172	171
	130	20
	134	24
	135	25
	139	29
	140	30
	141	32
	14	12
	142	33
	143	35
	144	35
	145	36
	146	37
	148	39
	20	78
	21	79
	151	43
	24	82
	153	46
	25	83
	157	50
	29	87
	158	51
	160	54
	161	55
	162	58
	163	59
	164	60
	36	92
	37	93
	166	63
	167	64
	39	94
	40	98
	169	67
	170	68
	42	95
	43	96
	172	71
	48	104
	58	114
	59	115
	60	116
	61	117
	64	120
	65	121
	66	122
	67	123
	71	127
	72	128
	74	129
	75	135
	77	130
	78	131
	79	132
	80	133
	85	141
	90	146
	98	150
	102	154
	106	158
	107	159
	109	161
	113	166
	118	171
	124	16
net/minecraft/client/renderer/block/SelectBlockModel	63	65
	32	31
	41	45
	42	46
	43	47
	52	53
	21	20
	53	55
	22	21
	54	56
	23	22
	56	57
	57	59
	58	60
	27	26
	28	27
	29	28
	30	29
	62	64
	63	65
net/minecraft/client/resources/model/sprite/SpriteGetter	0	0
net/minecraft/client/renderer/entity/layers/SheepWoolLayer	48	58
	32	36
	33	58
	36	37
	37	38
	39	39
	40	40
	41	41
	44	58
	47	55
	48	58
	18	17
	19	18
	25	23
	26	24
	27	25
	28	26
net/minecraft/realms/RealmsScreen	38	33
	34	29
	38	33
	23	18
	30	25
	31	26
net/minecraft/client/renderer/entity/state/EvokerRenderState	0	0
net/minecraft/client/renderer/entity/state/PufferfishRenderState	0	0
com/mojang/blaze3d/platform/TextInputManager	92	73
	65	49
	67	50
	70	53
	72	54
	73	55
	75	57
	78	60
	79	61
	82	64
	83	65
	21	13
	85	67
	22	14
	87	69
	25	17
	27	18
	91	72
	28	19
	92	73
	34	22
	35	23
	38	26
	39	27
	41	29
	43	31
	46	34
	47	35
	48	36
	50	39
	58	43
	59	44
	61	46
net/minecraft/client/renderer/entity/BeeRenderer	52	50
	13	12
	14	13
	15	14
	16	15
	17	16
	18	17
	19	18
	20	19
	23	22
	24	23
	28	26
	29	27
	30	28
	32	30
	33	32
	34	33
	36	35
	41	40
	46	44
	47	45
	48	46
	49	47
	50	48
	51	49
	52	50
net/minecraft/client/particle/HeartParticle	59	75
	38	61
	39	62
	11	11
	43	75
	12	12
	44	75
	13	13
	14	14
	15	15
	16	16
	17	17
	19	18
	20	19
	52	37
	21	20
	53	38
	22	21
	57	51
	26	25
	58	52
	59	53
	31	30
com/mojang/blaze3d/font/GlyphInfo	19	19
	19	19
	7	7
	11	11
	15	15
net/minecraft/client/gui/Gui	1447	1433
	88	83
	89	84
	90	85
	91	86
	92	87
	93	88
	94	89
	95	90
	96	91
	97	92
	98	93
	99	94
	100	95
	101	96
	102	97
	103	98
	104	99
	105	100
	106	101
	107	102
	108	103
	109	104
	110	105
	111	106
	112	107
	113	108
	114	109
	115	110
	116	111
	117	112
	118	113
	120	114
	122	117
	123	118
	191	175
	192	176
	193	177
	194	178
	195	179
	196	180
	197	181
	199	182
	200	184
	201	186
	202	188
	203	190
	206	192
	207	193
	210	196
	211	197
	212	198
	213	199
	218	202
	219	225
	221	203
	222	204
	223	205
	224	206
	225	207
	226	208
	227	209
	229	212
	231	213
	232	214
	233	215
	234	216
	235	217
	236	218
	237	219
	238	220
	239	221
	240	222
	242	225
	245	228
	246	229
	249	232
	250	233
	253	236
	254	237
	256	239
	257	240
	259	242
	262	245
	263	246
	264	247
	266	249
	269	252
	270	253
	273	256
	274	257
	276	258
	278	259
	279	260
	280	261
	282	263
	284	265
	285	266
	286	267
	287	268
	288	269
	294	275
	295	276
	298	279
	299	280
	300	281
	301	282
	302	283
	303	284
	304	285
	305	286
	306	287
	307	288
	310	291
	313	294
	314	307
	317	295
	319	296
	320	297
	321	298
	322	299
	324	300
	327	303
	328	304
	329	305
	330	307
	333	310
	334	311
	335	337
	337	312
	338	313
	339	314
	340	315
	341	316
	343	319
	344	320
	345	321
	346	322
	349	324
	350	325
	352	327
	354	330
	355	331
	357	332
	359	335
	360	337
	363	340
	364	378
	367	341
	368	342
	369	343
	370	344
	371	345
	372	346
	373	347
	375	350
	376	351
	378	354
	379	355
	380	356
	381	357
	382	358
	384	359
	385	360
	387	361
	388	362
	389	363
	391	364
	393	365
	394	366
	395	367
	397	368
	398	369
	399	370
	402	373
	404	376
	405	378
	408	381
	409	382
	410	383
	411	384
	412	385
	413	386
	415	388
	418	391
	419	392
	420	393
	421	394
	422	395
	423	396
	424	397
	427	401
	428	402
	429	403
	430	404
	432	406
	435	409
	436	410
	437	411
	438	415
	439	416
	440	417
	442	413
	444	419
	447	422
	449	423
	450	452
	453	424
	454	424
	455	452
	459	425
	460	426
	461	427
	462	428
	464	429
	465	430
	466	431
	467	432
	468	433
	469	434
	470	435
	471	436
	474	439
	475	440
	477	441
	478	442
	479	443
	480	444
	482	445
	483	446
	487	452
	490	455
	491	456
	494	457
	495	458
	496	459
	497	460
	498	461
	499	462
	502	464
	506	469
	508	470
	509	510
	512	471
	513	472
	515	474
	516	475
	518	476
	519	477
	520	478
	521	479
	522	480
	525	483
	526	484
	527	485
	529	487
	530	488
	531	489
	534	492
	535	493
	536	494
	538	496
	540	497
	541	498
	542	499
	543	500
	544	502
	548	506
	551	510
	554	513
	555	513
	556	513
	560	517
	561	518
	563	520
	566	523
	567	524
	569	527
	571	528
	572	529
	573	530
	576	533
	578	534
	579	535
	581	538
	583	539
	584	540
	585	541
	586	542
	588	544
	591	547
	592	548
	593	603
	596	549
	597	550
	598	551
	599	552
	600	553
	602	554
	603	555
	605	563
	606	564
	607	565
	609	567
	613	571
	614	573
	615	574
	616	575
	617	576
	620	579
	621	580
	622	581
	623	582
	625	584
	629	588
	630	589
	631	590
	632	591
	633	592
	634	593
	635	594
	638	597
	640	598
	641	599
	644	603
	647	606
	648	607
	649	608
	650	609
	653	612
	654	613
	655	614
	656	615
	658	616
	661	619
	662	620
	663	621
	665	624
	666	625
	669	628
	672	631
	673	650
	676	632
	677	633
	679	635
	680	636
	682	639
	685	644
	686	645
	687	646
	688	647
	689	648
	690	650
	695	653
	696	654
	697	659
	698	661
	699	662
	700	663
	701	664
	702	665
	703	666
	704	667
	705	668
	706	669
	707	670
	709	672
	711	673
	712	674
	713	675
	715	676
	716	678
	717	679
	720	682
	721	683
	722	684
	723	685
	724	686
	725	687
	726	688
	728	689
	729	690
	731	691
	733	692
	734	693
	736	694
	737	696
	738	697
	739	698
	741	699
	742	700
	744	702
	747	705
	751	709
	752	710
	753	711
	754	712
	755	713
	757	716
	758	717
	761	721
	765	725
	766	734
	769	726
	770	727
	771	728
	772	729
	774	732
	778	739
	782	743
	783	744
	784	793
	786	745
	788	746
	789	747
	790	748
	791	749
	792	750
	793	751
	794	752
	795	753
	797	756
	798	757
	799	758
	801	761
	802	762
	803	763
	805	764
	806	765
	808	766
	809	767
	810	768
	811	769
	812	770
	813	771
	814	772
	815	773
	816	774
	819	777
	820	778
	822	779
	823	780
	825	781
	826	782
	827	783
	828	784
	829	785
	830	786
	833	789
	834	790
	836	791
	837	793
	840	798
	841	799
	842	817
	844	800
	845	802
	846	803
	847	804
	848	805
	850	808
	851	809
	853	812
	854	813
	857	817
	860	1318
	861	1318
	862	1319
	863	1320
	864	1321
	865	1322
	866	1323
	867	1324
	868	1325
	870	1328
	871	1328
	872	1329
	873	1330
	874	1331
	875	1332
	876	1333
	877	1334
	878	1335
	880	1338
	881	1338
	882	1339
	883	1340
	884	1341
	885	1342
	886	1343
	887	1344
	888	1345
	890	1348
	891	1348
	892	1349
	893	1350
	894	1351
	895	1352
	896	1353
	897	1354
	898	1355
	900	1358
	901	1358
	902	1359
	903	1360
	904	1361
	905	1362
	906	1363
	907	1364
	908	1365
	910	1368
	911	1368
	912	1369
	913	1370
	914	1371
	915	1372
	916	1373
	917	1374
	918	1375
	932	1397
	933	1398
	934	1399
	935	1400
	936	1401
	937	1402
	938	1403
	939	1404
	940	1405
	943	1408
	944	1409
	945	1410
	947	1412
	950	1414
	951	1415
	953	1417
	960	1423
	961	1424
	962	1425
	963	1426
	964	1427
	965	1428
	967	1430
	969	1433
	974	832
	975	833
	977	834
	978	835
	979	836
	981	838
	982	839
	983	840
	985	841
	986	842
	988	843
	989	844
	991	847
	992	848
	995	851
	997	852
	999	853
	1000	854
	1001	855
	1002	856
	1003	857
	1004	858
	1007	862
	1008	863
	1009	864
	1011	867
	1012	868
	1013	869
	1016	872
	1019	877
	1020	878
	1023	881
	1024	882
	1025	883
	1026	884
	1027	885
	1028	886
	1029	887
	1030	888
	1031	890
	1033	891
	1034	892
	1037	895
	1038	896
	1040	897
	1041	898
	1042	899
	1043	900
	1044	901
	1045	902
	1046	903
	1047	904
	1051	908
	1055	911
	1056	912
	1057	912
	1061	916
	1065	920
	1069	924
	1070	925
	1071	926
	1072	927
	1073	928
	1075	930
	1078	933
	1079	934
	1080	936
	1081	937
	1086	941
	1087	942
	1088	943
	1089	944
	1091	946
	1092	947
	1093	948
	1096	951
	1097	951
	1098	952
	1102	955
	1103	956
	1104	957
	1105	958
	1107	961
	1108	962
	1111	965
	1114	968
	1115	969
	1116	998
	1118	970
	1119	971
	1120	998
	1122	972
	1124	973
	1127	974
	1128	975
	1129	976
	1130	978
	1132	978
	1133	979
	1134	980
	1136	982
	1137	983
	1138	984
	1139	985
	1140	986
	1142	989
	1143	990
	1146	994
	1147	978
	1149	998
	1152	1001
	1153	1002
	1154	1005
	1157	1008
	1158	1009
	1159	1010
	1161	1011
	1162	1012
	1164	1013
	1165	1014
	1166	1015
	1167	1016
	1170	1017
	1172	1018
	1174	1019
	1176	1020
	1178	1021
	1179	1022
	1182	1025
	1183	1026
	1184	1027
	1185	1028
	1186	1029
	1189	1032
	1191	1033
	1193	1034
	1194	1035
	1195	1037
	1196	1039
	1197	1040
	1198	1041
	1204	1045
	1205	1047
	1206	1048
	1207	1049
	1208	1050
	1209	1051
	1211	1053
	1214	1056
	1215	1059
	1218	1062
	1219	1063
	1220	1064
	1221	1065
	1223	1068
	1225	1069
	1226	1070
	1227	1071
	1230	1074
	1231	1075
	1233	1076
	1234	1077
	1235	1078
	1236	1079
	1237	1080
	1239	1081
	1240	1082
	1241	1083
	1243	1084
	1245	1097
	1246	1098
	1249	1109
	1250	1126
	1253	1110
	1254	1111
	1255	1112
	1257	1113
	1258	1114
	1259	1115
	1260	1116
	1263	1119
	1265	1120
	1266	1121
	1268	1124
	1269	1126
	1272	1129
	1273	1130
	1274	1131
	1276	1133
	1279	1136
	1280	1137
	1282	1140
	1283	1141
	1284	1142
	1285	1143
	1286	1144
	1289	1148
	1291	1149
	1292	1150
	1293	1151
	1296	1154
	1297	1155
	1299	1156
	1300	1157
	1301	1158
	1302	1161
	1303	1162
	1304	1163
	1306	1166
	1309	1169
	1310	1170
	1313	1173
	1314	1174
	1315	1175
	1316	1176
	1317	1177
	1320	1180
	1321	1181
	1322	1182
	1323	1183
	1326	1186
	1327	1187
	1328	1188
	1329	1189
	1332	1192
	1333	1193
	1335	1196
	1336	1197
	1338	1200
	1339	1201
	1341	1204
	1342	1205
	1344	1207
	1347	1210
	1348	1211
	1351	1214
	1352	1215
	1353	1216
	1356	1219
	1357	1220
	1358	1221
	1359	1222
	1362	1225
	1366	1229
	1370	1233
	1374	1237
	1378	1241
	1382	1245
	1383	1246
	1384	1247
	1385	1248
	1386	1249
	1387	1250
	1388	1251
	1389	1252
	1392	1255
	1396	1259
	1400	1263
	1401	1264
	1404	1267
	1405	1269
	1406	1271
	1407	1272
	1408	1273
	1409	1274
	1410	1275
	1411	1276
	1412	1277
	1413	1278
	1416	1281
	1419	1284
	1423	1288
	1427	1293
	1428	1294
	1429	1295
	1431	1296
	1432	1297
	1433	1298
	1435	1300
	1436	1300
	1438	1300
	1441	1302
	1442	1303
	1444	1305
	1445	1305
	1447	1305
net/minecraft/client/model/monster/ravager/package-info	0	0
net/minecraft/client/gui/components/AbstractSelectionList	554	557
	513	520
	518	525
	522	529
	531	537
	536	542
	541	546
	542	547
	543	548
	34	32
	35	33
	548	552
	549	553
	550	554
	554	557
	46	43
	47	44
	48	45
	49	46
	52	49
	56	53
	57	54
	58	55
	59	56
	60	57
	61	58
	64	61
	69	64
	74	69
	78	73
	79	74
	80	75
	83	78
	84	79
	85	80
	86	81
	89	84
	91	85
	92	86
	95	89
	96	90
	97	91
	99	93
	102	96
	103	98
	104	99
	106	101
	109	104
	113	108
	114	110
	115	111
	117	114
	121	118
	125	122
	126	123
	127	124
	128	125
	129	126
	130	127
	134	131
	135	132
	138	135
	139	136
	140	137
	141	138
	142	139
	143	140
	146	143
	147	145
	148	146
	149	147
	150	148
	151	149
	153	151
	156	154
	157	155
	158	156
	159	157
	162	160
	166	164
	170	168
	171	169
	172	170
	175	174
	180	178
	181	179
	184	182
	185	183
	188	186
	189	187
	190	188
	191	189
	192	190
	194	193
	195	194
	199	198
	200	200
	201	201
	203	204
	208	209
	210	210
	212	211
	213	212
	214	213
	216	214
	218	215
	219	216
	222	219
	223	220
	224	221
	225	222
	226	223
	229	226
	230	227
	231	239
	234	242
	235	243
	238	246
	239	247
	240	248
	242	251
	243	252
	244	253
	246	255
	249	258
	250	260
	251	261
	252	262
	253	263
	255	266
	257	269
	258	270
	261	273
	262	274
	266	278
	267	279
	268	280
	272	284
	277	289
	282	294
	284	295
	285	296
	288	299
	290	300
	291	301
	292	302
	293	303
	295	305
	298	308
	302	312
	306	316
	307	317
	308	318
	309	319
	311	321
	313	323
	314	324
	316	326
	319	329
	320	330
	321	331
	322	332
	326	337
	330	341
	331	342
	332	343
	335	346
	338	349
	339	350
	340	351
	343	354
	344	355
	347	358
	348	359
	349	360
	350	361
	351	362
	352	363
	353	364
	356	367
	360	371
	364	375
	368	379
	369	380
	373	384
	378	389
	379	390
	381	392
	382	392
	384	392
	388	397
	389	398
	392	401
	393	402
	394	403
	395	404
	396	405
	399	408
	402	411
	406	415
	407	416
	410	419
	411	420
	412	421
	413	422
	414	423
	417	426
	421	430
	422	431
	423	432
	432	439
	436	443
	443	450
	448	455
	449	456
	453	460
	454	461
	457	464
	458	465
	461	468
	462	469
	465	472
	469	476
	473	480
	477	484
	481	488
	485	492
	489	496
	493	500
	498	505
	503	510
	508	515
net/minecraft/client/gui/components/debug/DebugEntrySystemSpecs	33	41
	16	15
	33	41
	20	24
	22	27
	23	28
	24	29
	25	31
	26	33
	27	34
	29	37
net/minecraft/client/renderer/blockentity/package-info	0	0
net/minecraft/client/renderer/entity/ThrownTridentRenderer	54	60
	33	31
	34	33
	35	34
	38	47
	40	48
	41	49
	45	52
	17	17
	50	56
	51	57
	52	58
	53	59
	22	21
	54	60
	23	22
	24	23
	28	28
	30	29
	31	30
com/mojang/blaze3d/audio/package-info	0	0
net/minecraft/client/renderer/state/gui/pip/package-info	0	0
net/minecraft/client/renderer/chunk/SectionCompiler	168	166
	128	124
	129	125
	130	126
	132	129
	136	133
	138	134
	140	135
	144	141
	145	142
	146	143
	147	144
	148	145
	150	148
	154	152
	155	153
	156	154
	158	156
	162	160
	167	165
	168	166
	43	50
	44	51
	45	52
	46	53
	47	54
	48	55
	49	56
	52	61
	54	62
	55	63
	57	64
	59	65
	61	66
	62	67
	64	68
	66	69
	67	70
	68	71
	69	72
	72	73
	73	74
	74	75
	75	76
	77	77
	79	79
	80	80
	81	81
	86	83
	87	84
	90	87
	91	88
	92	89
	93	90
	97	94
	98	95
	99	96
	102	99
	103	100
	104	101
	105	102
	106	103
	107	104
	111	108
	112	109
	115	112
	116	113
	117	114
	119	115
	121	116
	125	121
	126	122
	127	123
net/minecraft/client/gui/render/pip/PictureInPictureRenderer	129	129
	128	128
	129	129
	35	31
	36	32
	39	35
	40	36
	42	37
	43	38
	44	39
	45	54
	47	41
	49	42
	50	43
	52	44
	54	45
	56	46
	57	47
	59	48
	60	49
	62	50
	63	51
	65	52
	66	54
	69	57
	71	60
	72	61
	73	62
	77	71
	80	75
	83	78
	84	79
	85	80
	86	81
	87	82
	88	83
	89	84
	90	85
	91	86
	93	89
	94	90
	95	91
	96	92
	97	93
	98	94
	100	97
	102	98
	103	99
	104	100
	107	103
	111	107
	116	112
	117	113
	119	116
	120	117
	122	120
	123	121
	125	124
	126	125
net/minecraft/client/data/models/blockstates/MultiVariantGenerator	120	107
	64	52
	69	57
	70	59
	71	60
	73	63
	74	63
	75	63
	81	68
	85	72
	24	23
	25	24
	89	76
	26	25
	27	26
	30	29
	32	30
	96	83
	33	31
	97	84
	34	32
	100	87
	37	35
	101	91
	38	36
	102	93
	40	38
	42	39
	43	40
	44	41
	48	45
	112	99
	113	100
	50	46
	114	101
	51	46
	115	102
	52	46
	53	46
	55	47
	120	107
	59	51
	60	51
	61	51
	62	51
net/minecraft/client/gui/screens/worldselection/WorldCreationContext	77	100
	66	82
	35	39
	37	41
	70	93
	40	51
	42	53
	74	97
	75	98
	44	55
	77	100
	49	60
	52	64
	59	70
	29	33
	30	34
	31	35
net/minecraft/client/renderer/special/HangingSignSpecialRenderer	65	70
	64	45
	32	49
	65	46
	33	51
	34	52
	35	53
	36	55
	39	59
	40	60
	44	64
	50	68
	51	69
	52	70
	26	25
	58	39
	27	26
	59	40
	28	27
	29	28
	63	44
net/minecraft/client/resources/FoliageColorReloadListener	26	23
	17	15
	18	16
	19	17
	25	22
	26	23
	12	11
com/mojang/blaze3d/opengl/GlSampler	94	104
	67	77
	72	82
	77	87
	82	92
	22	27
	23	28
	87	97
	24	29
	88	98
	25	30
	89	99
	26	31
	27	32
	91	101
	29	33
	30	34
	94	104
	31	35
	32	36
	34	37
	36	40
	38	42
	40	45
	42	48
	43	50
	44	53
	46	56
	47	57
	49	59
	52	62
	57	67
	62	72
net/minecraft/client/renderer/entity/HoglinRenderer	29	26
	18	17
	23	21
	24	22
	9	9
	25	23
	10	10
	13	13
	29	26
	14	14
com/mojang/blaze3d/vertex/VertexFormatElement	85	89
	64	68
	65	69
	66	70
	67	71
	68	72
	69	73
	75	79
	12	10
	76	80
	13	11
	77	81
	15	12
	16	13
	80	84
	17	14
	18	15
	19	16
	20	17
	21	18
	85	89
	22	19
	25	34
	26	35
	27	36
	29	39
	30	40
	31	41
	34	23
	35	22
	36	29
	38	31
	42	46
	43	47
	47	51
	51	55
	55	59
	59	63
	63	67
net/minecraft/client/gui/components/PlayerSkinWidget	71	64
	67	60
	71	64
	40	33
	41	34
	42	35
	43	36
	44	37
	48	41
	49	42
	50	43
	51	44
	52	45
	53	46
	57	50
	58	51
	59	52
	63	56
net/minecraft/client/model/animal/wolf/WolfModel	88	76
	66	58
	68	59
	69	60
	70	61
	72	62
	73	63
	75	64
	76	65
	77	66
	78	67
	79	68
	80	69
	82	70
	83	71
	84	72
	21	18
	85	73
	22	19
	86	74
	23	20
	87	75
	24	21
	88	76
	25	22
	26	23
	27	24
	28	25
	29	26
	33	29
	35	30
	36	31
	38	32
	39	33
	41	35
	44	38
	45	39
	47	41
	48	42
	49	43
	50	44
	53	47
	55	48
	56	49
	58	50
	59	51
	62	54
	63	55
net/minecraft/client/telemetry/events/package-info	0	0
net/minecraft/client/renderer/entity/state/VillagerDataHolderRenderState	0	0
net/minecraft/client/resources/server/PackDownloader	0	0
net/minecraft/client/multiplayer/resolver/AddressCheck	33	31
	32	30
	17	16
	33	31
	18	17
	19	18
	20	19
	22	20
	25	23
	26	24
	27	25
net/minecraft/client/gui/screens/worldselection/CreateWorldScreen	797	811
	93	99
	95	101
	96	102
	97	103
	98	104
	99	105
	103	108
	108	111
	119	625
	120	626
	124	630
	126	631
	127	631
	128	631
	129	632
	131	633
	132	634
	133	635
	134	638
	135	645
	136	646
	138	649
	139	650
	140	651
	141	652
	145	655
	146	656
	147	657
	148	658
	149	659
	151	660
	152	661
	153	662
	154	663
	157	666
	158	667
	159	668
	160	669
	161	670
	163	671
	164	673
	165	674
	167	676
	168	677
	169	678
	170	679
	172	680
	173	684
	175	690
	179	730
	180	731
	181	732
	182	733
	183	734
	184	735
	185	736
	191	742
	193	743
	194	743
	195	743
	196	743
	198	744
	199	746
	200	747
	201	748
	204	750
	205	751
	206	752
	207	753
	209	754
	210	755
	212	757
	214	760
	215	761
	217	762
	218	763
	220	764
	223	767
	226	770
	227	771
	228	772
	229	773
	231	774
	232	775
	233	776
	234	777
	235	778
	236	779
	237	780
	238	781
	239	782
	240	783
	243	786
	244	787
	245	788
	247	790
	250	793
	253	796
	258	803
	264	809
	265	810
	267	811
	272	694
	273	695
	274	696
	277	699
	279	700
	280	700
	281	700
	283	701
	284	701
	285	701
	288	704
	289	706
	290	707
	292	710
	293	711
	294	712
	295	714
	298	717
	299	721
	300	722
	301	723
	302	726
	306	122
	311	124
	312	128
	315	131
	316	131
	318	134
	319	134
	320	135
	321	135
	324	137
	325	138
	328	141
	329	141
	330	142
	331	143
	334	146
	338	149
	339	149
	340	149
	341	149
	346	153
	347	153
	348	154
	349	154
	352	157
	357	162
	358	166
	361	176
	363	177
	364	178
	365	179
	366	180
	367	181
	368	182
	370	183
	372	185
	374	185
	375	185
	377	185
	380	187
	381	188
	383	190
	386	193
	387	194
	388	195
	391	196
	392	197
	395	207
	398	210
	399	211
	404	212
	405	216
	407	217
	408	218
	409	219
	410	220
	412	221
	413	222
	414	223
	415	224
	416	225
	417	226
	419	229
	420	230
	424	241
	425	242
	426	243
	427	244
	429	245
	430	246
	433	249
	438	254
	439	255
	440	256
	441	257
	443	258
	444	259
	445	260
	447	261
	448	262
	449	263
	450	264
	452	265
	455	266
	457	267
	458	268
	463	272
	467	276
	468	284
	470	277
	472	278
	473	279
	474	280
	475	281
	476	282
	477	284
	480	287
	481	288
	484	291
	485	292
	486	293
	488	294
	489	296
	490	297
	491	298
	492	299
	495	300
	496	301
	497	302
	499	304
	500	305
	501	306
	503	308
	505	311
	506	312
	507	313
	508	314
	509	316
	510	318
	513	323
	514	324
	515	325
	516	326
	518	328
	521	333
	522	334
	523	335
	525	336
	526	337
	527	338
	528	339
	531	341
	533	344
	537	349
	538	350
	539	351
	541	353
	546	363
	547	364
	550	365
	551	366
	554	367
	555	368
	556	369
	559	371
	564	377
	565	378
	568	381
	569	382
	570	383
	574	387
	575	388
	576	389
	580	393
	581	394
	582	395
	587	398
	589	400
	590	401
	591	402
	592	403
	593	404
	597	408
	601	412
	603	413
	604	416
	606	419
	609	422
	611	423
	612	428
	614	434
	617	437
	618	438
	619	440
	621	442
	623	443
	624	458
	627	445
	628	446
	629	447
	630	447
	632	448
	633	449
	635	451
	637	453
	640	455
	642	458
	646	461
	648	462
	650	463
	653	466
	654	467
	657	470
	658	471
	661	474
	662	475
	663	476
	665	479
	666	481
	668	482
	669	482
	670	482
	674	485
	675	486
	677	488
	680	491
	681	492
	682	493
	684	495
	685	496
	686	498
	687	499
	688	501
	689	504
	690	505
	692	507
	694	509
	695	510
	697	512
	698	513
	701	517
	703	520
	705	524
	708	527
	709	528
	713	532
	714	533
	715	534
	717	536
	718	537
	719	538
	721	540
	722	541
	723	542
	726	546
	727	547
	731	551
	732	552
	733	553
	734	554
	736	556
	741	560
	742	561
	743	562
	745	565
	746	566
	747	567
	748	568
	749	569
	750	570
	751	571
	752	572
	754	574
	755	575
	757	578
	761	582
	762	584
	763	585
	765	586
	766	587
	768	589
	769	590
	770	591
	771	592
	773	595
	775	598
	776	599
	777	600
	778	601
	779	602
	780	603
	782	606
	786	610
	787	611
	788	612
	789	613
	790	614
	793	617
	794	618
	797	620
net/minecraft/client/gui/font/SingleSpriteSource	18	15
	18	15
	13	10
net/minecraft/client/renderer/state/gui/pip/GuiSkinRenderState	12	38
	11	36
	12	38
com/mojang/realmsclient/util/RealmsUtil	109	97
	66	59
	67	60
	69	63
	70	64
	71	65
	72	66
	73	67
	76	70
	78	73
	80	75
	84	79
	24	23
	88	83
	25	24
	89	84
	93	88
	94	88
	32	30
	33	31
	36	33
	38	34
	39	35
	42	36
	43	37
	44	38
	108	96
	109	97
	47	39
	48	40
	49	41
	52	43
	53	44
	57	50
	61	54
	62	55
	63	56
net/minecraft/client/renderer/state/gui/pip/GuiSignRenderState	12	30
	11	29
	12	30
net/minecraft/client/renderer/debug/BrainDebugRenderer	179	160
	129	114
	130	115
	131	116
	135	119
	136	119
	137	120
	138	121
	142	124
	143	125
	144	126
	145	127
	147	129
	149	132
	153	136
	154	137
	155	138
	156	139
	159	142
	162	145
	168	149
	169	150
	170	151
	171	152
	173	154
	174	155
	178	159
	179	160
	68	52
	69	53
	73	59
	75	60
	76	61
	78	63
	81	66
	82	67
	83	68
	85	70
	86	71
	89	74
	90	75
	93	76
	94	77
	97	78
	98	79
	99	80
	102	83
	103	84
	104	86
	105	92
	108	95
	109	95
	110	96
	111	97
	115	100
	116	101
	117	102
	118	103
	121	107
	122	108
	123	109
	124	110
net/minecraft/client/particle/CampfireSmokeParticle	77	102
	70	86
	71	87
	10	20
	11	21
	75	100
	12	22
	76	101
	13	23
	77	102
	14	24
	16	26
	18	29
	19	30
	20	31
	21	32
	22	33
	26	37
	27	38
	28	39
	30	40
	31	49
	32	51
	35	41
	36	42
	37	43
	39	44
	41	45
	42	46
	44	51
	48	55
	55	62
	56	63
	60	76
	61	77
	62	78
net/minecraft/client/gui/components/FocusableTextWidget	163	177
	128	151
	129	152
	130	153
	131	154
	134	157
	135	158
	139	162
	140	163
	144	167
	145	168
	21	26
	149	172
	22	27
	150	173
	23	28
	24	29
	25	30
	26	31
	154	177
	27	32
	28	33
	29	34
	30	35
	159	125
	34	39
	35	40
	163	129
	39	44
	40	45
	41	47
	43	50
	44	51
	49	56
	50	57
	52	60
	53	61
	57	65
	62	70
	67	75
	72	80
	77	85
	81	89
	85	93
	86	94
	87	95
	89	97
	91	99
	94	102
	95	103
	96	104
	100	108
	102	110
	103	111
	105	113
	107	116
	108	117
	109	118
	113	122
	124	147
	125	148
net/minecraft/client/model/animal/squid/BabySquidModel	43	35
	32	26
	33	27
	34	28
	35	29
	37	30
	38	31
	40	32
	43	35
	14	13
	15	14
	18	17
	19	18
	21	19
	22	20
	23	20
	24	20
	27	22
	28	23
	29	23
	31	25
com/mojang/realmsclient/gui/screens/configuration/RealmsPlayersTab	298	313
	256	306
	257	307
	258	308
	259	309
	260	310
	261	311
	262	312
	263	313
	271	87
	272	88
	273	92
	277	96
	278	97
	279	98
	280	99
	281	101
	283	104
	284	109
	285	110
	288	113
	34	32
	36	33
	37	34
	293	118
	298	123
	48	43
	49	44
	50	45
	51	46
	52	47
	53	48
	54	49
	55	53
	56	55
	57	57
	59	60
	60	61
	63	64
	68	69
	69	70
	70	71
	74	75
	75	76
	76	77
	82	131
	83	132
	86	135
	87	136
	88	137
	91	140
	92	141
	93	143
	94	144
	96	146
	99	150
	102	154
	106	158
	115	164
	116	165
	117	166
	119	167
	120	168
	121	169
	132	178
	133	179
	135	180
	136	181
	137	182
	138	183
	139	184
	140	187
	141	188
	142	192
	144	193
	145	194
	146	195
	147	196
	148	197
	149	200
	150	201
	151	205
	153	206
	154	207
	155	208
	156	209
	157	210
	158	211
	159	214
	161	215
	162	216
	165	219
	166	220
	167	221
	168	221
	169	223
	170	224
	171	225
	172	226
	173	227
	174	228
	177	231
	178	232
	179	233
	180	233
	181	235
	182	236
	183	237
	184	238
	185	239
	186	240
	189	243
	190	244
	191	257
	192	247
	193	248
	194	249
	195	249
	197	251
	198	252
	200	255
	201	256
	202	260
	204	262
	207	265
	208	266
	210	268
	213	271
	214	272
	215	273
	218	276
	219	276
	221	276
	227	281
	232	286
	239	292
	240	293
	242	294
	243	295
	245	297
	248	300
	249	301
	251	302
	252	303
	254	304
	255	305
net/minecraft/client/resources/server/package-info	0	0
com/mojang/realmsclient/util/RealmsPersistence	57	55
	33	32
	34	33
	36	34
	37	35
	39	37
	40	38
	41	39
	44	42
	48	46
	19	18
	51	49
	52	50
	22	21
	54	52
	57	55
	26	25
	27	26
	30	29
net/minecraft/client/renderer/entity/AbstractHoglinRenderer	24	24
	17	18
	22	22
	23	23
	24	24
	12	14
	13	15
net/minecraft/client/sounds/ChannelAccess	94	88
	64	32
	66	34
	68	36
	69	37
	73	41
	74	42
	77	45
	78	46
	79	48
	80	49
	81	50
	82	51
	83	52
	84	53
	22	69
	87	56
	88	57
	26	73
	27	74
	92	60
	93	61
	94	62
	30	77
	32	78
	33	79
	35	81
	37	82
	40	85
	41	86
	42	87
	43	88
	53	21
	54	22
	55	23
	58	26
	59	27
	60	28
	61	29
	62	30
	63	31
net/minecraft/client/model/animal/equine/HorseModel	9	9
	8	8
	9	9
net/minecraft/client/gui/screens/dialog/body/DialogBodyHandlers	87	96
	66	90
	67	95
	68	96
	75	62
	76	63
	77	64
	78	65
	79	66
	80	68
	81	70
	83	71
	84	77
	85	79
	87	82
	26	25
	31	29
	32	30
	36	33
	40	37
	41	38
	42	39
	43	40
	46	42
	50	47
	51	48
	52	49
	55	52
	56	53
	57	54
	58	55
	61	58
net/minecraft/client/renderer/feature/ModelFeatureRenderer	122	157
	30	34
	31	35
	32	36
	35	44
	36	45
	37	45
	39	46
	40	47
	43	55
	44	56
	46	58
	50	67
	51	68
	52	69
	53	70
	55	72
	57	75
	58	76
	59	78
	60	79
	63	82
	66	91
	67	92
	69	93
	70	94
	72	95
	73	96
	75	97
	76	98
	77	99
	78	100
	81	109
	82	111
	83	113
	86	122
	87	123
	97	134
	99	135
	100	135
	101	135
	103	137
	104	138
	106	140
	109	143
	110	145
	111	146
	112	147
	113	148
	114	149
	117	152
	120	155
	121	156
	122	157
net/minecraft/client/gui/components/ResettableOptionWidget	0	0
net/minecraft/client/model/effects/EvokerFangsModel	66	57
	64	55
	65	56
	66	57
	23	22
	24	23
	25	24
	26	25
	27	26
	30	29
	31	30
	33	31
	34	32
	35	32
	36	32
	38	34
	39	34
	40	35
	41	36
	43	37
	48	41
	50	42
	51	43
	52	44
	53	45
	54	46
	56	47
	58	48
	59	49
	60	50
	62	53
	63	54
net/minecraft/client/gui/components/debugchart/package-info	0	0
com/mojang/realmsclient/dto/RealmsText	58	55
	33	31
	34	31
	36	31
	41	36
	42	37
	44	39
	45	47
	47	40
	48	41
	49	43
	50	44
	21	19
	53	50
	22	20
	23	21
	26	24
	58	55
	30	28
	31	29
net/minecraft/client/data/models/model/ModelTemplates	242	242
	9	9
	10	12
	11	14
	12	15
	13	16
	14	17
	15	18
	16	19
	17	20
	18	21
	19	22
	20	23
	21	24
	22	25
	23	26
	24	27
	25	29
	26	31
	28	32
	29	33
	30	34
	32	35
	33	36
	34	37
	35	38
	36	39
	37	40
	38	41
	39	42
	41	43
	42	44
	43	45
	44	46
	45	47
	46	48
	49	49
	50	50
	51	51
	53	52
	54	53
	55	54
	56	55
	58	56
	59	57
	60	58
	61	60
	64	62
	65	63
	66	64
	67	65
	69	66
	70	67
	72	68
	74	69
	75	70
	77	71
	79	72
	80	73
	81	74
	83	75
	84	76
	85	77
	87	78
	88	79
	89	80
	91	81
	92	82
	93	83
	94	84
	96	85
	97	86
	98	87
	100	88
	101	89
	102	90
	103	91
	105	92
	106	93
	108	94
	109	95
	110	96
	111	97
	113	98
	114	99
	115	100
	116	101
	118	102
	119	103
	120	104
	121	105
	122	106
	124	107
	125	108
	126	109
	127	110
	128	111
	130	112
	132	113
	133	114
	134	116
	135	119
	136	122
	137	125
	139	127
	140	128
	141	129
	142	130
	143	131
	144	132
	145	133
	147	134
	148	136
	149	138
	150	139
	151	140
	153	141
	154	142
	155	143
	156	144
	157	145
	159	146
	161	147
	162	148
	163	149
	165	150
	166	151
	167	152
	168	153
	169	154
	170	155
	172	156
	173	157
	174	158
	175	159
	176	160
	177	161
	179	162
	180	163
	181	164
	182	165
	183	166
	184	168
	185	178
	186	179
	187	180
	188	181
	189	183
	190	186
	191	189
	192	191
	193	192
	194	193
	195	195
	197	197
	198	198
	199	199
	200	200
	201	201
	202	202
	203	203
	204	204
	205	205
	206	206
	207	207
	208	208
	209	209
	210	210
	212	211
	213	212
	214	213
	215	214
	217	216
	218	219
	219	221
	221	222
	223	223
	226	226
	230	230
	234	234
	238	238
	242	242
net/minecraft/client/profiling/ClientMetricsSamplersProvider	49	50
	32	30
	33	31
	34	32
	36	33
	37	34
	38	35
	39	39
	43	45
	44	46
	48	49
	49	50
	24	23
	25	24
	26	25
	27	26
	30	29
net/minecraft/client/renderer/item/properties/numeric/NeedleDirectionHelper	95	82
	68	56
	69	57
	71	58
	72	59
	73	60
	74	61
	13	13
	14	14
	79	66
	17	17
	18	18
	84	71
	21	21
	22	22
	25	25
	89	76
	26	25
	29	25
	94	81
	95	82
	35	31
	39	35
	51	39
	58	46
	63	51
net/minecraft/client/renderer/texture/atlas/sources/SourceFilter	27	21
	22	16
	23	17
	27	21
	12	10
	13	11
	14	11
net/minecraft/client/model/monster/dragon/package-info	0	0
net/minecraft/client/gui/render/TextureSetup	37	46
	16	23
	32	41
	20	28
	36	45
	37	46
	24	33
	12	19
	28	37
net/minecraft/client/gui/screens/options/controls/package-info	0	0
net/minecraft/client/gui/screens/achievement/package-info	0	0
net/minecraft/client/model/object/book/BookModel	103	72
	66	49
	67	49
	68	50
	69	51
	71	52
	76	56
	77	57
	79	58
	80	59
	81	60
	82	61
	84	62
	85	63
	87	64
	88	65
	89	66
	90	67
	91	68
	28	26
	29	27
	30	28
	31	29
	32	30
	33	31
	34	32
	35	33
	38	36
	102	72
	39	37
	103	72
	41	38
	42	39
	43	39
	44	39
	46	41
	47	42
	48	42
	49	42
	51	44
	52	45
	53	45
	54	45
	56	47
	57	47
	58	47
	61	48
	62	48
	63	48
net/minecraft/client/resources/sounds/SoundEventRegistrationSerializer	83	71
	65	56
	66	57
	68	58
	70	59
	72	60
	74	61
	78	65
	79	66
	80	67
	81	68
	83	71
	21	20
	25	23
	27	24
	28	25
	29	26
	31	27
	35	31
	37	32
	38	33
	39	35
	40	36
	42	37
	43	38
	44	39
	46	41
	51	46
	55	50
	57	51
	59	52
	60	53
	62	54
	63	55
net/minecraft/client/model/animal/equine/BabyDonkeyModel	100	135
	67	102
	68	103
	69	104
	73	108
	78	113
	17	15
	18	16
	19	17
	83	118
	20	18
	21	19
	22	20
	23	21
	24	22
	88	123
	25	23
	28	26
	29	27
	93	128
	31	28
	32	33
	33	34
	34	39
	98	133
	35	44
	99	134
	36	49
	100	135
	37	54
	39	59
	40	60
	41	65
	42	66
	43	71
	44	76
	45	81
	46	82
	47	83
	52	88
	54	89
	57	90
	58	91
	59	92
	60	93
	61	94
	62	95
	63	98
com/mojang/blaze3d/vertex/VertexConsumer	117	123
	65	75
	68	78
	70	79
	71	80
	73	81
	75	83
	76	84
	77	85
	79	86
	80	87
	82	88
	83	89
	84	90
	85	91
	87	93
	90	96
	30	42
	94	100
	31	43
	32	44
	33	45
	34	46
	98	104
	35	47
	36	48
	102	108
	39	51
	103	109
	43	55
	107	113
	108	114
	47	59
	112	118
	113	119
	51	63
	52	64
	117	123
	54	66
	55	67
	56	68
	58	69
	59	70
	61	71
	62	72
	63	73
net/minecraft/client/renderer/MappableRingBuffer	65	64
	65	64
	22	18
	23	19
	24	20
	27	23
	28	24
	29	25
	30	26
	32	29
	33	30
	36	33
	40	37
	41	38
	42	39
	43	40
	44	41
	46	44
	50	48
	51	49
	53	52
	54	53
	55	54
	59	58
	60	59
	61	60
	62	61
com/mojang/realmsclient/dto/RegionSelectionPreference	43	41
	32	29
	36	32
	37	34
	38	35
	39	36
	42	40
	43	41
	12	11
	13	12
	14	13
	16	15
	22	20
	23	21
	24	22
	27	25
	31	28
com/mojang/realmsclient/util/task/CloseServerTask	57	58
	12	12
	14	13
	20	18
	21	19
	22	20
	26	24
	27	26
	28	27
	29	28
	33	32
	34	33
	35	34
	36	35
	37	36
	40	39
	41	40
	42	41
	44	44
	45	45
	46	46
	47	47
	49	50
	50	51
	53	54
	57	58
net/minecraft/client/renderer/entity/layers/IronGolemCrackinessLayer	37	42
	32	37
	33	42
	35	38
	36	39
	37	42
	16	14
	17	16
	18	18
	19	20
	23	24
	24	25
	28	35
	29	42
	31	36
com/mojang/realmsclient/gui/screens/UploadResult	35	29
	17	8
	35	29
	21	15
	25	19
	26	20
	11	7
	12	10
	13	10
	30	24
	15	10
	31	25
net/minecraft/client/model/HumanoidModel	586	515
	513	407
	514	408
	517	417
	520	420
	521	421
	522	422
	525	425
	526	426
	527	456
	530	427
	531	428
	532	429
	534	432
	535	433
	536	434
	537	435
	538	436
	539	437
	540	438
	541	439
	543	440
	32	30
	545	442
	547	443
	548	444
	550	445
	552	446
	553	447
	554	448
	48	44
	49	46
	561	453
	50	48
	51	50
	52	52
	564	456
	55	56
	567	459
	56	58
	57	60
	58	62
	59	64
	572	463
	573	464
	574	465
	63	477
	64	478
	577	468
	65	479
	578	468
	66	480
	67	481
	580	468
	68	482
	69	483
	70	484
	71	485
	72	486
	73	487
	586	473
	76	492
	77	493
	85	500
	86	501
	87	502
	90	505
	94	509
	98	515
	110	76
	111	77
	114	80
	115	81
	116	82
	117	83
	118	84
	119	85
	120	86
	121	87
	122	88
	125	91
	126	92
	127	93
	128	94
	129	94
	130	94
	132	96
	133	96
	134	96
	137	97
	138	98
	139	98
	140	98
	142	100
	143	101
	144	101
	145	101
	147	103
	148	104
	149	104
	150	104
	152	106
	153	107
	154	107
	155	107
	157	109
	158	110
	159	110
	160	110
	162	112
	166	116
	170	122
	179	131
	180	132
	182	133
	183	134
	185	135
	186	136
	188	137
	189	138
	191	139
	195	143
	196	144
	197	145
	198	146
	199	146
	200	146
	202	148
	203	150
	204	150
	205	151
	207	153
	211	157
	212	158
	214	159
	215	160
	216	160
	217	160
	220	162
	221	162
	222	162
	223	162
	226	163
	227	164
	228	164
	229	164
	232	166
	233	168
	234	168
	235	169
	238	171
	239	173
	240	173
	241	174
	244	176
	245	177
	246	177
	247	177
	250	179
	251	180
	252	180
	253	180
	256	182
	257	183
	258	183
	259	183
	262	185
	263	186
	264	186
	265	186
	268	188
	269	190
	270	190
	271	191
	274	193
	275	193
	279	194
	284	198
	286	199
	287	200
	288	201
	290	202
	292	203
	293	204
	295	205
	296	206
	297	207
	298	208
	301	211
	302	212
	303	213
	304	214
	306	215
	307	216
	308	217
	309	218
	310	219
	311	220
	313	221
	314	222
	315	223
	317	224
	318	225
	319	226
	321	227
	322	228
	323	229
	327	232
	328	233
	329	234
	330	235
	331	236
	332	237
	333	238
	336	241
	337	242
	338	243
	342	247
	343	248
	344	249
	345	250
	346	251
	349	254
	350	255
	351	256
	356	261
	358	262
	359	263
	360	264
	361	265
	362	266
	363	267
	364	268
	365	269
	366	270
	367	271
	370	274
	371	275
	373	278
	374	279
	377	282
	378	283
	381	284
	382	285
	383	288
	385	291
	386	292
	387	293
	388	294
	390	295
	391	296
	393	297
	394	300
	395	303
	396	304
	398	305
	399	306
	401	307
	402	308
	404	309
	405	310
	406	311
	407	312
	409	313
	410	314
	412	315
	413	316
	415	317
	416	318
	420	322
	421	323
	422	324
	423	325
	425	327
	428	330
	430	332
	431	333
	433	339
	434	340
	436	335
	437	336
	438	337
	440	348
	441	349
	442	350
	444	370
	447	342
	448	343
	449	344
	450	345
	451	346
	453	352
	454	353
	456	355
	457	356
	459	366
	460	367
	461	368
	463	358
	464	359
	465	360
	467	362
	468	363
	471	372
	474	375
	476	377
	477	378
	479	384
	480	385
	482	380
	483	381
	484	382
	486	393
	487	394
	488	395
	490	415
	493	387
	494	388
	495	389
	496	390
	497	391
	499	397
	500	398
	502	400
	503	401
	505	411
	506	412
	507	413
	509	403
	510	404
	511	405
com/mojang/realmsclient/client/worldupload/RealmsUploadWorldNotClosedException	8	8
	8	8
net/minecraft/client/renderer/entity/EnderDragonRenderer	240	219
	31	29
	32	30
	33	31
	34	32
	36	33
	37	34
	38	35
	40	36
	45	40
	46	41
	48	42
	49	43
	53	48
	55	49
	56	50
	57	51
	58	52
	59	53
	62	54
	65	55
	67	56
	68	57
	70	58
	71	59
	73	63
	76	66
	78	67
	79	68
	80	69
	81	70
	82	71
	83	72
	84	73
	87	76
	89	77
	90	79
	93	83
	94	84
	97	87
	98	91
	99	92
	100	93
	101	94
	102	95
	103	96
	104	97
	105	98
	106	99
	108	100
	109	102
	110	103
	111	103
	112	103
	113	103
	114	103
	116	104
	117	105
	118	106
	119	107
	121	109
	123	110
	124	111
	126	112
	127	113
	128	114
	130	115
	131	116
	132	117
	134	118
	135	119
	136	120
	138	121
	139	122
	140	123
	142	125
	143	127
	146	138
	147	139
	149	140
	150	141
	151	142
	152	143
	154	144
	155	145
	157	146
	158	150
	159	151
	160	152
	161	153
	162	155
	163	156
	164	157
	165	158
	166	159
	167	159
	168	160
	169	161
	170	162
	171	163
	172	164
	174	165
	175	165
	176	166
	177	167
	178	168
	179	169
	180	170
	182	171
	183	171
	184	172
	185	173
	186	174
	187	175
	188	176
	190	177
	191	177
	192	178
	193	179
	194	180
	195	181
	196	182
	198	183
	199	184
	200	185
	202	187
	203	189
	204	190
	208	193
	213	197
	214	198
	215	199
	216	200
	218	201
	219	202
	220	203
	221	203
	222	204
	224	206
	227	209
	228	210
	229	211
	231	212
	232	213
	234	214
	235	215
	236	216
	240	219
com/mojang/realmsclient/dto/PendingInvite	37	26
	32	22
	34	24
	35	25
	37	26
	23	13
	27	17
	28	18
	29	19
	30	20
	31	21
com/mojang/blaze3d/systems/ScissorState	39	39
	35	35
	39	39
	11	11
	12	12
	13	13
	14	14
	15	15
	16	16
	19	19
	20	20
	23	23
	27	27
	31	31
net/minecraft/client/renderer/block/dispatch/multipart/MultiPartModel	151	163
	128	137
	134	141
	135	143
	136	144
	137	145
	140	152
	145	157
	146	158
	150	162
	151	163
	27	28
	28	29
	29	30
	33	34
	38	40
	43	45
	44	46
	47	49
	49	51
	50	52
	51	53
	53	55
	57	59
	70	71
	71	72
	73	74
	77	80
	78	82
	79	83
	81	86
	85	90
	86	91
	87	92
	88	93
	89	94
	92	97
	93	99
	94	100
	95	101
	99	105
	100	106
	101	108
	102	109
	103	110
	106	114
	118	125
	119	127
	120	128
	122	131
	127	136
net/minecraft/client/model/animal/polarbear/package-info	0	0
net/minecraft/client/renderer/texture/ReloadableTexture	44	42
	33	31
	34	32
	36	34
	39	37
	40	38
	41	39
	42	40
	43	41
	44	42
	19	17
	20	18
	23	21
	27	25
	28	26
	29	27
	30	28
	31	29
net/minecraft/client/data/models/model/TextureSlot	79	86
	6	9
	7	10
	8	11
	9	12
	10	13
	11	14
	12	15
	13	16
	14	17
	15	18
	16	19
	17	20
	18	21
	19	22
	20	23
	21	24
	22	25
	23	26
	24	27
	25	28
	26	29
	27	30
	28	31
	29	32
	30	33
	31	34
	32	35
	33	36
	34	37
	35	38
	36	39
	37	40
	38	41
	39	42
	40	43
	41	44
	42	45
	43	46
	44	47
	45	48
	46	49
	47	50
	48	51
	49	52
	50	53
	57	61
	61	68
	65	72
	66	73
	67	74
	70	77
	74	81
	79	86
net/minecraft/client/renderer/SubmitNodeCollector	0	0
net/minecraft/client/input/CharacterEvent	15	11
	11	7
	15	11
net/minecraft/client/gui/screens/options/controls/ControlsScreen	37	38
	32	33
	33	34
	34	35
	36	37
	37	38
	12	12
	15	15
	16	16
	17	17
	18	18
	19	19
	20	20
	21	21
	22	22
	27	27
	28	28
net/minecraft/client/renderer/entity/state/MinecartRenderState	0	0
com/mojang/blaze3d/font/GlyphProvider	32	24
	32	24
	17	12
	20	15
	31	23
net/minecraft/client/tutorial/Tutorial	114	110
	65	63
	66	64
	67	66
	70	69
	71	70
	73	73
	74	74
	77	77
	78	78
	79	79
	81	81
	83	83
	84	84
	22	22
	86	86
	23	23
	89	89
	26	26
	90	90
	27	27
	91	91
	92	92
	29	29
	93	93
	95	95
	32	32
	33	33
	98	98
	35	35
	38	38
	102	102
	39	39
	103	102
	41	41
	105	102
	44	44
	45	45
	110	106
	47	47
	50	50
	114	110
	51	51
	53	53
	56	56
	57	57
	59	59
	62	62
	63	66
net/minecraft/client/model/animal/feline/AbstractFelineModel	31	29
	22	20
	23	21
	24	22
	25	23
	26	24
	27	25
	28	26
	29	27
	30	28
	31	29
com/mojang/blaze3d/systems/TimerQuery	102	93
	64	55
	65	57
	68	60
	70	61
	71	62
	10	11
	74	64
	75	65
	76	66
	77	67
	78	68
	80	70
	17	15
	84	76
	21	19
	86	77
	23	20
	87	78
	24	21
	88	79
	89	80
	90	81
	27	24
	28	25
	29	26
	93	85
	32	29
	34	30
	35	37
	99	93
	38	31
	102	90
	39	32
	40	33
	41	34
	42	35
	53	48
	54	49
	57	52
	59	53
	60	57
	63	54
net/minecraft/client/renderer/entity/state/VexRenderState	0	0
net/minecraft/client/renderer/rendertype/RenderTypes	680	648
	515	576
	518	288
	519	289
	520	291
	521	291
	522	291
	523	291
	527	580
	530	294
	531	295
	532	296
	533	296
	534	296
	538	584
	541	300
	542	299
	543	300
	31	17
	544	300
	32	18
	545	300
	33	21
	34	22
	35	23
	36	24
	548	588
	551	302
	552	303
	40	373
	553	305
	41	374
	554	305
	42	378
	555	305
	43	380
	556	305
	44	381
	45	382
	46	383
	47	384
	560	592
	49	387
	563	308
	52	27
	564	309
	565	309
	566	309
	55	391
	569	596
	58	28
	572	311
	573	311
	61	395
	64	30
	576	600
	579	312
	67	399
	580	313
	70	32
	71	34
	583	604
	72	35
	73	36
	586	315
	74	37
	587	318
	75	38
	588	319
	76	39
	589	320
	77	40
	78	41
	80	42
	592	608
	595	322
	596	325
	84	403
	597	326
	598	327
	88	407
	89	408
	601	612
	90	409
	91	410
	604	329
	92	411
	605	332
	93	412
	606	333
	94	413
	607	334
	95	414
	97	415
	610	616
	100	45
	613	336
	101	47
	614	339
	102	48
	615	340
	103	49
	616	341
	104	50
	105	51
	106	52
	107	53
	619	620
	108	54
	109	55
	622	343
	623	346
	111	56
	624	347
	625	348
	115	419
	628	624
	118	59
	631	350
	119	61
	632	352
	120	62
	633	352
	121	63
	634	352
	122	64
	123	65
	124	66
	125	67
	637	628
	127	68
	640	354
	641	354
	131	423
	644	632
	134	71
	647	355
	135	73
	648	356
	136	74
	649	356
	137	75
	138	76
	139	77
	140	78
	652	636
	141	79
	142	80
	655	358
	656	359
	144	81
	657	359
	148	427
	660	640
	151	84
	663	361
	152	86
	664	362
	153	87
	665	363
	154	88
	666	363
	155	89
	156	90
	157	91
	158	92
	670	644
	160	93
	673	366
	674	367
	675	368
	676	368
	164	431
	167	96
	168	98
	680	648
	169	99
	170	100
	171	101
	172	102
	173	103
	174	104
	176	105
	180	435
	184	439
	187	108
	188	110
	189	111
	190	112
	191	113
	192	114
	193	115
	194	116
	195	117
	197	118
	201	443
	205	447
	208	121
	209	123
	210	124
	211	125
	212	126
	213	127
	214	128
	215	129
	216	130
	218	131
	222	451
	225	134
	226	136
	227	137
	228	138
	229	139
	230	140
	231	141
	232	142
	233	143
	234	144
	236	145
	240	455
	243	148
	244	150
	245	151
	246	152
	247	153
	248	154
	249	155
	250	156
	254	459
	257	159
	258	161
	259	162
	260	163
	261	164
	262	165
	263	166
	264	167
	265	168
	266	169
	270	463
	273	172
	274	174
	275	175
	276	176
	277	177
	278	178
	279	179
	280	180
	281	181
	283	182
	287	467
	291	471
	294	185
	295	187
	296	188
	297	189
	298	190
	299	191
	300	192
	301	193
	303	194
	307	475
	311	479
	314	197
	315	199
	316	200
	317	201
	318	202
	319	203
	321	204
	325	483
	328	207
	329	209
	330	210
	331	211
	332	212
	334	213
	338	487
	341	216
	342	217
	343	217
	344	217
	345	217
	346	217
	348	218
	352	491
	355	220
	356	222
	357	223
	358	224
	359	225
	360	226
	361	227
	363	228
	367	495
	370	231
	371	232
	372	232
	373	232
	374	232
	378	499
	382	503
	386	507
	387	510
	388	511
	389	512
	390	513
	391	514
	396	519
	397	522
	398	523
	399	524
	400	525
	401	526
	402	527
	405	234
	406	234
	407	234
	410	532
	413	235
	416	536
	420	540
	423	236
	424	239
	425	240
	426	241
	427	242
	430	544
	433	244
	434	247
	435	248
	436	249
	437	250
	440	548
	443	252
	444	255
	445	256
	446	257
	449	552
	452	259
	453	262
	454	263
	455	264
	458	556
	461	266
	462	267
	463	267
	464	267
	465	267
	469	560
	472	269
	473	270
	474	271
	475	271
	476	271
	477	271
	481	564
	484	275
	485	274
	486	275
	487	275
	488	275
	491	568
	494	277
	495	278
	496	279
	497	279
	498	279
	499	279
	503	572
	506	282
	507	283
	508	285
	509	285
	510	285
	511	285
net/minecraft/client/gui/font/glyphs/SpecialGlyphs	80	75
	33	26
	65	58
	34	28
	35	29
	36	30
	70	63
	39	34
	40	35
	75	68
	76	71
	46	39
	15	13
	47	40
	80	75
	17	15
	18	16
	51	44
	20	17
	21	18
	22	19
	55	48
	60	53
net/minecraft/client/model/animal/feline/AdultFelineModel	167	148
	24	22
	25	23
	28	26
	29	27
	30	28
	32	29
	33	31
	34	32
	35	33
	36	34
	37	35
	38	36
	40	38
	41	40
	42	40
	43	41
	45	43
	46	45
	47	45
	48	46
	50	48
	51	49
	52	49
	53	49
	55	51
	56	51
	57	52
	58	53
	60	54
	61	54
	62	55
	63	56
	65	57
	70	61
	72	62
	74	63
	75	64
	76	65
	77	66
	78	67
	79	68
	80	69
	81	70
	82	71
	83	72
	84	73
	85	74
	86	75
	89	78
	90	79
	92	80
	93	81
	94	82
	95	83
	96	84
	97	85
	98	86
	99	87
	100	88
	101	89
	103	91
	104	92
	105	93
	106	94
	108	95
	109	96
	111	98
	116	103
	117	104
	118	105
	119	106
	120	107
	121	108
	123	109
	124	110
	125	111
	126	112
	127	113
	128	114
	130	115
	131	116
	132	117
	134	118
	135	119
	136	120
	138	121
	139	122
	140	123
	142	124
	143	125
	144	126
	147	129
	148	130
	149	131
	150	132
	151	133
	152	134
	153	135
	154	136
	155	137
	156	138
	157	139
	158	140
	160	141
	161	142
	164	145
	165	146
	167	148
net/minecraft/client/particle/BubbleColumnUpParticle	49	56
	32	31
	36	35
	43	42
	12	14
	44	43
	13	15
	14	16
	15	17
	48	56
	17	18
	49	56
	19	19
	20	20
	21	21
	23	22
	24	23
	28	27
	29	28
	30	29
net/minecraft/client/resources/sounds/GuardianAttackSoundInstance	44	39
	32	29
	33	37
	34	39
	37	30
	38	31
	39	32
	41	33
	42	34
	43	35
	44	39
	16	15
	18	16
	20	17
	21	18
	22	19
	23	20
	27	24
com/mojang/blaze3d/shaders/ShaderType	36	35
	32	31
	18	16
	19	17
	20	18
	36	35
	23	21
	24	22
	9	8
	25	23
	10	9
	12	11
	28	27
net/minecraft/client/renderer/entity/ParchedRenderer	22	20
	17	16
	22	20
	9	9
	12	12
	13	13
net/minecraft/client/renderer/item/properties/select/SelectItemModelProperty	64	58
	32	29
	64	58
	33	31
	34	31
	35	33
	37	35
	41	39
	45	43
	46	44
	49	47
	50	49
	51	50
	54	53
	55	54
	56	56
	57	56
	58	56
	59	56
	60	56
net/minecraft/client/color/block/BlockTintSources	190	181
	130	124
	67	63
	136	130
	73	69
	76	72
	140	133
	81	77
	145	138
	22	18
	87	82
	152	144
	26	22
	156	147
	29	25
	93	88
	97	91
	161	152
	34	30
	102	96
	167	158
	40	36
	170	161
	43	39
	108	102
	111	105
	175	166
	48	44
	116	110
	53	49
	181	172
	184	175
	185	176
	122	116
	59	55
	125	119
	62	58
	190	181
net/minecraft/client/renderer/blockentity/state/SpawnerRenderState	0	0
net/minecraft/client/renderer/item/properties/select/ItemBlockState	40	35
	17	16
	18	17
	19	17
	35	30
	20	17
	40	35
	26	24
	27	25
	28	25
	30	25
	15	15
net/minecraft/client/data/models/model/DelegatedModel	18	17
	16	15
	17	16
	18	17
	11	11
	12	12
net/minecraft/client/gui/ItemSlotMouseAction	0	0
net/minecraft/client/resources/metadata/language/LanguageMetadataSection	16	12
	16	12
	11	9
	13	10
	14	11
net/minecraft/client/particle/WakeParticle	65	70
	65	70
	11	13
	12	14
	13	15
	14	16
	15	17
	17	18
	19	19
	20	20
	21	21
	22	22
	23	23
	24	24
	25	25
	29	29
	34	34
	35	35
	36	36
	38	37
	39	38
	40	39
	41	50
	44	41
	45	42
	46	43
	47	44
	48	45
	50	46
	51	47
	53	48
	54	50
	60	56
	61	57
net/minecraft/client/gui/screens/inventory/PageButton	48	49
	32	32
	34	34
	36	37
	37	38
	41	42
	42	43
	44	45
	13	13
	14	14
	15	15
	16	16
	48	49
	17	17
	18	18
	23	23
	24	24
	25	25
	26	26
	31	31
net/minecraft/client/renderer/DynamicUniformStorage	113	118
	17	16
	28	26
	30	27
	31	28
	32	29
	33	30
	34	31
	35	32
	38	35
	39	36
	40	37
	42	38
	43	39
	44	40
	46	43
	48	45
	51	48
	52	49
	53	50
	54	51
	55	52
	56	53
	59	56
	60	57
	63	60
	64	61
	65	62
	66	63
	69	66
	70	68
	71	71
	73	74
	74	75
	75	76
	81	80
	82	81
	85	84
	86	85
	87	86
	88	87
	91	90
	92	91
	93	93
	94	96
	95	98
	96	99
	97	100
	98	101
	99	102
	102	106
	103	107
	104	108
	109	113
	110	114
	112	117
	113	118
net/minecraft/client/renderer/entity/layers/LlamaDecorLayer	45	65
	33	41
	34	42
	35	43
	36	44
	37	45
	38	46
	40	50
	43	60
	44	61
	45	65
	25	27
	26	28
	27	29
	28	30
	29	31
net/minecraft/client/multiplayer/chat/report/ReportReason	51	47
	32	28
	33	29
	36	32
	40	36
	10	8
	11	9
	12	10
	44	40
	13	11
	14	12
	15	13
	16	14
	48	44
	17	15
	49	45
	18	16
	50	46
	19	17
	51	47
	20	18
	29	25
	30	26
	31	27
net/minecraft/client/model/animal/squid/SquidModel	67	56
	64	53
	65	54
	67	56
	18	16
	22	20
	23	21
	24	22
	27	25
	31	29
	32	30
	33	31
	35	32
	36	33
	37	33
	38	33
	39	33
	42	34
	43	35
	44	35
	46	37
	47	38
	48	39
	49	40
	50	41
	52	42
	53	43
	55	44
	58	47
	63	51
net/minecraft/client/resources/model/ModelBaker	0	0
com/mojang/realmsclient/gui/screens/configuration/RealmsSlotOptionsScreen	219	225
	128	113
	129	114
	130	115
	131	116
	134	119
	135	120
	136	121
	138	122
	139	123
	140	124
	144	128
	145	129
	149	133
	150	134
	153	137
	154	137
	156	137
	30	27
	160	141
	161	142
	38	29
	166	147
	167	148
	169	149
	44	30
	45	31
	173	153
	46	32
	174	154
	47	33
	48	34
	176	156
	49	35
	178	158
	185	201
	187	202
	188	203
	190	204
	192	205
	193	206
	69	53
	197	210
	70	54
	198	213
	71	55
	72	56
	201	211
	74	57
	202	213
	75	58
	77	59
	78	60
	206	217
	207	225
	80	61
	81	62
	82	63
	211	161
	84	65
	212	162
	85	66
	214	163
	87	68
	215	177
	217	166
	91	72
	219	194
	92	73
	93	74
	94	76
	95	77
	96	78
	97	79
	98	80
	100	82
	101	83
	102	84
	105	87
	106	88
	107	89
	108	90
	109	91
	110	92
	111	93
	112	94
	113	97
	115	99
	116	102
	118	104
	119	105
	121	107
	123	108
	124	109
	125	110
net/minecraft/client/model/geom/ModelLayers	342	336
	14	13
	16	14
	17	15
	18	16
	19	17
	20	18
	21	19
	22	20
	23	21
	24	22
	25	23
	26	24
	27	25
	28	26
	29	27
	30	28
	31	29
	32	30
	33	31
	34	32
	35	33
	36	34
	37	35
	38	36
	39	37
	40	38
	41	39
	42	40
	43	41
	44	42
	45	43
	46	44
	47	45
	48	46
	49	47
	50	48
	51	49
	52	50
	53	51
	54	52
	55	53
	56	54
	57	55
	58	56
	59	57
	60	58
	61	59
	62	60
	63	61
	64	62
	65	63
	66	64
	67	65
	68	66
	69	67
	70	68
	71	69
	72	70
	73	71
	74	72
	75	73
	76	74
	77	75
	78	76
	79	77
	80	78
	81	79
	82	80
	83	81
	84	82
	85	83
	86	84
	87	85
	88	86
	89	87
	90	88
	91	89
	92	90
	93	91
	94	92
	95	93
	96	94
	97	95
	98	96
	99	97
	100	98
	101	99
	102	100
	103	101
	104	102
	105	103
	106	104
	107	105
	108	106
	109	107
	110	108
	111	109
	112	110
	113	111
	114	112
	115	113
	116	114
	117	115
	118	116
	119	117
	120	118
	121	119
	122	120
	123	121
	124	122
	125	123
	126	124
	127	125
	128	126
	129	127
	130	128
	131	129
	132	130
	133	131
	134	132
	135	133
	136	134
	137	135
	138	136
	139	137
	140	138
	141	139
	142	140
	143	141
	144	142
	145	143
	146	144
	147	145
	148	146
	149	147
	150	148
	151	149
	152	150
	153	151
	154	152
	155	153
	156	154
	157	155
	158	156
	159	157
	160	158
	161	159
	162	160
	163	161
	164	162
	165	163
	166	164
	167	165
	168	166
	169	167
	170	168
	171	169
	172	170
	173	171
	174	172
	175	173
	176	174
	177	175
	178	176
	179	177
	180	178
	181	179
	182	180
	183	181
	184	182
	185	183
	186	184
	187	185
	188	186
	189	187
	190	188
	191	189
	192	190
	193	191
	194	192
	195	193
	196	194
	197	195
	198	196
	199	197
	200	198
	201	199
	202	200
	203	201
	204	202
	205	203
	206	204
	207	205
	208	206
	209	207
	210	208
	211	209
	212	210
	213	211
	214	212
	215	213
	216	214
	217	215
	218	216
	219	217
	220	218
	221	219
	222	220
	223	221
	224	222
	225	223
	226	224
	227	225
	228	226
	229	227
	230	228
	231	229
	232	230
	233	231
	234	232
	235	233
	236	234
	237	235
	238	236
	239	237
	240	238
	241	239
	242	240
	243	241
	244	242
	245	243
	246	244
	247	245
	248	246
	249	247
	250	248
	251	249
	252	250
	253	251
	254	252
	255	253
	256	254
	257	255
	258	256
	259	257
	260	258
	261	259
	262	260
	263	261
	264	262
	265	263
	266	264
	267	265
	268	266
	269	267
	270	268
	271	269
	272	270
	273	271
	274	272
	275	273
	276	274
	277	275
	278	276
	279	277
	280	278
	281	279
	282	280
	283	281
	284	282
	285	283
	286	284
	287	285
	288	286
	289	287
	290	288
	291	289
	292	290
	293	291
	294	292
	295	293
	296	294
	297	295
	298	296
	299	297
	300	298
	301	299
	302	300
	305	303
	309	307
	310	308
	311	309
	313	311
	317	316
	321	320
	322	320
	323	320
	324	320
	325	320
	330	324
	334	328
	338	332
	342	336
net/minecraft/client/gui/font/providers/TrueTypeGlyphProviderDefinition	94	88
	66	50
	67	51
	68	53
	69	54
	71	55
	72	56
	73	57
	74	58
	75	59
	78	62
	79	63
	80	64
	83	67
	85	68
	87	70
	88	71
	89	72
	90	73
	93	77
	94	78
	32	83
	34	84
	35	87
	36	88
	40	25
	41	25
	43	25
	44	25
	47	26
	48	28
	49	29
	50	30
	51	32
	52	34
	53	36
	57	41
	62	46
net/minecraft/client/renderer/debug/BeeDebugRenderer	274	228
	256	213
	262	217
	263	218
	264	219
	266	220
	268	222
	269	223
	273	227
	274	228
	66	54
	67	55
	71	61
	73	62
	74	63
	76	65
	79	68
	81	69
	82	70
	83	71
	84	72
	86	74
	89	75
	93	76
	95	77
	96	78
	97	79
	99	80
	100	81
	102	83
	104	84
	105	85
	106	86
	108	88
	110	89
	114	92
	115	93
	116	94
	117	95
	119	97
	120	98
	124	102
	126	103
	127	104
	128	105
	130	107
	132	108
	133	109
	135	110
	136	111
	137	112
	139	113
	140	114
	141	115
	144	118
	145	119
	146	121
	147	121
	149	121
	154	126
	155	127
	156	128
	159	131
	160	132
	161	133
	162	134
	163	135
	168	140
	170	141
	171	142
	174	145
	176	146
	177	147
	178	148
	179	149
	181	151
	184	154
	186	155
	187	156
	190	159
	193	160
	196	161
	200	162
	201	163
	203	165
	208	168
	209	169
	211	171
	215	174
	216	175
	217	176
	218	177
	224	182
	225	183
	226	184
	229	186
	232	189
	233	190
	236	193
	240	197
	241	198
	242	199
	246	203
	250	207
	251	208
	252	209
	253	210
	255	212
com/mojang/realmsclient/gui/screens/configuration/package-info	0	0
net/minecraft/client/renderer/blockentity/ShulkerBoxRenderer	126	143
	64	62
	65	63
	66	64
	70	67
	72	69
	73	70
	75	72
	77	75
	78	76
	81	89
	82	90
	83	91
	84	92
	85	93
	88	105
	89	106
	90	107
	93	110
	94	111
	95	113
	96	114
	97	115
	98	116
	99	117
	37	32
	104	122
	43	37
	44	38
	108	126
	109	127
	110	128
	47	41
	111	129
	48	42
	51	45
	52	46
	53	47
	117	135
	118	136
	119	137
	57	50
	123	140
	124	141
	125	142
	62	60
	126	143
	63	61
net/minecraft/client/gui/components/debug/DebugEntryTps	56	69
	18	22
	19	23
	20	24
	21	25
	22	65
	25	26
	26	27
	27	28
	29	29
	30	31
	31	32
	32	33
	33	34
	35	36
	39	40
	40	41
	41	42
	42	43
	43	44
	45	47
	46	49
	48	59
	51	63
	52	65
	56	69
net/minecraft/client/gui/screens/inventory/HorseInventoryScreen	43	43
	33	33
	18	18
	19	19
	38	38
	23	23
	43	43
	28	28
	13	13
	14	14
	15	15
net/minecraft/client/resources/metadata/language/package-info	0	0
net/minecraft/client/multiplayer/chat/LoggedChatMessage	105	110
	64	66
	68	70
	69	71
	74	76
	78	80
	83	85
	22	21
	88	90
	89	92
	26	25
	90	93
	91	95
	95	100
	32	31
	100	105
	38	37
	39	39
	40	40
	41	41
	105	110
	42	43
	44	45
	48	49
	49	50
	50	51
	52	53
	57	59
	58	60
	59	61
	63	65
net/minecraft/client/renderer/feature/ItemFeatureRenderer	150	134
	128	118
	129	119
	131	121
	136	126
	140	130
	141	130
	143	130
	147	134
	148	134
	150	134
	26	24
	27	25
	43	35
	44	36
	45	37
	48	40
	51	45
	52	46
	53	47
	56	50
	60	53
	61	54
	62	55
	65	59
	69	65
	70	66
	71	67
	73	68
	74	69
	76	70
	77	71
	80	74
	81	75
	82	76
	83	77
	85	78
	86	79
	87	80
	90	83
	91	84
	94	87
	96	89
	99	92
	100	93
	101	94
	103	97
	107	101
	109	102
	110	103
	111	104
	112	105
	114	108
	118	112
	119	113
	120	113
	121	113
	124	114
net/minecraft/client/resources/model/package-info	0	0
net/minecraft/client/animation/Keyframe	13	8
	12	7
	13	8
net/minecraft/client/renderer/feature/BlockFeatureRenderer	159	194
	128	146
	130	149
	131	151
	132	152
	135	155
	138	158
	141	168
	142	169
	143	170
	146	174
	147	175
	149	177
	152	187
	153	188
	154	189
	155	190
	156	191
	157	192
	159	194
	37	32
	38	33
	41	35
	45	45
	46	46
	47	47
	50	57
	51	58
	52	59
	53	60
	56	69
	57	70
	58	70
	59	71
	60	71
	62	72
	63	73
	64	74
	65	75
	67	77
	68	78
	69	79
	70	80
	71	81
	75	82
	76	83
	78	84
	79	85
	80	86
	82	89
	85	101
	86	102
	87	104
	88	105
	89	106
	90	107
	92	109
	93	110
	94	111
	97	119
	98	120
	102	121
	104	123
	105	124
	106	125
	108	127
	111	130
	112	131
	114	133
	115	134
	118	138
	123	141
	124	142
	126	144
	127	145
com/mojang/blaze3d/opengl/GlTimerQuery	43	40
	32	29
	37	35
	38	36
	39	40
	41	37
	42	38
	43	40
	16	15
	17	16
	21	20
	22	21
	23	22
	25	23
	26	24
	28	25
	29	26
	30	27
com/mojang/blaze3d/pipeline/DepthStencilState	15	10
	11	6
	14	9
	15	10
net/minecraft/client/renderer/block/BlockModelRenderState	131	146
	129	143
	131	146
	22	23
	33	33
	34	34
	35	35
	36	36
	37	37
	38	38
	39	39
	41	41
	44	44
	45	45
	47	48
	51	52
	52	53
	53	54
	56	57
	58	58
	59	59
	60	60
	62	62
	64	65
	68	71
	70	72
	71	73
	72	74
	73	75
	74	76
	75	77
	77	79
	80	82
	83	85
	84	85
	86	85
	90	96
	91	97
	92	98
	94	99
	95	100
	96	101
	97	102
	98	103
	100	105
	103	108
	106	118
	107	119
	111	124
	113	125
	117	130
	119	133
	122	136
	126	140
	127	141
net/minecraft/client/renderer/entity/state/GhastRenderState	0	0
net/minecraft/client/renderer/state/OptionsRenderState	29	30
	24	25
	25	26
	29	30
	15	16
net/minecraft/client/renderer/item/CompositeModel	63	71
	37	42
	38	44
	39	45
	40	47
	44	52
	49	57
	50	58
	20	20
	52	60
	21	21
	56	64
	25	33
	57	65
	27	34
	59	68
	28	36
	60	69
	29	37
	61	70
	31	39
	63	71
net/minecraft/client/renderer/entity/state/package-info	0	0
com/mojang/blaze3d/platform/InputConstants	497	473
	182	166
	185	300
	186	301
	187	302
	189	305
	190	306
	192	308
	193	309
	194	310
	196	313
	199	322
	200	323
	201	324
	206	344
	208	345
	209	346
	210	347
	211	348
	212	349
	213	350
	214	351
	215	352
	217	353
	218	354
	219	355
	220	356
	221	357
	222	358
	223	359
	224	360
	225	361
	226	362
	228	363
	229	364
	230	365
	231	366
	232	367
	233	368
	234	369
	235	370
	236	371
	237	372
	238	373
	239	374
	240	375
	241	376
	242	377
	243	378
	244	379
	245	380
	246	381
	247	382
	248	383
	249	384
	250	385
	251	386
	252	387
	253	388
	255	389
	256	390
	257	391
	258	392
	259	393
	260	394
	261	395
	262	396
	263	397
	264	398
	265	399
	266	400
	267	401
	268	402
	269	403
	270	404
	271	405
	272	406
	273	407
	274	408
	275	409
	276	410
	277	411
	278	412
	279	413
	281	414
	282	415
	283	416
	284	417
	285	418
	286	419
	287	420
	288	421
	289	422
	290	423
	291	424
	292	425
	293	426
	294	427
	295	428
	296	429
	297	430
	298	431
	300	432
	301	433
	302	434
	303	435
	305	436
	306	437
	307	438
	308	439
	309	440
	310	441
	311	442
	312	443
	313	444
	314	445
	315	446
	316	447
	317	448
	319	449
	320	450
	321	451
	322	452
	323	453
	324	454
	325	455
	326	456
	328	457
	329	458
	331	459
	332	460
	333	461
	334	462
	335	463
	336	464
	337	465
	339	466
	340	467
	341	468
	343	469
	344	470
	345	471
	346	472
	347	473
	356	327
	357	328
	358	329
	361	332
	362	333
	363	334
	364	335
	367	338
	368	339
	379	242
	382	245
	383	246
	384	247
	386	248
	387	249
	388	250
	391	253
	395	257
	399	261
	403	265
	407	269
	408	270
	410	272
	411	272
	413	272
	418	278
	419	279
	421	280
	422	284
	424	281
	425	282
	430	290
	435	295
	440	169
	441	169
	443	169
	447	173
	448	174
	451	177
	452	178
	453	179
	454	180
	455	181
	456	182
	458	185
	461	189
	465	193
	469	203
	472	204
	473	205
	474	206
	475	207
	478	216
	479	217
	480	218
	481	219
	482	220
	485	223
	486	224
	487	225
	490	228
	494	232
	495	233
	497	235
net/minecraft/client/renderer/WeatherEffectRenderer	310	282
	257	230
	258	231
	259	232
	260	234
	261	235
	262	236
	265	237
	266	238
	270	241
	271	242
	273	243
	278	247
	279	248
	281	249
	282	250
	283	251
	285	252
	286	253
	287	254
	289	255
	290	258
	294	264
	295	265
	296	266
	298	268
	300	270
	303	274
	306	277
	307	278
	309	281
	310	282
	59	59
	60	60
	66	65
	67	66
	70	69
	71	70
	72	71
	73	72
	74	73
	75	74
	76	75
	79	78
	82	81
	83	82
	84	112
	87	83
	88	84
	89	85
	90	86
	92	87
	93	88
	95	90
	96	91
	97	92
	98	93
	99	94
	100	95
	104	96
	105	97
	109	98
	110	99
	113	100
	114	101
	116	102
	117	103
	118	104
	119	105
	123	112
	126	115
	127	116
	128	117
	131	120
	132	121
	133	162
	135	122
	136	123
	137	124
	139	125
	140	126
	141	127
	143	128
	149	133
	150	134
	152	135
	153	136
	155	138
	156	139
	157	140
	158	141
	159	142
	163	146
	165	151
	166	152
	168	153
	169	154
	171	155
	173	156
	174	157
	176	158
	177	159
	179	162
	183	167
	184	168
	185	169
	186	170
	187	171
	189	172
	193	178
	195	179
	196	180
	197	181
	199	182
	200	182
	201	182
	204	183
	211	194
	212	222
	214	195
	215	197
	216	198
	217	199
	218	200
	220	201
	221	202
	223	203
	224	204
	225	205
	227	206
	228	207
	229	208
	230	209
	231	210
	232	211
	234	212
	235	213
	236	214
	237	215
	239	216
	240	217
	241	218
	242	219
	244	222
	247	225
	248	226
	249	274
	252	227
	253	228
	255	229
net/minecraft/client/model/geom/LayerDefinitions	567	572
	167	164
	168	165
	169	166
	171	167
	172	168
	173	169
	174	170
	175	171
	178	174
	180	175
	181	177
	182	181
	183	183
	184	185
	185	189
	186	190
	187	191
	188	192
	189	193
	190	194
	191	195
	192	196
	193	197
	194	198
	195	199
	196	200
	197	201
	198	202
	199	203
	200	204
	201	205
	202	206
	203	207
	204	208
	205	209
	206	210
	207	211
	208	212
	209	213
	210	214
	211	215
	212	216
	213	217
	214	218
	215	219
	216	220
	217	221
	218	222
	219	223
	220	224
	221	225
	222	226
	223	227
	224	228
	225	229
	226	230
	227	231
	228	232
	229	233
	230	234
	231	235
	232	236
	233	237
	234	238
	235	239
	236	240
	237	241
	238	242
	239	243
	240	244
	241	245
	242	246
	243	247
	244	248
	245	249
	246	250
	247	251
	248	252
	249	253
	250	254
	251	255
	252	256
	254	257
	255	258
	256	259
	257	260
	258	261
	259	262
	260	263
	261	264
	262	265
	263	266
	264	267
	265	268
	266	269
	267	270
	268	271
	269	272
	270	273
	271	274
	272	275
	273	276
	274	277
	275	278
	276	279
	277	280
	278	281
	279	282
	280	283
	281	284
	282	285
	283	286
	284	287
	285	288
	286	289
	287	290
	288	291
	289	292
	290	293
	291	294
	292	295
	293	296
	294	297
	295	298
	296	299
	297	300
	298	301
	299	302
	300	303
	301	304
	302	305
	303	306
	304	307
	305	308
	306	309
	307	310
	308	311
	309	312
	310	313
	311	314
	312	315
	313	316
	314	317
	315	318
	316	319
	317	320
	318	321
	319	322
	320	323
	321	324
	322	325
	323	326
	324	327
	325	328
	326	329
	327	330
	328	331
	329	332
	330	333
	331	334
	332	335
	333	336
	334	337
	335	338
	336	339
	337	340
	338	341
	339	342
	340	343
	341	344
	342	345
	343	346
	344	347
	345	348
	346	349
	347	350
	348	351
	349	352
	350	353
	351	354
	352	355
	353	356
	354	357
	355	358
	356	359
	357	360
	358	361
	359	362
	360	363
	361	364
	362	365
	363	366
	364	367
	365	368
	366	369
	367	370
	368	371
	369	372
	370	373
	371	374
	372	375
	373	376
	374	377
	375	378
	376	379
	377	380
	378	381
	379	382
	380	383
	381	384
	382	385
	383	386
	384	387
	385	388
	386	389
	387	390
	388	391
	389	392
	390	393
	391	394
	392	395
	393	396
	394	397
	395	398
	396	399
	397	400
	398	401
	399	402
	400	403
	401	404
	402	405
	403	406
	404	407
	405	408
	406	409
	407	410
	408	411
	409	412
	410	413
	411	414
	412	415
	413	416
	414	417
	415	418
	416	419
	417	420
	418	421
	419	422
	420	423
	421	424
	422	425
	423	426
	424	427
	425	428
	426	429
	427	430
	428	431
	429	432
	430	433
	431	434
	432	435
	433	436
	434	437
	435	438
	436	439
	437	440
	438	441
	439	442
	440	443
	441	444
	442	445
	443	446
	444	447
	445	448
	446	449
	447	450
	448	451
	449	452
	450	453
	451	454
	452	455
	453	456
	454	457
	455	458
	456	459
	457	460
	458	461
	459	462
	460	463
	461	464
	462	465
	463	466
	464	467
	465	468
	466	469
	467	470
	468	471
	469	472
	470	473
	471	474
	472	475
	473	476
	474	477
	475	478
	476	479
	477	480
	478	481
	479	482
	480	483
	481	484
	482	485
	483	486
	484	487
	485	488
	486	489
	487	490
	488	491
	489	492
	490	493
	491	494
	492	495
	493	496
	494	497
	495	498
	496	499
	497	500
	498	501
	499	502
	500	503
	501	504
	502	505
	503	506
	504	507
	505	508
	506	509
	507	510
	508	511
	509	512
	510	513
	511	514
	512	515
	513	516
	514	517
	515	518
	516	519
	517	520
	518	521
	519	522
	520	523
	521	527
	522	530
	523	531
	524	532
	525	533
	527	534
	528	535
	530	536
	531	537
	532	538
	533	539
	534	540
	535	541
	536	542
	537	543
	538	544
	539	545
	540	546
	541	547
	542	548
	543	549
	544	550
	545	551
	546	552
	547	553
	548	554
	549	555
	551	556
	552	557
	553	558
	554	559
	555	560
	556	562
	557	563
	558	564
	560	566
	562	567
	563	568
	564	569
	565	570
	567	572
net/minecraft/client/renderer/block/BlockAndTintGetter	55	48
	50	44
	35	32
	20	19
	55	48
	40	36
	25	23
	45	40
	30	28
com/mojang/realmsclient/exception/RealmsHttpException	6	6
	5	5
	6	6
net/minecraft/client/renderer/special/CopperGolemStatueSpecialRenderer	69	74
	32	52
	66	41
	67	42
	35	56
	68	43
	36	57
	69	44
	40	61
	45	65
	46	66
	50	70
	51	71
	52	72
	53	73
	54	74
	24	23
	25	24
	26	25
	61	36
	29	47
	62	37
	30	49
	31	50
net/minecraft/client/gui/screens/inventory/MinecartCommandBlockEditScreen	33	35
	16	16
	32	32
	33	35
	21	21
	26	26
	11	11
	27	27
	12	12
	28	28
net/minecraft/client/renderer/blockentity/state/LecternRenderState	0	0
net/minecraft/client/renderer/fog/environment/MobEffectFogEnvironment	25	25
	20	20
	25	25
	15	15
net/minecraft/client/multiplayer/RegistryDataCollector	184	187
	128	124
	130	126
	131	128
	132	129
	133	130
	134	130
	135	130
	136	131
	138	133
	141	136
	142	137
	143	138
	145	140
	146	141
	149	144
	150	145
	151	146
	153	148
	154	149
	159	155
	32	35
	161	156
	164	158
	165	159
	38	40
	39	41
	167	162
	42	44
	170	165
	43	45
	171	166
	172	167
	46	48
	47	49
	50	52
	51	53
	179	182
	180	183
	183	186
	184	187
	58	174
	59	175
	63	58
	64	59
	69	65
	70	66
	72	67
	73	70
	75	72
	76	73
	77	74
	78	75
	79	85
	82	76
	83	77
	84	78
	85	79
	88	81
	89	82
	93	85
	96	88
	99	92
	100	94
	101	97
	102	98
	103	99
	104	100
	105	101
	106	102
	109	105
	110	105
	111	105
	114	106
	115	107
	119	113
	120	114
	121	116
	122	117
	123	118
	124	120
	125	121
	126	121
	127	121
net/minecraft/client/model/monster/strider/StriderModel	66	58
	64	56
	65	57
	66	58
	24	16
	25	17
	26	18
	27	19
	28	20
	32	23
	34	24
	35	25
	37	26
	38	27
	39	28
	41	30
	42	31
	45	34
	47	35
	48	36
	50	37
	51	38
	53	39
	54	40
	59	52
	60	53
	61	54
	63	55
net/minecraft/client/renderer/entity/state/HappyGhastRenderState	6	6
	6	6
com/mojang/realmsclient/util/task/RealmCreationTask	41	39
	32	30
	33	31
	34	32
	35	33
	37	35
	41	39
	10	10
	12	11
	19	17
	20	18
	21	19
	22	20
	26	24
	29	27
	30	28
	31	29
net/minecraft/client/animation/KeyframeAnimations	24	15
	24	15
	9	7
	13	11
net/minecraft/client/model/animal/dolphin/package-info	0	0
net/minecraft/client/model/monster/warden/WardenModel	240	189
	43	39
	45	40
	46	41
	47	42
	48	43
	49	44
	50	45
	51	46
	52	47
	53	48
	54	49
	55	50
	57	51
	58	52
	59	53
	60	54
	61	55
	62	56
	63	57
	66	60
	67	61
	69	62
	70	62
	71	62
	73	63
	74	64
	75	64
	76	64
	78	66
	79	67
	80	67
	83	69
	84	71
	85	71
	86	72
	89	74
	90	75
	91	75
	92	75
	95	77
	96	78
	97	78
	98	78
	101	80
	102	81
	103	81
	104	81
	107	83
	108	84
	109	84
	110	84
	113	86
	114	87
	115	87
	116	87
	119	89
	120	90
	121	90
	122	90
	125	92
	126	93
	127	93
	128	93
	131	95
	135	99
	136	100
	137	101
	142	106
	143	107
	144	108
	149	113
	150	114
	151	115
	156	120
	157	121
	158	122
	164	127
	167	128
	168	129
	169	130
	170	131
	173	132
	174	133
	175	134
	176	135
	177	136
	178	137
	179	138
	182	141
	183	142
	184	143
	187	146
	188	147
	189	148
	192	149
	193	150
	195	151
	196	152
	197	153
	200	156
	201	157
	202	158
	203	159
	204	160
	206	161
	207	162
	209	163
	210	164
	212	165
	213	166
	215	167
	216	168
	218	169
	219	170
	221	171
	222	172
	225	175
	226	176
	227	177
	228	178
	230	179
	231	180
	232	181
	233	182
	234	183
	237	186
	238	187
	239	188
	240	189
net/minecraft/client/renderer/entity/ChickenRenderer	62	67
	32	35
	33	39
	39	46
	40	50
	42	47
	43	48
	44	50
	48	53
	53	59
	26	26
	58	63
	27	27
	59	64
	28	28
	60	65
	61	66
	62	67
	31	32
net/minecraft/client/renderer/entity/state/EnderDragonRenderState	38	35
	32	29
	33	30
	35	32
	22	20
	38	35
	27	25
	28	26
	29	27
	30	28
net/minecraft/client/particle/SpellParticle	129	164
	128	91
	129	92
	13	13
	19	20
	20	21
	21	22
	22	23
	23	24
	24	25
	25	26
	26	27
	27	28
	30	31
	32	32
	34	33
	35	34
	37	35
	38	36
	40	38
	44	42
	49	47
	50	48
	52	49
	53	50
	55	52
	57	54
	61	58
	62	59
	63	60
	66	63
	67	64
	68	65
	75	125
	76	126
	80	139
	88	100
	89	101
	93	114
	95	115
	96	116
	97	117
	105	147
	106	148
	110	161
	111	162
	112	163
	113	164
	121	75
	122	76
	126	89
	127	90
net/minecraft/client/model/object/skull/SkullModelBase	10	10
	9	9
	10	10
com/mojang/realmsclient/dto/RealmsNotification	192	194
	138	106
	139	107
	140	108
	141	109
	142	110
	143	111
	146	114
	147	115
	148	116
	149	117
	150	118
	154	122
	27	25
	155	123
	156	124
	157	125
	159	128
	160	129
	161	130
	162	131
	163	132
	36	32
	164	133
	165	134
	166	135
	167	136
	168	137
	170	139
	44	39
	172	141
	45	40
	173	142
	46	41
	174	143
	47	42
	48	43
	176	146
	177	147
	178	148
	51	46
	179	149
	180	150
	181	151
	55	50
	59	54
	190	160
	63	58
	191	161
	192	162
	65	61
	66	61
	67	62
	69	64
	70	65
	72	68
	76	72
	77	73
	78	74
	80	77
	81	78
	82	79
	84	80
	85	82
	86	83
	87	84
	88	85
	102	175
	103	176
	104	177
	105	178
	106	179
	109	182
	110	183
	111	184
	112	185
	116	189
	120	193
	121	194
net/minecraft/client/renderer/entity/layers/WitherArmorLayer	38	35
	17	16
	33	31
	18	17
	19	18
	38	35
	23	21
	12	12
	28	26
net/minecraft/client/model/BabyModelTransform	46	36
	32	24
	33	25
	34	26
	35	27
	37	28
	40	30
	41	31
	42	32
	43	33
	46	36
	23	15
	24	16
	27	19
	28	20
net/minecraft/client/model/geom/EntityModelSet	26	25
	18	16
	19	17
	20	18
	22	20
	9	8
	26	25
	14	12
	15	13
net/minecraft/client/multiplayer/PlayerInfo	120	116
	64	59
	65	60
	66	61
	69	64
	73	68
	77	72
	78	73
	81	76
	85	80
	86	81
	89	84
	90	85
	92	88
	30	27
	31	28
	32	29
	96	92
	35	32
	100	96
	101	97
	38	33
	39	34
	104	100
	43	38
	108	104
	109	105
	47	42
	112	108
	51	46
	116	112
	117	113
	55	50
	120	116
	59	54
	60	55
	61	56
net/minecraft/client/resources/sounds/SnifferSoundInstance	42	36
	32	34
	33	36
	36	28
	37	29
	38	30
	40	31
	41	32
	42	36
	15	13
	17	14
	19	15
	20	16
	21	17
	22	18
	26	22
	31	27
com/mojang/blaze3d/vertex/package-info	0	0
net/minecraft/client/gui/components/events/AbstractContainerEventHandler	41	37
	16	11
	32	37
	34	27
	35	28
	21	16
	37	31
	22	17
	38	32
	40	35
	41	37
	26	21
	31	26
net/minecraft/client/model/animal/pig/PigModel	38	35
	33	30
	34	32
	19	17
	35	32
	36	33
	22	20
	38	35
	23	21
	26	24
	30	28
	31	29
net/minecraft/client/gui/components/toasts/RecipeToast	87	83
	65	64
	66	65
	69	68
	70	69
	71	70
	74	73
	76	74
	77	75
	78	76
	81	79
	18	16
	83	80
	20	18
	84	81
	21	19
	86	82
	87	83
	26	23
	30	27
	34	31
	39	36
	40	37
	41	38
	43	41
	44	42
	46	44
	48	49
	49	52
	53	56
	55	57
	56	58
	58	59
	60	60
	61	61
	62	62
	63	63
net/minecraft/client/gui/contextualbar/ContextualBarRenderer	44	44
	35	36
	36	37
	37	38
	39	39
	40	40
	41	41
	42	42
	43	43
	44	44
	17	16
	20	20
	24	24
	28	28
net/minecraft/client/gui/screens/inventory/tooltip/ClientActivePlayersTooltip	51	50
	33	30
	34	32
	35	33
	36	34
	37	35
	40	39
	45	44
	46	45
	47	46
	48	47
	49	48
	19	16
	51	50
	20	17
	24	21
	28	25
net/minecraft/client/GraphicsPreset	118	117
	14	15
	15	16
	16	17
	17	18
	23	22
	26	25
	27	26
	28	27
	32	30
	36	34
	40	38
	41	39
	42	40
	44	42
	45	43
	46	44
	47	45
	48	46
	49	47
	50	48
	51	49
	52	50
	53	51
	54	52
	55	53
	56	54
	57	55
	58	56
	59	57
	60	58
	61	59
	62	60
	64	63
	65	64
	66	65
	67	66
	68	67
	69	68
	70	69
	71	70
	72	71
	73	72
	74	73
	75	74
	76	75
	77	76
	78	77
	79	78
	80	79
	81	80
	82	81
	84	84
	85	85
	86	86
	87	87
	88	88
	89	89
	90	90
	91	91
	92	92
	93	93
	94	94
	95	95
	96	96
	97	97
	98	98
	99	99
	100	100
	102	101
	103	102
	105	104
	109	108
	112	111
	113	112
	114	113
	115	114
	118	117
net/minecraft/client/renderer/blockentity/state/ShulkerBoxRenderState	8	8
	8	8
com/mojang/realmsclient/dto/RegionDataDto	0	0
net/minecraft/client/particle/LargeSmokeParticle	21	32
	16	18
	17	19
	21	32
	9	11
	10	12
net/minecraft/client/gui/font/GlyphRenderTypes	38	25
	17	12
	18	13
	19	13
	35	22
	20	13
	36	23
	37	24
	38	25
	26	18
	27	18
	28	18
	29	18
net/minecraft/client/multiplayer/ServerStatusPinger	246	225
	46	46
	47	47
	49	48
	50	49
	51	50
	52	51
	53	52
	55	53
	58	58
	59	59
	60	59
	61	59
	62	60
	63	61
	64	161
	67	63
	69	64
	71	65
	73	66
	74	67
	76	68
	83	74
	84	75
	85	123
	87	77
	88	78
	89	79
	91	80
	92	81
	93	82
	94	83
	95	84
	96	85
	97	86
	99	87
	100	88
	101	89
	103	90
	104	91
	105	93
	107	95
	108	96
	110	98
	112	101
	114	104
	115	105
	117	108
	119	110
	121	112
	122	112
	123	112
	125	113
	126	114
	127	115
	128	116
	130	118
	132	119
	133	120
	134	121
	135	123
	139	127
	140	128
	141	129
	142	130
	148	135
	149	136
	150	137
	152	138
	154	139
	155	140
	159	143
	160	144
	161	145
	163	147
	167	150
	172	155
	173	156
	174	157
	175	158
	177	161
	180	164
	181	165
	182	166
	183	167
	186	172
	187	172
	188	172
	193	176
	194	177
	197	180
	199	181
	200	182
	201	183
	202	184
	203	185
	204	186
	206	187
	208	188
	209	188
	210	189
	213	192
	214	193
	215	194
	219	198
	220	199
	221	201
	222	202
	224	203
	225	204
	227	206
	228	207
	232	211
	235	214
	236	215
	237	217
	238	218
	240	219
	241	220
	242	221
	246	225
net/minecraft/client/gui/screens/reporting/ChatReportScreen	88	85
	65	66
	66	67
	67	68
	69	70
	72	73
	73	74
	74	75
	76	77
	78	80
	79	81
	19	17
	20	18
	85	85
	86	85
	88	85
	27	24
	28	25
	31	28
	32	29
	35	32
	36	33
	40	38
	41	40
	42	41
	43	42
	44	43
	45	45
	47	48
	48	49
	50	50
	51	51
	52	52
	53	54
	54	56
	56	57
	57	58
	58	59
	59	60
	60	61
	61	62
net/minecraft/client/renderer/special/StandingSignSpecialRenderer	64	70
	64	46
	32	49
	33	51
	34	52
	35	53
	36	55
	39	59
	40	60
	44	64
	49	68
	50	69
	51	70
	57	39
	26	25
	58	40
	27	26
	28	27
	29	28
	62	44
	63	45
com/mojang/realmsclient/dto/RealmsWorldOptions	121	122
	13	13
	16	15
	19	17
	22	19
	25	21
	28	23
	31	25
	34	27
	37	29
	44	34
	47	45
	48	46
	49	47
	50	48
	51	49
	52	50
	53	51
	54	52
	57	55
	61	61
	62	62
	63	63
	64	64
	65	65
	66	66
	70	71
	74	76
	75	77
	76	78
	80	82
	81	83
	84	86
	85	87
	86	88
	88	91
	89	92
	93	96
	94	97
	96	100
	97	101
	99	104
	100	105
	102	107
	105	110
	106	111
	107	111
	110	111
	112	113
	117	118
	121	122
net/minecraft/client/gui/screens/dialog/ButtonListDialogScreen	41	35
	33	33
	18	17
	19	18
	35	34
	36	34
	37	34
	23	23
	25	24
	41	35
	26	25
	27	26
net/minecraft/client/model/monster/phantom/package-info	0	0
net/minecraft/client/model/effects/package-info	0	0
net/minecraft/client/gui/screens/inventory/BlastFurnaceScreen	29	26
	16	15
	17	16
	19	17
	21	21
	28	25
	29	26
	15	14
net/minecraft/client/particle/BubbleParticle	61	65
	12	14
	13	15
	15	16
	17	17
	18	18
	19	19
	21	20
	22	21
	26	25
	27	26
	28	27
	30	28
	31	29
	32	40
	35	31
	36	32
	37	33
	38	34
	39	35
	41	36
	42	37
	44	40
	48	44
	55	51
	56	52
	60	65
	61	65
com/mojang/blaze3d/preprocessor/package-info	0	0
com/mojang/realmsclient/client/worldupload/RealmsCreateWorldFlow	106	133
	65	82
	66	83
	68	85
	70	88
	73	91
	74	92
	76	95
	77	96
	79	98
	81	101
	83	104
	85	106
	87	109
	90	117
	91	118
	92	119
	95	122
	97	123
	98	124
	99	125
	100	126
	37	36
	101	127
	102	128
	103	129
	40	48
	104	130
	106	133
	43	52
	44	53
	45	54
	46	55
	47	56
	49	60
	50	62
	51	64
	52	66
	54	69
	55	70
	57	73
	58	74
	59	75
	60	76
	62	79
	63	80
net/minecraft/client/renderer/item/ItemModels	22	27
	16	21
	17	22
	18	23
	19	24
	20	25
	21	26
	22	27
	11	16
	14	19
	15	20
net/minecraft/client/gui/screens/inventory/CrafterScreen	126	129
	18	19
	19	20
	20	21
	21	22
	22	23
	27	27
	28	28
	29	29
	33	33
	34	34
	35	35
	39	39
	40	40
	42	42
	43	43
	44	44
	45	45
	49	49
	50	50
	51	51
	57	56
	58	57
	61	60
	62	61
	65	64
	66	65
	69	68
	70	69
	71	70
	72	71
	73	72
	77	76
	78	77
	79	78
	81	80
	83	83
	84	84
	85	85
	86	86
	89	89
	91	91
	94	94
	95	95
	99	99
	100	100
	102	101
	103	103
	104	106
	106	108
	109	111
	110	112
	112	114
	113	115
	115	117
	117	120
	118	121
	122	125
	123	126
	124	127
	125	128
	126	129
com/mojang/realmsclient/dto/OutboundPlayer	0	0
net/minecraft/client/renderer/item/properties/select/SelectItemModelProperties	22	28
	16	22
	17	23
	18	24
	19	25
	20	26
	21	27
	22	28
	9	15
	12	18
	13	19
	14	20
	15	21
net/minecraft/client/renderer/entity/player/package-info	0	0
net/minecraft/client/model/monster/warden/package-info	0	0
net/minecraft/client/renderer/blockentity/state/package-info	0	0
net/minecraft/client/renderer/item/properties/select/Charge	41	37
	16	16
	17	17
	36	32
	21	22
	22	23
	23	24
	41	37
	26	26
	27	26
	31	26
net/minecraft/client/gui/components/AbstractTextAreaWidget	128	140
	128	140
	65	74
	67	75
	68	76
	69	77
	71	80
	74	83
	12	13
	77	86
	81	90
	19	23
	20	24
	23	36
	87	95
	24	37
	25	38
	26	39
	92	105
	30	43
	31	44
	97	110
	36	49
	37	50
	101	114
	38	51
	102	115
	39	52
	40	53
	41	54
	105	118
	42	55
	106	119
	107	120
	45	59
	110	123
	50	64
	51	80
	54	65
	118	131
	55	66
	58	69
	122	135
	60	70
	61	71
	62	72
	63	73
net/minecraft/client/renderer/entity/player/AvatarRenderer	315	300
	256	257
	257	258
	258	259
	259	260
	260	261
	261	262
	262	263
	266	266
	267	267
	269	268
	270	269
	272	270
	274	271
	275	272
	278	275
	279	276
	281	278
	282	279
	286	280
	289	281
	290	282
	292	283
	294	284
	297	287
	299	289
	304	292
	305	293
	50	50
	306	293
	52	51
	308	293
	53	54
	54	55
	311	295
	56	58
	57	59
	58	60
	59	61
	315	300
	60	62
	61	63
	62	64
	63	65
	64	66
	65	67
	69	70
	74	74
	75	75
	76	75
	79	75
	83	79
	84	80
	86	81
	87	82
	90	83
	91	84
	94	87
	95	87
	97	87
	103	91
	104	92
	107	95
	108	96
	111	99
	112	100
	113	101
	114	102
	115	105
	116	106
	117	109
	118	110
	119	113
	120	114
	121	117
	122	118
	123	121
	124	122
	125	125
	126	126
	127	129
	128	130
	131	134
	132	135
	133	136
	135	138
	136	138
	138	138
	143	143
	148	147
	149	148
	150	149
	154	154
	155	155
	156	156
	157	157
	158	158
	162	161
	167	165
	168	166
	169	167
	170	168
	171	169
	172	170
	173	171
	174	172
	175	173
	176	174
	177	175
	178	176
	179	177
	180	178
	181	179
	182	180
	183	181
	185	182
	186	183
	187	184
	188	185
	190	186
	191	187
	192	188
	193	189
	194	190
	197	193
	201	196
	205	201
	206	202
	207	203
	208	204
	209	205
	210	206
	211	207
	212	208
	214	210
	215	211
	217	213
	220	216
	221	217
	222	218
	223	219
	225	220
	227	221
	228	222
	230	223
	231	224
	232	225
	233	226
	234	227
	235	228
	236	229
	238	230
	239	231
	240	232
	241	233
	244	238
	245	239
	248	244
	249	245
	254	255
	255	256
net/minecraft/client/gui/screens/RecoverWorldDataScreen	175	158
	128	108
	129	109
	130	110
	131	113
	132	114
	133	115
	134	116
	135	117
	136	118
	137	119
	139	121
	141	124
	146	129
	147	131
	148	132
	150	130
	155	138
	156	139
	157	140
	32	31
	161	144
	162	145
	163	146
	36	33
	164	147
	37	34
	165	148
	38	35
	39	36
	40	37
	41	38
	169	152
	42	39
	43	40
	44	41
	174	157
	175	158
	54	50
	55	51
	56	52
	57	53
	58	54
	59	55
	60	56
	61	57
	62	58
	63	59
	64	60
	65	61
	66	62
	68	63
	70	64
	71	65
	72	66
	74	67
	75	68
	76	68
	78	68
	80	68
	81	68
	83	69
	84	70
	86	70
	88	71
	89	72
	90	73
	92	76
	93	77
	94	77
	96	77
	98	77
	99	77
	102	78
	103	79
	107	82
	108	83
	109	84
	110	94
	111	99
	112	101
	114	85
	115	86
	116	87
	117	88
	119	90
	121	92
	122	101
	125	104
	126	105
com/mojang/realmsclient/gui/screens/RealmsBrokenWorldScreen	235	264
	37	35
	38	36
	59	49
	60	50
	61	51
	62	52
	66	56
	68	57
	70	58
	71	59
	73	61
	75	63
	79	67
	83	71
	84	72
	85	73
	88	75
	89	77
	90	78
	91	81
	92	83
	94	86
	95	88
	96	90
	97	90
	100	93
	103	98
	104	99
	105	100
	108	103
	110	105
	114	109
	115	110
	119	114
	121	115
	123	117
	124	118
	127	121
	128	154
	131	122
	132	123
	133	124
	135	138
	138	154
	141	157
	145	161
	149	165
	150	166
	151	166
	152	168
	153	169
	154	170
	155	171
	156	172
	160	177
	162	178
	163	180
	166	183
	167	184
	168	185
	169	186
	170	187
	173	192
	174	193
	177	196
	180	199
	181	200
	182	201
	183	202
	185	203
	186	204
	188	206
	190	208
	191	209
	192	210
	193	211
	194	212
	196	214
	200	218
	201	219
	204	222
	210	239
	211	240
	212	241
	213	242
	214	243
	215	244
	216	245
	217	246
	218	247
	219	248
	221	250
	224	253
	225	254
	226	255
	227	256
	229	258
	230	259
	231	260
	234	263
	235	264
net/minecraft/client/gui/contextualbar/package-info	0	0
net/minecraft/client/particle/GustSeedParticle	49	59
	33	35
	42	43
	43	44
	44	45
	45	46
	14	15
	15	16
	16	17
	17	18
	49	59
	18	19
	22	23
	23	24
	24	25
	25	26
	26	27
	27	28
	30	32
	31	33
net/minecraft/client/model/monster/illager/package-info	0	0
com/mojang/blaze3d/font/UnbakedGlyph	0	0
net/minecraft/client/renderer/MapRenderer	102	102
	31	29
	32	30
	33	31
	37	40
	38	41
	39	42
	40	43
	41	44
	42	45
	44	46
	45	48
	46	49
	49	50
	50	51
	51	52
	52	53
	53	54
	55	55
	56	56
	57	57
	58	58
	59	59
	60	60
	61	61
	62	62
	63	63
	65	64
	68	67
	69	68
	70	69
	71	70
	73	71
	74	72
	75	73
	76	74
	77	75
	78	77
	81	80
	83	83
	86	86
	87	87
	89	89
	90	90
	92	92
	95	95
	96	96
	97	97
	98	98
	99	99
	100	100
	101	101
	102	102
net/minecraft/client/renderer/entity/layers/CapeLayer	63	67
	32	34
	33	35
	34	39
	36	36
	37	37
	42	51
	43	67
	46	52
	47	53
	48	67
	51	54
	52	67
	55	55
	56	56
	57	57
	26	28
	27	29
	28	30
	60	60
	29	31
	62	63
	63	67
net/minecraft/client/model/animal/turtle/AdultTurtleModel	77	61
	64	53
	66	55
	67	56
	68	56
	69	56
	71	58
	72	59
	73	59
	74	59
	77	61
	21	17
	22	18
	23	19
	27	23
	28	24
	30	25
	31	26
	33	28
	36	31
	37	32
	39	33
	40	33
	41	33
	42	33
	44	34
	45	36
	46	37
	47	39
	48	41
	50	43
	51	45
	52	45
	53	46
	55	48
	56	49
	57	50
	58	50
	59	50
	61	52
	62	53
	63	53
net/minecraft/client/gui/components/PlainTextButton	26	26
	16	16
	17	17
	18	18
	19	19
	20	20
	24	24
	25	25
	26	26
net/minecraft/client/model/geom/ModelLayerLocation	8	8
	8	8
net/minecraft/client/multiplayer/LegacyServerPinger	78	69
	64	56
	65	57
	66	58
	68	59
	72	63
	73	64
	77	68
	78	69
	15	14
	21	19
	22	20
	23	21
	27	25
	28	26
	30	29
	31	30
	35	31
	36	32
	37	33
	38	34
	39	35
	40	36
	41	37
	42	38
	43	39
	44	40
	46	41
	47	42
	48	43
	49	44
	51	46
	55	49
	57	50
	58	51
	59	52
	61	53
	62	54
	63	55
net/minecraft/client/multiplayer/prediction/package-info	0	0
net/minecraft/client/sounds/SoundEventListener	0	0
net/minecraft/client/particle/WaterDropParticle	73	77
	68	63
	69	64
	73	77
	12	12
	13	13
	14	14
	15	15
	17	16
	18	17
	20	18
	21	19
	25	23
	30	28
	31	29
	32	30
	34	31
	35	32
	36	57
	39	34
	40	35
	41	36
	42	37
	43	38
	45	39
	46	40
	47	41
	49	44
	50	45
	53	48
	54	49
	55	50
	56	51
	59	53
	60	54
	62	57
net/minecraft/client/gui/components/ImageButton	29	31
	17	17
	18	18
	21	23
	22	24
	23	25
	27	29
	28	30
	13	13
	29	31
	14	14
com/mojang/blaze3d/resource/ResourceHandle	10	9
	5	5
	10	9
com/mojang/realmsclient/dto/WorldDownload	29	23
	18	13
	20	16
	21	17
	22	18
	23	19
	25	21
	26	22
	29	23
	15	10
net/minecraft/client/model/animal/rabbit/BabyRabbitModel	104	72
	15	13
	20	14
	23	17
	24	18
	26	19
	27	19
	28	19
	30	20
	31	22
	32	22
	33	23
	35	25
	36	25
	37	25
	39	26
	40	28
	41	28
	42	29
	44	31
	45	32
	46	32
	47	32
	49	34
	50	35
	51	35
	52	35
	54	37
	55	37
	56	37
	57	37
	59	38
	60	38
	61	38
	63	39
	64	40
	65	40
	67	42
	68	44
	69	44
	70	45
	72	47
	73	48
	74	48
	76	50
	77	52
	78	52
	79	53
	81	55
	82	55
	83	55
	85	56
	86	57
	87	57
	89	59
	90	61
	91	61
	92	62
	94	64
	95	65
	96	65
	98	67
	99	69
	100	69
	101	70
	104	72
net/minecraft/client/resources/WaypointStyle	70	63
	66	58
	67	59
	69	62
	70	63
	26	17
	28	18
	29	20
	30	21
	31	22
	32	24
	36	34
	37	35
	39	36
	40	37
	42	39
	43	40
	45	41
	49	29
	51	29
	53	30
	56	46
	57	47
	59	50
	60	51
	62	54
	63	55
net/minecraft/client/resources/metadata/gui/GuiMetadataSection	14	13
	8	8
	10	9
	11	10
	12	11
	14	13
net/minecraft/client/gui/screens/options/InWorldGameRulesScreen	138	124
	128	114
	132	118
	133	119
	134	120
	135	121
	138	124
	26	26
	36	35
	37	36
	38	37
	39	38
	43	42
	44	43
	45	44
	48	45
	52	49
	53	50
	54	51
	55	52
	57	55
	58	56
	61	59
	62	60
	63	61
	65	61
	68	63
	72	67
	73	68
	75	69
	76	70
	78	72
	80	74
	81	74
	82	74
	85	76
	87	78
	90	81
	94	85
	98	89
	100	107
	103	90
	104	91
	105	92
	106	93
	107	94
	108	95
	110	97
	112	98
	113	99
	116	102
	117	103
	118	104
	120	105
	121	107
	124	110
	125	111
	126	112
	127	113
net/minecraft/client/renderer/blockentity/SpawnerRenderer	56	66
	32	36
	33	41
	35	37
	36	38
	37	39
	38	41
	42	44
	43	45
	45	47
	48	58
	49	59
	50	60
	51	61
	52	62
	21	21
	53	63
	22	22
	54	64
	55	65
	56	66
	26	25
	31	35
net/minecraft/client/data/models/blockstates/ConditionBuilder	41	41
	32	32
	36	36
	37	37
	41	41
	12	12
	15	15
	16	16
	19	19
	20	20
	25	25
	26	26
	27	27
	28	28
	29	29
	30	30
	31	31
net/minecraft/client/multiplayer/chat/report/ReportingContext	76	77
	64	65
	68	69
	69	70
	72	73
	76	77
	23	21
	24	22
	25	23
	26	24
	29	27
	30	28
	31	29
	35	33
	36	34
	37	35
	38	38
	39	39
	40	40
	42	42
	44	44
	45	45
	46	46
	47	47
	48	48
	51	52
	53	54
	56	57
	60	61
net/minecraft/client/renderer/feature/package-info	0	0
net/minecraft/client/renderer/entity/ElderGuardianRenderer	16	16
	16	16
	8	8
	11	11
	12	12
net/minecraft/client/gui/layouts/LayoutSettings	162	142
	128	113
	133	117
	73	69
	138	121
	139	122
	76	72
	140	123
	77	73
	78	74
	79	75
	80	76
	81	77
	145	127
	82	78
	146	128
	86	81
	151	132
	152	133
	91	85
	157	137
	96	89
	33	29
	97	89
	98	89
	162	142
	99	89
	37	33
	104	93
	41	37
	105	94
	45	41
	110	98
	111	99
	49	45
	116	103
	53	49
	117	104
	122	108
	123	109
	61	57
com/mojang/blaze3d/buffers/Std140SizeCalculator	71	68
	64	61
	65	62
	69	66
	70	67
	71	68
	12	9
	16	13
	17	14
	21	18
	22	19
	23	20
	27	24
	28	25
	29	26
	33	30
	34	31
	35	32
	39	36
	40	37
	41	38
	45	42
	46	43
	47	44
	51	48
	52	49
	53	50
	57	54
	58	55
	59	56
	63	60
net/minecraft/client/renderer/entity/PillagerRenderer	26	23
	16	15
	17	16
	21	19
	26	23
	11	11
	14	14
net/minecraft/client/renderer/blockentity/state/SkullBlockRenderState	10	11
	9	10
	10	11
net/minecraft/client/renderer/special/BedSpecialRenderer	60	63
	32	45
	33	47
	34	48
	35	50
	38	54
	39	55
	43	59
	48	63
	54	36
	23	22
	55	37
	24	23
	25	24
	26	25
	59	41
	60	42
com/mojang/blaze3d/GLFWErrorScope	24	25
	19	19
	20	20
	21	23
	23	21
	24	25
	13	13
	14	14
	15	15
net/minecraft/client/searchtree/SearchTree	25	26
	16	16
	19	19
	20	21
	21	22
	23	25
	25	26
	11	11
	15	15
net/minecraft/client/resources/model/geometry/BakedQuad	87	81
	69	62
	71	64
	72	65
	41	34
	42	35
	74	67
	43	36
	44	37
	76	70
	45	38
	46	39
	80	74
	51	44
	52	45
	84	79
	53	46
	85	80
	54	47
	86	81
	55	48
	87	81
	56	49
net/minecraft/client/particle/SpitParticle	22	33
	17	19
	18	20
	22	33
	9	11
	10	12
	11	13
net/minecraft/client/renderer/blockentity/BrushableBlockRenderer	77	92
	66	70
	68	71
	69	72
	70	74
	71	77
	72	80
	73	83
	74	86
	75	89
	77	92
	24	23
	25	24
	29	27
	34	37
	35	38
	36	39
	38	40
	39	41
	42	49
	43	50
	47	55
	48	67
	51	56
	52	57
	53	58
	55	59
	56	60
	57	61
	58	62
	59	63
	61	64
	62	65
	63	67
net/minecraft/client/renderer/texture/atlas/sources/LazyLoadedImage	52	51
	32	31
	33	32
	34	33
	35	34
	41	40
	45	44
	46	45
	47	46
	48	47
	49	48
	20	19
	52	51
	21	20
	22	21
	23	22
	26	25
	27	26
	28	27
	29	28
	30	29
	31	30
net/minecraft/client/gui/screens/worldselection/EditWorldScreen	232	203
	42	40
	43	41
	44	42
	45	43
	46	44
	47	45
	48	46
	49	47
	50	48
	51	49
	52	50
	65	60
	66	61
	70	65
	71	66
	72	67
	74	68
	75	69
	76	70
	77	71
	78	72
	81	73
	82	74
	83	74
	84	74
	85	74
	86	75
	87	75
	88	75
	89	75
	92	76
	93	77
	94	77
	95	78
	96	79
	97	80
	98	80
	99	80
	100	80
	102	81
	103	81
	104	81
	106	81
	107	81
	109	83
	110	84
	112	84
	113	84
	114	84
	115	84
	116	85
	117	86
	119	88
	120	88
	121	89
	122	90
	124	93
	125	94
	126	95
	128	98
	129	99
	130	99
	131	99
	133	101
	134	102
	135	106
	136	107
	137	109
	138	109
	139	110
	140	117
	141	118
	142	119
	145	121
	146	122
	148	123
	149	124
	153	128
	154	129
	158	133
	159	134
	163	138
	164	139
	165	140
	169	144
	170	145
	171	146
	172	147
	174	149
	179	155
	180	156
	184	160
	185	161
	186	162
	187	163
	189	166
	190	167
	193	170
	194	170
	196	170
	200	174
	201	175
	202	176
	203	177
	204	177
	207	180
	209	182
	210	183
	211	184
	213	186
	214	186
	215	187
	216	188
	217	189
	218	190
	220	191
	221	192
	222	193
	223	194
	224	195
	230	201
	231	202
	232	203
net/minecraft/client/renderer/texture/Stitcher	263	209
	128	110
	256	201
	129	111
	131	112
	259	204
	263	209
	13	14
	147	135
	148	136
	149	137
	150	138
	151	139
	26	25
	154	142
	27	26
	28	27
	29	28
	30	29
	158	146
	33	32
	163	150
	164	151
	37	36
	167	154
	168	155
	41	41
	43	41
	171	156
	44	41
	172	192
	46	43
	47	44
	176	157
	50	47
	178	158
	51	48
	179	159
	53	50
	54	51
	55	52
	183	162
	184	163
	58	55
	187	164
	189	165
	190	166
	192	167
	65	58
	66	59
	68	61
	71	64
	75	68
	76	69
	77	70
	207	168
	208	169
	81	74
	209	170
	210	171
	211	172
	213	174
	214	175
	216	177
	91	78
	92	79
	93	80
	94	81
	96	82
	97	83
	226	178
	99	84
	227	179
	100	85
	103	88
	104	89
	106	91
	107	92
	110	94
	238	180
	114	98
	242	184
	243	185
	116	99
	244	186
	117	100
	120	103
	248	190
	121	104
	124	106
	252	197
	125	107
	253	198
	254	199
	255	200
net/minecraft/client/renderer/entity/layers/SpinAttackEffectLayer	31	34
	20	19
	21	20
	22	21
	26	31
	27	34
	30	32
	15	15
	31	34
net/minecraft/client/telemetry/TelemetryEventType	198	178
	131	109
	135	113
	136	115
	137	116
	139	119
	143	123
	20	18
	148	128
	21	19
	22	20
	23	20
	152	132
	25	20
	28	23
	156	136
	160	140
	164	144
	44	35
	174	154
	175	155
	48	37
	176	156
	50	38
	51	39
	179	159
	52	40
	180	160
	53	41
	54	42
	56	43
	184	164
	57	44
	185	165
	58	45
	59	46
	60	47
	61	48
	189	169
	62	49
	190	170
	63	50
	64	51
	65	52
	194	174
	67	53
	195	175
	68	54
	196	176
	69	55
	70	56
	198	178
	71	57
	72	58
	74	59
	75	60
	76	61
	77	62
	78	63
	80	64
	81	65
	82	66
	83	67
	84	68
	85	69
	87	70
	88	71
	89	72
	90	73
	91	74
	92	75
	93	76
	94	77
	104	85
	105	86
	106	87
	107	88
	108	89
	109	89
	112	90
	115	93
	119	97
	123	101
	127	105
net/minecraft/client/particle/LavaParticle	63	68
	33	30
	38	35
	39	36
	44	41
	13	12
	45	42
	14	13
	46	43
	15	14
	47	44
	16	15
	48	45
	17	16
	18	17
	19	18
	51	48
	21	19
	23	20
	24	21
	57	54
	58	55
	28	25
	62	68
	63	68
net/minecraft/client/renderer/state/gui/pip/PictureInPictureRenderState	29	29
	22	22
	28	28
	29	29
net/minecraft/client/model/ambient/BatModel	107	78
	30	27
	31	28
	32	29
	33	30
	34	31
	35	32
	36	33
	37	34
	39	35
	40	36
	41	37
	44	40
	45	41
	47	42
	48	43
	49	43
	50	43
	52	45
	53	46
	54	46
	55	46
	57	48
	58	48
	59	48
	60	48
	62	49
	63	49
	64	49
	65	49
	67	50
	68	51
	69	51
	70	51
	72	53
	73	54
	74	54
	75	54
	77	56
	78	57
	79	57
	80	57
	82	59
	83	60
	84	60
	85	60
	87	62
	88	62
	89	62
	90	62
	92	63
	97	67
	98	68
	99	69
	101	72
	102	73
	103	74
	106	77
	107	78
net/minecraft/client/model/animal/armadillo/package-info	0	0
net/minecraft/client/resources/metadata/package-info	0	0
net/minecraft/client/player/ClientInput	25	31
	16	14
	20	18
	8	7
	24	22
	9	8
	25	31
	12	11
net/minecraft/client/renderer/entity/ArmorModelSet	45	37
	34	28
	35	29
	36	30
	37	31
	38	32
	45	37
	20	14
	21	15
	22	16
	23	17
	24	18
	25	19
	30	24
net/minecraft/client/gui/narration/NarrationThunk	54	47
	34	32
	35	33
	39	37
	40	38
	43	40
	44	40
	14	12
	47	40
	17	15
	18	16
	19	17
	52	46
	53	47
	22	20
	54	47
	26	24
	30	28
net/minecraft/client/gui/screens/options/LanguageSelectScreen	188	186
	130	126
	132	127
	133	129
	134	130
	135	131
	136	132
	137	134
	138	135
	140	136
	141	137
	142	138
	146	142
	154	150
	155	151
	28	25
	156	152
	31	27
	160	156
	161	157
	165	161
	166	162
	167	163
	40	34
	168	164
	41	35
	42	36
	170	166
	43	37
	47	41
	175	172
	48	42
	176	173
	49	43
	177	174
	50	44
	51	45
	179	177
	52	46
	53	47
	54	48
	183	181
	56	50
	184	182
	57	51
	58	52
	188	186
	62	56
	63	57
	65	59
	67	61
	71	65
	72	66
	77	70
	81	74
	82	75
	83	76
	84	77
	85	79
	86	81
	87	82
	91	86
	92	87
	93	88
	95	90
	98	93
	99	96
	100	97
	101	98
	103	101
	104	102
	108	106
	113	111
	115	112
	116	113
	117	114
	118	115
	119	116
	120	117
	122	119
	124	120
	125	121
	127	123
net/minecraft/client/model/animal/armadillo/AdultArmadilloModel	94	77
	16	14
	23	15
	27	18
	28	19
	30	20
	31	22
	32	23
	33	25
	34	27
	36	29
	37	31
	38	31
	39	32
	41	34
	42	34
	43	34
	45	35
	46	37
	47	37
	48	38
	50	40
	51	40
	52	40
	54	41
	55	43
	56	43
	57	44
	59	46
	60	46
	61	46
	63	47
	64	49
	65	49
	66	50
	68	52
	69	54
	70	54
	71	55
	73	57
	74	59
	75	59
	76	60
	78	62
	79	64
	80	64
	81	65
	83	67
	84	69
	85	69
	86	70
	88	72
	89	74
	90	74
	91	75
	94	77
com/mojang/realmsclient/Unit	48	43
	34	28
	38	32
	39	33
	40	34
	42	37
	43	38
	44	39
	15	14
	16	15
	48	43
	20	19
	21	20
	23	21
	24	22
	25	23
	30	28
	31	28
net/minecraft/client/package-info	0	0
net/minecraft/client/particle/AshParticle	21	40
	16	26
	17	27
	21	40
	9	19
	10	20
net/minecraft/client/resources/sounds/UnderwaterAmbientSoundHandler	39	37
	32	30
	33	31
	34	32
	35	33
	36	34
	39	37
	18	17
	19	18
	20	19
	24	23
	26	24
	27	25
	28	26
	29	27
	30	28
	31	29
net/minecraft/client/model/object/crystal/package-info	0	0
com/mojang/blaze3d/audio/PollingDeviceTracker	22	21
	16	15
	21	20
	22	21
	11	10
	12	11
net/minecraft/client/renderer/state/gui/pip/GuiEntityRenderState	13	47
	12	35
	13	47
net/minecraft/client/multiplayer/prediction/BlockStatePredictionHandler	91	93
	66	68
	67	69
	70	72
	79	81
	16	16
	80	82
	81	83
	82	84
	19	19
	20	22
	21	23
	85	87
	86	88
	23	24
	25	26
	90	92
	91	93
	28	29
	29	30
	30	31
	32	34
	33	35
	37	39
	38	41
	39	42
	40	43
	41	44
	42	45
	43	46
	45	47
	48	50
	51	53
	52	54
	53	55
	58	60
	59	61
	62	64
net/minecraft/client/multiplayer/chat/ChatTrustLevel	80	63
	67	51
	71	55
	72	56
	73	57
	74	58
	15	14
	16	15
	80	63
	17	16
	20	18
	25	22
	26	23
	29	26
	30	27
	33	29
	34	29
	37	29
	41	34
	42	35
	45	38
	46	39
	47	39
	50	39
	54	43
	55	43
	56	43
	58	43
	59	43
	63	47
net/minecraft/client/renderer/entity/state/PiglinRenderState	9	9
	9	9
net/minecraft/client/particle/SimpleAnimatedParticle	58	55
	15	13
	16	14
	17	15
	18	16
	19	17
	22	20
	23	21
	24	22
	25	23
	26	24
	27	25
	30	28
	31	29
	32	30
	33	31
	34	32
	38	36
	43	41
	44	42
	45	43
	46	44
	48	45
	49	46
	50	47
	51	48
	54	51
	58	55
net/minecraft/client/multiplayer/chat/report/BanReason	50	46
	8	7
	9	8
	10	9
	11	10
	12	11
	13	12
	14	13
	15	14
	16	15
	17	16
	18	17
	19	18
	20	19
	26	24
	27	25
	30	28
	34	32
	37	37
	38	33
	39	35
	40	36
	41	38
	42	39
	43	40
	44	41
	45	42
	46	43
	47	44
	48	45
	49	46
	50	34
net/minecraft/client/renderer/blockentity/state/HangingSignRenderState	6	6
	6	6
net/minecraft/client/renderer/entity/state/AxolotlRenderState	10	10
	7	7
	10	10
net/minecraft/client/renderer/entity/layers/CrossedArmsItemLayer	41	36
	32	26
	33	28
	36	31
	37	32
	38	33
	39	34
	40	35
	41	36
	17	15
	18	16
	22	21
	23	22
	24	28
	27	23
	28	24
	30	25
net/minecraft/client/particle/WhiteAshParticle	30	49
	16	26
	22	32
	23	33
	27	46
	12	22
	28	47
	13	23
	29	48
	14	24
	30	49
	15	25
net/minecraft/client/renderer/item/properties/select/ContextEntityType	31	33
	17	17
	21	23
	26	28
	15	15
	31	33
net/minecraft/client/model/animal/nautilus/NautilusArmorModel	32	36
	32	36
	17	16
	18	17
	19	18
	20	19
	23	22
	24	23
	26	24
	28	25
	29	30
	30	32
net/minecraft/client/player/LocalPlayerResolver	47	41
	34	29
	39	33
	40	34
	41	35
	42	36
	43	37
	47	41
	19	16
	20	17
	21	18
	25	21
	26	22
	28	23
	29	24
	30	25
net/minecraft/client/gui/narration/NarratedElementType	0	0
net/minecraft/client/renderer/item/properties/numeric/RangeSelectItemModelProperties	23	29
	16	22
	17	23
	18	24
	19	25
	20	26
	21	27
	22	28
	23	29
	10	16
	13	19
	14	20
	15	21
com/mojang/blaze3d/opengl/GlCommandEncoder	591	693
	512	610
	514	611
	515	612
	516	613
	518	615
	520	618
	525	622
	526	663
	528	623
	530	624
	531	625
	532	626
	533	627
	534	628
	535	629
	536	632
	537	633
	539	630
	542	636
	543	637
	544	638
	547	641
	548	642
	550	644
	553	647
	554	648
	555	649
	556	651
	46	40
	558	657
	561	660
	562	661
	563	663
	566	666
	567	667
	568	668
	569	669
	58	50
	59	51
	60	52
	61	53
	573	673
	574	674
	575	675
	65	57
	577	678
	578	679
	579	680
	580	681
	70	68
	72	69
	73	70
	585	686
	74	71
	586	687
	75	72
	587	688
	76	73
	77	74
	589	691
	78	75
	590	692
	79	76
	591	693
	81	79
	82	80
	83	81
	85	84
	86	85
	87	86
	88	87
	89	88
	91	91
	92	92
	93	93
	98	98
	103	103
	104	104
	105	105
	106	106
	107	107
	108	108
	109	109
	110	110
	114	114
	115	115
	116	116
	117	117
	118	118
	119	119
	120	120
	121	121
	122	122
	123	123
	127	136
	128	137
	129	138
	130	139
	131	140
	132	141
	133	142
	134	143
	135	144
	136	145
	137	146
	141	150
	142	151
	143	152
	144	153
	145	154
	146	155
	147	156
	148	157
	149	158
	150	159
	154	163
	155	164
	156	165
	158	168
	159	169
	162	172
	163	173
	164	175
	166	179
	167	182
	170	191
	171	192
	175	196
	177	197
	178	198
	179	199
	181	202
	182	203
	184	206
	189	211
	190	212
	192	213
	193	214
	198	230
	199	231
	200	232
	202	234
	203	235
	205	238
	206	239
	207	240
	208	241
	209	242
	210	243
	215	258
	216	259
	217	260
	219	262
	220	263
	222	266
	223	267
	224	268
	225	269
	226	270
	227	271
	231	275
	232	276
	237	290
	238	291
	239	292
	240	293
	241	294
	242	295
	243	296
	244	297
	245	298
	247	299
	248	300
	249	301
	251	303
	256	317
	257	318
	258	319
	259	320
	260	321
	261	322
	262	323
	263	324
	265	327
	266	328
	267	329
	269	331
	273	335
	274	336
	275	337
	276	338
	277	339
	278	340
	279	345
	283	349
	287	360
	288	399
	291	361
	292	362
	295	365
	296	366
	297	367
	298	368
	299	369
	300	370
	301	371
	303	374
	304	375
	306	378
	308	379
	310	382
	311	383
	314	387
	315	388
	316	389
	317	390
	318	391
	320	393
	322	396
	324	399
	327	409
	328	441
	331	410
	332	411
	333	412
	334	413
	336	416
	337	417
	339	420
	340	421
	343	425
	344	426
	345	427
	347	430
	348	431
	350	434
	351	435
	355	439
	356	441
	359	452
	361	453
	362	454
	363	455
	364	456
	365	458
	367	462
	369	465
	370	467
	372	470
	374	472
	375	473
	377	475
	379	477
	382	480
	384	481
	385	482
	388	485
	389	486
	392	489
	393	490
	394	491
	398	492
	399	493
	402	496
	403	497
	404	498
	406	501
	407	502
	410	506
	411	507
	412	508
	414	511
	415	512
	420	518
	421	519
	422	520
	423	521
	424	522
	425	523
	427	526
	428	527
	429	528
	430	531
	431	532
	433	535
	434	536
	440	541
	441	542
	443	544
	444	545
	450	548
	451	549
	453	550
	455	551
	456	552
	457	553
	458	554
	461	557
	462	558
	463	559
	465	560
	466	561
	467	562
	470	563
	471	564
	474	567
	476	568
	477	569
	479	572
	480	573
	481	574
	482	575
	483	576
	486	579
	487	580
	488	581
	492	585
	493	586
	494	587
	496	590
	497	591
	499	593
	500	594
	501	595
	503	597
	504	598
	506	601
	507	602
	508	603
	509	604
net/minecraft/client/gui/components/ImageWidget	85	87
	32	32
	36	36
	71	71
	72	72
	73	73
	74	74
	43	43
	75	75
	15	15
	79	79
	16	16
	80	82
	50	50
	19	19
	51	51
	52	52
	84	86
	85	87
	23	23
	56	56
	57	57
	28	28
	61	61
	62	62
net/minecraft/client/renderer/entity/ShulkerBulletRenderer	69	58
	32	29
	66	55
	67	56
	68	57
	37	35
	69	58
	39	36
	41	37
	42	38
	43	39
	44	40
	46	41
	48	42
	50	43
	20	19
	52	44
	21	20
	54	46
	56	47
	57	48
	26	24
	27	25
	28	26
	61	51
net/minecraft/client/gui/render/pip/GuiProfilerChartRenderer	73	70
	64	61
	68	65
	73	70
	18	15
	19	16
	23	20
	28	24
	29	25
	30	26
	31	28
	32	29
	34	30
	35	31
	36	32
	37	33
	38	35
	39	36
	40	37
	41	38
	42	39
	45	42
	46	44
	47	45
	48	46
	49	47
	50	48
	51	49
	52	50
	53	51
	56	52
	57	53
	58	54
	59	55
	62	59
net/minecraft/client/particle/ElderGuardianParticleGroup	55	59
	34	54
	35	55
	37	59
	42	37
	43	38
	44	39
	45	40
	47	41
	48	42
	49	43
	51	44
	52	45
	53	46
	23	20
	55	47
	24	21
	28	28
net/minecraft/client/multiplayer/SessionSearchTrees	116	124
	36	36
	37	37
	38	38
	43	42
	44	43
	45	44
	48	47
	49	48
	51	50
	54	53
	55	53
	56	54
	57	55
	61	59
	62	62
	63	63
	64	64
	65	65
	66	66
	67	67
	69	68
	71	73
	72	71
	73	72
	75	75
	76	77
	77	78
	78	80
	81	83
	85	87
	86	90
	87	91
	88	92
	89	92
	91	92
	92	94
	93	95
	94	97
	97	100
	101	104
	102	107
	103	108
	105	109
	106	114
	107	112
	108	113
	110	116
	111	118
	112	119
	113	121
	116	124
net/minecraft/client/color/package-info	0	0
net/minecraft/client/model/object/chest/ChestModel	108	69
	26	23
	27	24
	28	25
	29	26
	32	29
	33	30
	35	31
	36	31
	37	31
	40	32
	41	32
	42	32
	43	32
	45	33
	46	33
	47	33
	48	33
	51	34
	55	38
	56	39
	58	40
	60	41
	61	41
	62	41
	65	42
	66	43
	67	43
	68	43
	70	45
	71	46
	72	46
	73	46
	75	48
	79	52
	80	53
	82	54
	84	55
	85	55
	86	55
	89	56
	90	57
	91	57
	92	57
	94	59
	95	60
	96	60
	97	60
	100	62
	105	66
	106	67
	107	68
	108	69
net/minecraft/client/telemetry/TelemetryEventInstance	19	19
	16	16
	19	19
	8	8
	11	11
	12	12
	13	13
	15	15
net/minecraft/client/renderer/entity/CamelRenderer	58	61
	36	41
	41	45
	42	46
	43	47
	46	50
	47	51
	48	52
	17	17
	49	53
	18	18
	50	54
	51	55
	52	56
	21	21
	53	57
	22	22
	54	58
	23	23
	26	32
	58	61
	31	37
com/mojang/blaze3d/opengl/GlBuffer	73	77
	68	73
	69	77
	71	74
	72	75
	73	77
	12	11
	21	26
	22	27
	23	28
	24	29
	25	30
	26	31
	27	32
	28	33
	32	37
	37	42
	38	52
	40	43
	41	44
	42	45
	43	46
	45	49
	46	50
	47	52
	56	61
	57	62
	58	63
	59	64
	63	68
net/minecraft/client/renderer/texture/CubeMapTexture	53	68
	32	31
	33	34
	35	48
	38	52
	44	58
	45	59
	46	60
	47	61
	16	13
	48	62
	49	63
	50	65
	19	16
	51	66
	20	17
	53	68
	24	21
	25	23
	26	24
	27	25
	28	26
	29	27
	30	29
	31	30
net/minecraft/client/gui/screens/inventory/AbstractContainerScreen	705	685
	513	486
	514	487
	515	488
	516	489
	519	492
	521	493
	522	494
	523	495
	525	496
	526	497
	528	499
	529	500
	531	504
	532	505
	535	510
	537	512
	538	513
	539	514
	540	515
	541	516
	543	518
	544	519
	545	520
	34	31
	547	523
	36	32
	37	33
	552	528
	554	529
	558	533
	559	534
	560	535
	563	538
	567	542
	568	543
	569	544
	570	545
	572	546
	576	550
	577	551
	578	552
	579	553
	583	557
	586	560
	587	561
	589	564
	590	565
	591	566
	82	70
	594	569
	83	71
	595	570
	596	571
	597	572
	86	74
	87	75
	88	76
	89	77
	601	576
	90	78
	91	79
	92	80
	604	579
	93	81
	605	580
	94	82
	95	83
	96	84
	97	85
	609	584
	610	585
	612	588
	101	89
	613	589
	102	90
	614	590
	103	91
	104	92
	616	593
	105	93
	618	594
	619	595
	108	96
	620	596
	109	97
	621	597
	622	598
	113	101
	625	602
	114	102
	115	103
	116	104
	117	105
	629	606
	630	607
	631	608
	120	108
	632	609
	121	109
	634	612
	123	110
	635	613
	636	614
	125	111
	637	615
	126	112
	128	113
	130	114
	642	620
	131	115
	133	116
	134	117
	135	118
	647	625
	648	628
	137	119
	138	120
	650	626
	651	628
	141	123
	142	124
	655	632
	145	127
	146	128
	147	129
	148	130
	660	637
	149	131
	151	132
	152	133
	153	134
	665	642
	154	135
	156	136
	668	643
	157	137
	669	646
	671	644
	160	141
	161	142
	673	648
	163	144
	676	651
	166	147
	167	148
	679	654
	680	657
	169	149
	170	150
	171	151
	172	152
	684	663
	174	153
	686	665
	175	154
	687	666
	177	155
	178	156
	690	669
	691	670
	181	159
	695	674
	184	162
	185	163
	186	164
	700	679
	189	167
	701	680
	702	681
	704	684
	193	171
	705	685
	194	172
	195	173
	196	173
	197	174
	202	179
	206	183
	207	184
	209	186
	212	189
	213	190
	215	192
	218	195
	219	203
	222	196
	223	197
	224	198
	226	203
	229	206
	230	206
	231	206
	232	206
	236	210
	240	214
	241	215
	242	216
	245	219
	246	220
	247	221
	250	224
	251	225
	252	226
	253	227
	254	228
	255	229
	256	230
	258	231
	259	232
	260	233
	261	234
	262	235
	264	238
	265	239
	267	240
	268	241
	269	242
	270	243
	271	244
	272	245
	275	248
	277	250
	278	251
	282	255
	283	256
	284	257
	285	258
	286	259
	290	263
	291	264
	292	265
	294	268
	295	269
	296	270
	298	272
	300	275
	302	277
	305	280
	306	281
	307	296
	310	282
	311	283
	312	296
	315	285
	317	287
	318	288
	319	289
	320	290
	321	291
	322	292
	324	296
	327	299
	328	300
	329	301
	332	305
	337	310
	338	311
	340	314
	341	315
	342	316
	343	317
	345	318
	346	321
	347	322
	348	323
	350	324
	351	325
	352	326
	355	329
	356	330
	359	333
	360	334
	361	335
	364	338
	365	339
	366	340
	367	341
	368	342
	369	343
	371	345
	373	347
	374	348
	375	349
	376	350
	378	352
	379	353
	380	354
	381	355
	382	356
	383	357
	384	358
	386	361
	388	364
	390	366
	391	367
	392	368
	394	369
	395	370
	396	371
	397	372
	398	373
	399	374
	405	319
	408	381
	410	382
	414	386
	415	387
	416	388
	417	389
	419	392
	420	393
	421	394
	425	398
	428	401
	433	406
	434	407
	436	408
	437	409
	438	410
	439	411
	440	412
	442	414
	443	415
	445	416
	446	417
	447	418
	448	419
	449	420
	450	421
	451	422
	454	425
	455	426
	459	431
	460	432
	461	433
	462	434
	466	436
	467	436
	470	436
	475	442
	476	443
	477	444
	478	445
	480	446
	481	447
	482	448
	485	451
	486	452
	489	455
	490	456
	491	457
	492	458
	493	459
	494	464
	499	469
	501	472
	503	474
	504	475
	505	476
	506	477
	507	478
	508	481
	509	482
	510	483
net/minecraft/client/renderer/entity/state/SalmonRenderState	6	6
	6	6
com/mojang/realmsclient/RealmsAvailability	81	81
	68	66
	69	67
	72	70
	73	71
	76	74
	77	75
	78	76
	79	77
	80	79
	81	81
	22	20
	27	24
	28	25
	30	28
	34	32
	35	33
	39	37
	40	38
	42	40
	43	41
	45	42
	46	44
	48	47
	49	48
	51	50
	52	51
	54	52
	56	55
	57	56
	58	56
	60	56
	63	59
net/minecraft/client/gui/components/debug/DebugEntrySoundMood	19	23
	18	19
	19	23
	13	17
	14	18
	15	23
net/minecraft/client/tutorial/CraftPlanksTutorialStep	84	79
	65	59
	66	60
	67	61
	69	63
	73	67
	74	68
	76	70
	79	73
	80	74
	81	75
	20	18
	84	79
	21	19
	28	25
	29	26
	33	30
	35	31
	36	32
	37	55
	40	34
	41	35
	42	36
	43	37
	44	38
	45	39
	46	40
	48	43
	49	44
	50	45
	55	50
	56	50
	57	51
	58	52
	61	55
net/minecraft/client/renderer/texture/atlas/sources/DirectoryLister	32	28
	16	13
	32	28
	17	13
	18	14
	22	19
	24	20
	25	21
	26	22
	27	23
	28	24
	15	12
net/minecraft/client/model/object/banner/package-info	0	0
net/minecraft/client/gui/components/ComponentRenderUtils	49	40
	32	30
	34	31
	35	32
	37	33
	38	34
	40	35
	42	35
	44	35
	48	39
	49	40
	19	18
	22	21
	26	25
	27	26
	28	27
	29	28
com/mojang/blaze3d/framegraph/FrameGraphBuilder	362	351
	256	184
	257	185
	261	189
	265	193
	266	194
	268	197
	269	198
	270	199
	271	200
	276	205
	277	205
	23	22
	279	205
	24	23
	25	24
	29	28
	30	29
	31	30
	288	343
	289	344
	290	345
	35	34
	39	40
	40	41
	296	351
	41	42
	42	43
	46	47
	47	48
	50	51
	52	52
	308	231
	53	53
	309	232
	54	55
	310	233
	55	56
	311	234
	58	59
	315	238
	60	61
	61	62
	62	63
	63	64
	319	242
	320	243
	66	67
	322	246
	67	68
	323	247
	68	69
	70	71
	326	250
	71	72
	327	251
	72	73
	73	74
	329	254
	330	255
	331	256
	76	77
	79	80
	80	81
	338	164
	83	83
	339	165
	84	84
	340	166
	85	85
	86	86
	344	170
	89	90
	90	91
	91	92
	95	96
	353	213
	99	100
	100	102
	356	216
	101	103
	102	104
	359	219
	105	105
	106	107
	362	222
	107	108
	110	112
	114	115
	115	116
	116	116
	117	116
	118	117
	121	120
	122	139
	125	121
	126	122
	129	124
	130	125
	135	128
	136	129
	137	130
	138	131
	143	136
	144	137
	145	139
	148	142
	149	144
	150	145
	151	146
	152	147
	153	148
	154	149
	155	150
	157	152
	159	155
	162	158
	179	271
	180	272
	181	273
	184	276
	185	277
	187	279
	190	282
	191	283
	195	287
	196	288
	197	289
	202	294
	203	295
	206	298
	208	299
	209	300
	211	303
	212	304
	216	308
	221	313
	222	314
	226	318
	227	319
	230	322
	231	323
	232	324
	237	329
	238	330
	242	334
	254	182
	255	183
com/mojang/blaze3d/opengl/GlDebugLabel	142	140
	128	126
	132	130
	133	131
	137	135
	138	136
	142	140
	15	14
	18	17
	21	20
	24	23
	27	26
	30	29
	33	32
	36	35
	39	38
	40	39
	41	40
	42	41
	44	44
	45	45
	46	46
	48	49
	50	52
	54	56
	64	60
	69	64
	70	65
	71	66
	73	68
	77	72
	78	73
	82	77
	83	78
	87	82
	88	83
	92	87
	93	88
	97	92
	98	93
	102	97
	103	98
	107	102
	114	112
	115	113
	116	114
	118	116
	122	120
	123	121
	127	125
net/minecraft/client/gui/render/package-info	0	0
net/minecraft/client/renderer/block/dispatch/SingleVariant	44	45
	16	16
	34	35
	20	20
	21	21
	38	39
	25	25
	43	44
	44	45
	30	31
	15	15
net/minecraft/client/renderer/chunk/ChunkSectionsToRender	51	64
	32	34
	33	39
	34	45
	35	46
	36	47
	38	49
	39	50
	40	51
	41	53
	42	54
	43	55
	44	56
	46	59
	51	64
	25	28
	26	29
	27	30
	28	31
	29	32
	30	33
net/minecraft/client/model/monster/shulker/package-info	0	0
net/minecraft/client/model/animal/feline/BabyFelineModel	159	142
	15	14
	16	15
	20	18
	21	19
	23	20
	24	23
	25	25
	26	27
	27	29
	30	33
	31	34
	34	36
	35	37
	38	39
	39	40
	42	42
	43	43
	46	45
	47	46
	50	48
	51	50
	54	53
	56	54
	61	58
	63	59
	65	60
	66	61
	67	62
	68	63
	69	64
	70	65
	71	66
	72	67
	73	68
	74	69
	75	70
	76	71
	77	72
	80	75
	81	76
	83	77
	84	78
	85	79
	86	80
	87	81
	88	82
	89	83
	90	84
	91	85
	93	87
	94	88
	95	89
	96	90
	98	91
	99	92
	101	94
	104	97
	105	98
	106	99
	108	100
	110	101
	111	102
	112	103
	114	104
	116	105
	119	108
	120	109
	122	110
	123	111
	124	112
	125	113
	126	114
	128	115
	129	116
	130	117
	131	118
	133	119
	134	120
	135	121
	136	122
	138	123
	139	124
	140	125
	141	126
	142	127
	143	128
	145	129
	146	130
	148	131
	149	132
	150	133
	151	134
	152	135
	153	136
	156	139
	157	140
	159	142
net/minecraft/client/gui/components/IMEPreeditOverlay	89	74
	65	57
	67	58
	69	61
	72	64
	73	65
	74	65
	76	65
	15	14
	79	67
	80	68
	81	69
	18	15
	83	70
	85	71
	87	72
	89	74
	36	32
	37	33
	38	34
	39	35
	40	36
	42	37
	43	38
	44	39
	47	42
	48	43
	49	44
	54	48
	55	49
	56	50
	57	51
	58	52
	62	55
	63	56
net/minecraft/client/resources/model/sprite/AtlasManager	217	210
	128	126
	129	127
	131	135
	132	129
	133	130
	134	131
	136	133
	138	135
	140	136
	141	138
	142	138
	146	142
	147	143
	148	144
	149	147
	150	148
	151	149
	152	150
	153	152
	154	153
	155	154
	29	31
	31	32
	159	158
	160	160
	39	40
	167	182
	168	183
	169	184
	170	185
	179	171
	180	172
	183	175
	184	176
	57	56
	58	57
	59	58
	60	59
	61	60
	62	61
	64	64
	65	65
	195	164
	68	68
	196	165
	69	69
	70	70
	72	72
	76	77
	77	78
	205	198
	206	199
	207	200
	80	81
	208	201
	81	82
	211	204
	212	205
	85	86
	213	206
	86	87
	87	88
	88	89
	89	90
	217	210
	93	94
	94	95
	95	96
	98	98
	99	99
	100	100
	101	101
	103	103
	108	109
	109	110
	110	111
	111	112
	113	113
	115	114
	116	115
	117	116
	118	117
	119	118
	121	119
	123	120
	124	121
net/minecraft/client/renderer/debug/RedstoneWireOrientationsRenderer	19	20
	16	17
	17	18
	18	19
	19	20
	13	14
	14	15
	15	16
net/minecraft/client/particle/TotemParticle	38	44
	33	30
	34	31
	38	44
	9	11
	11	12
	13	13
	14	14
	15	15
	17	16
	19	17
	20	18
	22	19
	23	20
	25	22
	27	24
com/mojang/realmsclient/util/task/DownloadTask	72	77
	64	69
	65	70
	66	54
	68	73
	72	77
	15	15
	17	16
	25	23
	26	24
	27	25
	28	26
	29	27
	33	31
	35	32
	37	36
	38	37
	40	40
	41	41
	42	42
	43	43
	45	46
	46	47
	47	48
	48	49
	49	50
	51	53
	52	55
	53	56
	54	57
	56	60
	57	61
	58	62
	59	63
	60	64
	61	65
	63	68
net/minecraft/client/resources/sounds/MinecartSoundInstance	61	57
	20	19
	21	20
	22	21
	23	22
	24	23
	25	24
	26	25
	27	26
	28	27
	32	31
	37	36
	42	41
	43	42
	44	57
	47	44
	48	45
	49	46
	51	47
	52	48
	53	49
	54	50
	56	51
	58	53
	59	54
	61	57
net/minecraft/client/gui/screens/inventory/EnchantmentScreen	238	232
	30	31
	31	31
	32	32
	33	33
	35	36
	36	36
	37	37
	38	38
	40	40
	41	42
	42	44
	43	45
	44	46
	59	58
	60	59
	64	63
	65	64
	66	65
	70	69
	71	70
	72	71
	73	72
	77	76
	78	77
	79	79
	80	80
	81	81
	82	82
	83	82
	84	83
	85	84
	89	88
	94	93
	95	94
	96	95
	97	96
	98	97
	100	98
	102	99
	103	101
	104	102
	105	103
	107	104
	108	105
	109	106
	112	108
	113	109
	114	110
	115	111
	117	112
	118	113
	119	114
	120	115
	121	116
	123	118
	124	119
	125	120
	126	121
	127	122
	128	123
	130	125
	132	128
	133	129
	134	130
	136	133
	138	136
	141	139
	142	140
	143	141
	145	142
	146	143
	147	144
	148	145
	149	146
	150	147
	154	151
	155	152
	157	153
	158	154
	160	156
	161	157
	163	158
	164	159
	167	160
	169	161
	170	162
	171	163
	173	164
	175	168
	176	169
	177	170
	178	171
	181	174
	182	175
	184	177
	186	180
	189	182
	190	183
	192	185
	194	188
	198	192
	199	193
	202	197
	205	200
	207	201
	208	202
	210	205
	211	206
	214	209
	215	210
	217	211
	218	213
	219	214
	220	215
	221	216
	225	220
	226	221
	228	223
	230	226
	232	227
	233	228
	234	229
	235	230
	237	231
	238	232
net/minecraft/client/renderer/entity/state/BlockDisplayEntityRenderState	10	10
	10	10
net/minecraft/client/model/animal/fish/package-info	0	0
net/minecraft/client/entity/ClientMannequin	102	90
	66	56
	68	57
	69	58
	70	59
	73	62
	74	63
	78	67
	83	72
	20	19
	22	20
	87	76
	88	77
	92	80
	32	27
	33	27
	97	85
	34	27
	35	28
	38	31
	102	90
	39	32
	40	33
	44	36
	45	37
	46	38
	48	40
	49	41
	50	42
	51	43
	54	46
	58	49
	60	50
	61	51
	63	53
net/minecraft/client/model/monster/piglin/ZombifiedPiglinModel	17	15
	16	14
	17	15
	10	9
	11	10
	15	13
net/minecraft/client/renderer/item/properties/conditional/IsCarried	22	23
	17	18
	22	23
	12	12
net/minecraft/client/renderer/block/model/CompositeBlockModel	37	28
	16	14
	17	15
	18	16
	34	27
	35	28
	36	28
	37	28
	22	20
	23	21
	24	22
net/minecraft/client/renderer/entity/state/BoggedRenderState	0	0
net/minecraft/client/particle/WaterCurrentDownParticle	69	71
	64	57
	65	58
	69	71
	15	15
	17	16
	19	17
	21	18
	22	19
	23	20
	25	21
	26	22
	27	23
	28	24
	32	28
	37	33
	38	34
	39	35
	41	36
	42	37
	43	51
	46	39
	47	40
	48	41
	49	42
	50	43
	51	44
	53	45
	54	46
	57	49
	58	51
com/mojang/blaze3d/systems/GpuBackend	0	0
net/minecraft/client/renderer/entity/state/RavagerRenderState	0	0
net/minecraft/client/resources/sounds/ElytraOnPlayerSoundInstance	57	50
	17	14
	19	15
	20	16
	21	17
	22	18
	23	19
	27	23
	28	24
	29	48
	30	50
	33	25
	34	26
	35	27
	37	28
	38	29
	39	30
	41	32
	45	35
	46	36
	47	37
	48	38
	51	41
	52	42
	53	43
	55	45
	57	50
net/minecraft/client/multiplayer/AccountProfileKeyPairManager	153	145
	128	119
	129	120
	130	121
	131	122
	132	123
	134	123
	137	126
	141	131
	142	132
	143	145
	147	137
	148	138
	149	139
	151	140
	152	141
	153	142
	34	35
	36	36
	38	37
	47	44
	48	45
	49	46
	53	50
	54	51
	55	52
	60	57
	61	58
	63	59
	67	63
	68	64
	69	65
	71	66
	73	69
	77	72
	78	73
	79	74
	80	75
	81	76
	82	77
	85	78
	86	81
	90	85
	91	86
	94	89
	95	90
	96	91
	97	92
	98	93
	104	99
	105	100
	106	101
	109	104
	110	116
	113	105
	114	116
	117	106
	119	108
	120	109
	121	110
	122	111
	124	113
	125	116
net/minecraft/client/ClientClockManager	52	48
	34	32
	36	33
	37	34
	38	35
	39	36
	40	37
	41	38
	42	39
	46	42
	17	16
	52	48
	21	20
	22	21
	24	23
	25	24
	26	25
	27	26
	28	27
	30	29
net/minecraft/client/renderer/entity/state/HoglinRenderState	0	0
net/minecraft/client/input/InputWithModifiers	93	84
	32	27
	65	56
	36	31
	69	60
	40	35
	73	64
	44	39
	77	68
	48	43
	81	72
	52	47
	21	19
	85	76
	22	19
	23	19
	57	51
	89	80
	58	52
	27	23
	59	52
	28	23
	61	52
	93	84
net/minecraft/client/renderer/debug/StructureRenderer	27	31
	16	19
	17	20
	18	22
	19	23
	20	24
	22	26
	26	30
	27	31
	15	18
net/minecraft/client/renderer/entity/state/ShulkerRenderState	14	14
	9	9
	14	14
com/mojang/realmsclient/util/task/RestoreTask	69	74
	64	70
	69	74
	14	14
	16	15
	23	21
	24	22
	25	23
	26	24
	30	28
	31	29
	33	33
	34	34
	36	37
	37	38
	38	39
	39	40
	41	43
	42	44
	43	45
	44	46
	45	47
	47	50
	48	52
	49	53
	50	54
	52	57
	53	58
	54	59
	55	60
	56	61
	57	62
	59	65
	60	66
	61	67
	62	51
net/minecraft/client/gui/components/debug/DebugEntrySoundCache	26	30
	20	24
	21	25
	22	26
	23	27
	26	30
	15	14
net/minecraft/client/model/animal/sheep/SheepModel	43	34
	32	24
	33	25
	35	27
	40	31
	41	32
	42	33
	43	34
	18	15
	19	16
	22	19
	23	20
	25	21
	26	21
	27	21
	28	21
	30	22
	31	24
net/minecraft/client/renderer/entity/layers/SheepWoolUndercoatLayer	32	35
	16	16
	32	35
	21	20
	22	21
	23	22
	27	32
	28	35
	31	33
com/mojang/blaze3d/preprocessor/GlslPreprocessor	151	130
	129	112
	130	113
	131	114
	134	117
	135	118
	142	124
	143	125
	146	128
	19	18
	147	129
	20	20
	148	130
	21	21
	149	130
	151	130
	24	24
	25	25
	27	26
	28	27
	32	31
	34	32
	36	33
	37	34
	38	35
	39	37
	40	38
	44	39
	45	40
	46	41
	47	42
	50	45
	54	46
	56	47
	57	48
	58	49
	59	50
	60	51
	63	54
	64	55
	65	56
	68	57
	70	58
	71	59
	73	62
	76	64
	77	67
	81	70
	82	71
	84	72
	87	77
	88	78
	89	79
	91	82
	95	86
	96	87
	97	88
	99	89
	101	89
	103	89
	106	91
	110	96
	111	97
	112	98
	113	98
	114	98
	116	99
	120	103
	124	107
	125	108
	126	109
net/minecraft/client/renderer/state/level/ParticleGroupRenderState	9	9
	9	9
net/minecraft/client/model/object/statue/CopperGolemStatueModel	18	16
	16	14
	17	15
	18	16
	11	10
	12	11
net/minecraft/client/model/animal/panda/BabyPandaModel	74	63
	64	53
	65	54
	66	55
	67	56
	68	57
	69	58
	70	59
	71	60
	72	61
	73	62
	74	63
	16	14
	17	15
	20	18
	21	19
	23	20
	24	20
	25	20
	26	20
	28	21
	29	23
	30	24
	31	26
	32	28
	33	30
	34	32
	36	34
	37	35
	38	35
	39	35
	41	37
	42	38
	43	38
	44	38
	46	40
	47	41
	48	41
	49	41
	51	43
	52	44
	53	44
	54	44
	57	46
	62	51
	63	52
net/minecraft/client/renderer/debug/GameTestBlockHighlightRenderer	42	37
	32	27
	33	28
	34	29
	35	30
	38	33
	39	34
	40	35
	42	37
	17	15
	23	18
	24	19
	25	20
	28	23
	29	24
net/minecraft/client/renderer/SubmitNodeCollection	210	286
	128	205
	129	206
	130	207
	133	210
	137	214
	141	218
	145	222
	149	226
	153	230
	157	234
	161	238
	165	242
	169	246
	173	250
	49	49
	177	254
	50	50
	181	258
	54	54
	55	55
	56	56
	57	57
	185	262
	61	70
	189	266
	62	71
	190	267
	63	72
	191	268
	192	269
	193	270
	194	271
	67	87
	195	272
	68	88
	196	273
	69	94
	197	274
	198	275
	199	276
	200	277
	73	98
	201	278
	74	99
	202	279
	75	100
	205	282
	206	283
	79	104
	207	284
	80	105
	81	106
	209	285
	210	286
	85	121
	86	123
	87	125
	88	126
	92	142
	93	143
	94	150
	98	154
	99	155
	100	156
	104	168
	105	169
	106	171
	110	175
	111	176
	112	177
	116	190
	117	191
	118	193
	122	199
	123	200
	124	201
net/minecraft/client/gui/components/tabs/TabManager	60	64
	22	21
	23	22
	26	27
	27	28
	28	29
	29	30
	30	31
	33	34
	34	35
	35	36
	36	37
	38	39
	41	42
	42	43
	43	44
	45	47
	46	48
	47	49
	48	50
	49	51
	51	54
	52	55
	54	58
	55	59
	57	61
	60	64
net/minecraft/client/renderer/block/dispatch/multipart/package-info	0	0
net/minecraft/client/renderer/entity/BlazeRenderer	30	27
	16	15
	20	18
	25	23
	12	11
	30	27
	15	14
net/minecraft/client/renderer/blockentity/PistonHeadRenderer	93	88
	66	64
	67	73
	70	65
	71	66
	72	67
	73	68
	74	69
	75	70
	77	73
	80	76
	81	77
	82	78
	83	79
	84	80
	85	81
	86	82
	87	83
	25	25
	93	88
	30	35
	32	36
	33	37
	34	38
	35	39
	36	40
	38	41
	40	42
	41	43
	42	44
	44	45
	46	46
	47	47
	48	48
	50	49
	51	50
	52	52
	53	53
	55	54
	56	55
	57	56
	59	58
	62	61
net/minecraft/realms/package-info	0	0
net/minecraft/client/renderer/item/properties/conditional/package-info	0	0
com/mojang/blaze3d/shaders/UniformType	12	11
	4	4
	5	5
	11	10
	12	11
net/minecraft/client/renderer/entity/RenderLayerParent	0	0
com/mojang/blaze3d/vertex/PoseStack	181	169
	131	124
	134	125
	135	126
	136	127
	138	133
	141	130
	142	131
	143	133
	146	136
	19	17
	147	137
	148	138
	23	21
	151	141
	24	22
	152	142
	153	143
	27	25
	28	26
	156	146
	157	147
	158	148
	31	29
	159	149
	32	30
	162	152
	35	33
	163	153
	36	34
	165	154
	39	37
	167	155
	40	38
	169	157
	43	41
	44	42
	172	160
	47	45
	175	163
	48	46
	176	164
	51	49
	179	167
	52	50
	180	168
	53	51
	181	169
	54	52
	56	54
	58	56
	61	59
	62	60
	64	63
	65	64
	68	67
	72	71
	76	75
	77	76
	80	79
	81	80
	84	83
	85	84
	91	89
	97	92
	98	93
	99	94
	102	97
	103	98
	104	99
	105	100
	108	103
	114	107
	118	111
	122	115
	123	116
	127	120
net/minecraft/client/model/animal/frog/TadpoleModel	49	37
	32	28
	33	28
	35	29
	36	29
	37	29
	38	29
	41	30
	46	34
	47	35
	48	36
	49	37
	19	18
	20	19
	21	20
	24	23
	25	24
	27	25
	28	26
	29	27
	30	28
	31	28
net/minecraft/client/gui/GuiGraphicsExtractor	942	1461
	113	117
	114	118
	115	119
	116	120
	117	121
	118	122
	119	123
	120	124
	121	125
	124	128
	125	129
	128	132
	129	133
	132	136
	133	137
	136	140
	140	144
	144	148
	148	152
	149	153
	152	156
	153	157
	156	160
	157	160
	158	161
	159	162
	162	165
	163	166
	166	169
	170	173
	171	174
	172	175
	173	176
	175	179
	176	180
	179	183
	180	184
	181	185
	182	186
	184	189
	185	190
	188	193
	189	194
	192	197
	193	198
	194	199
	195	200
	197	203
	198	204
	199	205
	200	206
	202	209
	203	210
	206	213
	207	214
	210	217
	211	218
	214	221
	215	222
	216	223
	217	224
	218	225
	221	238
	227	240
	228	240
	230	243
	233	246
	234	247
	236	250
	237	251
	240	254
	241	255
	244	258
	245	261
	247	259
	248	261
	251	264
	252	265
	255	268
	256	271
	258	269
	259	271
	262	274
	263	275
	266	278
	267	279
	270	282
	271	283
	274	286
	275	287
	276	288
	279	291
	280	292
	283	295
	284	296
	287	299
	288	300
	289	301
	291	303
	294	306
	295	307
	296	308
	297	309
	299	312
	300	313
	303	328
	304	329
	307	343
	308	344
	311	360
	312	361
	315	378
	322	391
	325	396
	326	397
	329	411
	330	412
	333	415
	334	416
	337	421
	338	422
	341	427
	342	428
	343	429
	344	430
	345	431
	346	433
	347	434
	348	436
	349	437
	353	441
	356	455
	357	456
	360	471
	361	472
	362	473
	363	474
	366	476
	367	477
	368	478
	370	480
	373	483
	374	484
	377	489
	378	492
	380	490
	381	490
	384	490
	385	490
	388	492
	391	507
	392	522
	394	508
	395	510
	398	515
	399	516
	400	517
	401	518
	404	522
	407	534
	408	535
	409	536
	410	537
	411	538
	412	539
	413	540
	414	715
	415	541
	416	542
	417	543
	418	559
	419	715
	420	562
	421	563
	422	564
	423	580
	424	715
	428	594
	430	595
	432	611
	434	624
	436	637
	438	653
	440	666
	442	682
	444	698
	445	715
	448	733
	449	752
	451	734
	452	735
	453	737
	456	742
	457	743
	458	744
	459	745
	463	749
	465	752
	468	769
	469	793
	471	770
	472	790
	474	771
	475	772
	476	773
	479	783
	480	784
	481	785
	482	786
	484	793
	487	808
	488	809
	489	810
	492	826
	493	832
	496	850
	497	870
	500	873
	504	877
	505	878
	508	881
	509	882
	512	885
	513	886
	516	889
	517	904
	520	890
	521	891
	523	894
	527	894
	529	895
	530	896
	531	897
	533	898
	534	899
	535	900
	537	901
	539	904
	542	907
	543	908
	546	911
	547	912
	550	915
	551	916
	554	919
	555	926
	557	920
	558	921
	559	922
	560	923
	561	924
	562	926
	565	929
	566	930
	567	931
	568	932
	569	933
	571	935
	574	938
	575	939
	576	940
	578	942
	581	945
	582	946
	583	949
	584	950
	585	951
	586	952
	588	954
	591	957
	592	958
	593	959
	595	960
	597	962
	598	963
	601	964
	602	965
	603	966
	604	967
	605	968
	607	969
	608	970
	609	971
	610	972
	612	988
	614	989
	615	990
	616	991
	617	992
	619	993
	620	994
	621	995
	622	996
	623	1002
	626	1006
	629	1019
	630	1020
	631	1024
	634	1038
	635	1040
	638	1053
	639	1054
	642	1059
	643	1061
	646	1064
	647	1065
	650	1068
	651	1069
	654	1072
	655	1073
	658	1076
	659	1077
	662	1080
	663	1083
	666	1086
	667	1087
	670	1092
	671	1093
	672	1094
	673	1095
	674	1096
	675	1097
	676	1098
	679	1110
	680	1111
	681	1112
	682	1113
	685	1116
	686	1117
	689	1120
	690	1121
	693	1124
	694	1125
	697	1128
	698	1137
	701	1140
	702	1141
	705	1146
	706	1149
	709	1159
	710	1162
	713	1173
	714	1178
	716	1174
	717	1175
	719	1178
	723	1188
	724	1189
	725	1191
	726	1192
	727	1193
	728	1194
	730	1197
	733	1200
	734	1201
	736	1202
	737	1203
	738	1204
	740	1205
	742	1206
	745	1207
	746	1209
	747	1210
	748	1211
	749	1212
	753	1215
	754	1217
	755	1218
	756	1219
	757	1220
	760	1223
	761	1224
	764	1227
	765	1228
	768	1231
	769	1232
	772	1235
	773	1236
	776	1239
	777	1240
	778	1241
	781	1244
	782	1245
	783	1246
	784	1247
	786	1249
	789	1252
	790	1253
	791	1254
	792	1265
	793	1267
	794	1278
	795	1279
	798	1259
	799	1293
	804	1294
	807	1301
	811	1305
	816	1309
	820	1313
	824	1319
	829	1323
	833	1433
	836	1436
	837	1437
	838	1438
	839	1439
	840	1440
	842	1442
	843	1443
	848	1448
	849	1449
	851	1452
	852	1453
	856	1457
	860	1461
	861	1461
	863	1461
	868	1327
	869	1328
	870	1329
	877	1335
	878	1336
	879	1337
	882	1340
	892	1354
	893	1355
	894	1356
	895	1357
	899	1361
	904	1366
	905	1367
	909	1370
	910	1371
	913	1374
	914	1375
	917	1378
	918	1379
	920	1381
	924	1387
	925	1388
	926	1390
	928	1401
	929	1402
	932	1405
	933	1406
	935	1408
	939	1420
	940	1421
	941	1422
	942	1423
net/minecraft/client/renderer/entity/ZombieRenderer	28	33
	18	16
	22	26
	23	28
	24	29
	25	30
	26	31
	28	33
	13	12
	14	13
net/minecraft/client/KeyMapping	234	224
	128	97
	129	98
	130	99
	131	100
	133	101
	134	102
	135	103
	138	106
	142	110
	146	114
	147	115
	21	20
	149	118
	22	21
	150	119
	154	123
	155	124
	27	200
	156	125
	28	201
	29	202
	30	203
	159	128
	31	204
	32	205
	33	206
	34	207
	163	132
	37	210
	167	136
	41	214
	42	215
	171	140
	43	216
	172	141
	45	219
	46	220
	176	144
	177	145
	178	145
	50	224
	180	145
	182	147
	55	31
	56	32
	186	152
	59	35
	187	153
	60	36
	188	153
	190	153
	63	39
	64	40
	65	41
	66	42
	195	157
	69	45
	199	161
	73	48
	74	50
	75	51
	203	165
	76	52
	204	166
	206	167
	79	55
	82	58
	210	171
	83	59
	85	61
	214	175
	88	64
	89	65
	90	66
	218	179
	93	69
	222	183
	96	72
	97	73
	98	74
	226	187
	227	188
	101	77
	230	191
	231	192
	104	80
	105	82
	106	83
	234	195
	108	85
	119	88
	120	89
	123	92
	124	93
	127	96
net/minecraft/client/renderer/blockentity/DecoratedPotRenderer	218	256
	128	119
	131	123
	138	127
	143	137
	144	138
	145	139
	147	140
	148	141
	149	142
	151	144
	153	146
	157	151
	158	152
	160	153
	163	154
	166	155
	167	156
	169	157
	170	158
	172	159
	173	160
	47	45
	177	162
	178	163
	179	164
	183	168
	184	169
	185	170
	188	173
	192	177
	68	64
	196	188
	69	65
	197	189
	199	190
	72	68
	200	191
	73	69
	201	192
	203	193
	76	72
	204	194
	77	73
	205	207
	78	74
	206	208
	79	75
	207	221
	80	76
	208	222
	209	235
	82	77
	210	236
	83	78
	211	249
	84	79
	85	80
	86	81
	214	252
	87	82
	215	253
	216	254
	217	255
	90	85
	218	256
	91	86
	93	87
	94	88
	96	89
	97	91
	98	92
	99	94
	100	96
	103	98
	104	99
	105	100
	107	101
	111	105
	112	106
	114	107
	116	108
	117	109
	118	110
	119	111
	121	112
	125	116
	126	117
	127	118
net/minecraft/client/renderer/entity/layers/BreezeEyesLayer	28	33
	16	16
	21	20
	22	21
	23	22
	27	32
	28	33
net/minecraft/client/model/package-info	0	0
com/mojang/realmsclient/dto/RealmsWorldResetDto	0	0
net/minecraft/client/gui/screens/multiplayer/ServerReconfigScreen	65	60
	65	60
	35	32
	36	33
	37	35
	38	36
	39	37
	40	38
	41	39
	42	40
	46	44
	47	45
	51	49
	53	50
	54	51
	55	52
	24	21
	25	22
	26	23
	60	55
	61	56
	30	27
	63	58
net/minecraft/client/gui/components/debug/DebugEntryLight	47	51
	32	31
	33	32
	35	33
	37	35
	38	36
	39	38
	41	43
	43	46
	45	48
	47	51
	18	16
	22	25
	23	26
	25	27
	26	51
	29	28
	30	29
	31	30
net/minecraft/client/color/item/Dye	24	24
	19	19
	24	24
	13	13
	14	14
	15	14
net/minecraft/client/model/animal/rabbit/RabbitModel	44	34
	32	22
	33	23
	37	26
	38	27
	39	28
	40	29
	42	32
	43	33
	44	34
	29	19
	30	20
	31	21
net/minecraft/client/gui/screens/options/HasDifficultyReaction	0	0
net/minecraft/client/particle/AttackSweepParticle	56	62
	32	31
	34	32
	35	33
	36	37
	39	35
	40	37
	12	11
	44	41
	13	12
	14	13
	15	14
	16	15
	17	16
	18	17
	19	18
	51	48
	20	19
	52	49
	21	20
	56	62
	25	24
	30	29
	31	30
net/minecraft/client/renderer/state/level/SkyRenderState	23	24
	22	23
	7	8
	23	24
	15	16
net/minecraft/client/gui/screens/inventory/SmokerScreen	28	24
	16	15
	17	16
	19	17
	21	19
	27	23
	28	24
	15	14
net/minecraft/client/telemetry/events/WorldUnloadEvent	44	41
	33	32
	34	33
	38	37
	39	37
	40	38
	41	39
	42	40
	43	40
	44	41
	14	12
	19	17
	20	18
	21	19
	23	21
	26	24
	27	25
	29	28
	30	29
net/minecraft/client/renderer/block/dispatch/BlockModelRotation	77	73
	33	30
	35	31
	67	63
	36	32
	37	33
	39	35
	72	68
	43	39
	77	73
	15	14
	47	43
	17	15
	51	47
	56	52
	26	23
	27	24
	28	25
	30	27
	62	58
net/minecraft/client/model/monster/witch/package-info	0	0
net/minecraft/client/gui/render/pip/OversizedItemRenderer	91	85
	65	61
	66	62
	67	63
	68	64
	69	65
	70	66
	74	69
	75	70
	76	71
	80	74
	81	75
	86	80
	27	23
	91	85
	28	24
	31	27
	35	31
	36	32
	39	35
	40	36
	44	40
	49	44
	50	45
	51	46
	52	47
	53	48
	54	49
	55	50
	56	51
	57	52
	58	53
	59	54
	60	55
	61	56
	63	58
com/mojang/blaze3d/opengl/BufferStorage	113	110
	68	38
	69	39
	70	40
	71	41
	72	42
	77	46
	78	47
	79	48
	16	13
	17	14
	81	51
	18	15
	82	52
	20	17
	84	56
	86	57
	87	58
	88	59
	89	60
	92	63
	94	66
	32	90
	33	91
	34	92
	99	71
	101	72
	103	73
	39	97
	104	74
	40	98
	41	99
	106	75
	42	100
	107	82
	109	76
	110	77
	111	78
	48	105
	113	80
	49	106
	50	107
	51	108
	53	110
	60	30
	61	31
	62	32
	63	33
net/minecraft/client/renderer/rendertype/RenderSetup	172	204
	128	159
	132	163
	133	164
	137	168
	138	169
	142	173
	143	174
	147	178
	148	179
	152	183
	153	184
	157	188
	158	189
	162	193
	163	194
	38	46
	39	47
	167	198
	40	48
	168	199
	41	49
	42	50
	43	51
	44	52
	172	204
	45	53
	46	54
	47	55
	48	56
	49	57
	53	62
	57	77
	61	81
	62	82
	65	85
	66	86
	67	87
	69	95
	70	96
	72	102
	73	104
	74	105
	75	106
	76	107
	78	110
	82	114
	83	115
	84	116
	90	121
	91	122
	95	126
	113	144
	114	145
	117	148
	118	149
	122	153
	123	154
	127	158
net/minecraft/client/gui/screens/inventory/StonecutterScreen	221	210
	22	23
	23	24
	24	25
	25	26
	26	27
	27	28
	46	44
	47	45
	48	46
	49	47
	53	51
	54	52
	55	53
	56	54
	58	55
	59	56
	60	57
	61	58
	62	59
	64	60
	65	61
	66	62
	68	64
	72	68
	73	69
	75	70
	77	71
	78	72
	79	73
	83	77
	85	78
	86	79
	87	80
	89	81
	90	82
	91	84
	92	85
	94	86
	95	87
	96	88
	97	89
	98	90
	99	91
	103	95
	106	98
	107	99
	108	100
	109	101
	110	102
	113	104
	114	105
	115	106
	116	107
	118	109
	121	112
	122	113
	123	114
	124	115
	127	118
	130	121
	131	122
	132	124
	133	125
	134	126
	135	127
	136	128
	138	129
	139	130
	141	132
	145	136
	146	137
	147	138
	149	139
	150	141
	151	142
	152	143
	153	144
	154	145
	155	146
	156	147
	157	148
	161	152
	162	153
	163	154
	164	155
	168	159
	173	164
	174	165
	175	166
	177	167
	178	168
	180	169
	182	170
	184	172
	189	178
	190	179
	196	184
	197	185
	200	188
	201	189
	202	190
	203	191
	204	192
	206	195
	210	199
	214	203
	218	207
	219	208
	220	209
	221	210
net/minecraft/client/gui/navigation/FocusNavigationEvent	33	33
	33	19
	18	26
	24	10
	25	11
	11	33
	29	15
net/minecraft/client/gui/spectator/package-info	0	0
net/minecraft/client/gui/ActiveTextCollector	213	212
	128	91
	129	113
	132	92
	133	93
	134	94
	135	95
	138	98
	139	99
	143	103
	144	104
	147	107
	148	108
	150	110
	152	113
	155	116
	32	31
	33	32
	36	35
	37	36
	40	39
	41	40
	172	128
	173	129
	46	45
	47	46
	175	131
	50	49
	178	134
	51	50
	179	135
	180	136
	181	137
	57	55
	185	141
	58	56
	61	59
	62	60
	190	146
	191	147
	65	73
	66	74
	67	75
	195	153
	68	76
	196	155
	69	77
	197	157
	70	78
	198	158
	71	79
	72	80
	73	81
	74	82
	202	170
	203	171
	76	84
	204	172
	77	85
	205	173
	79	87
	208	176
	209	177
	213	181
	89	187
	90	188
	93	191
	98	195
	102	199
	103	199
	105	199
	109	203
	110	203
	112	203
	116	207
	117	208
	118	209
	120	212
	127	90
com/mojang/blaze3d/platform/IconSet	43	41
	34	32
	38	36
	39	37
	40	38
	41	39
	43	41
	13	12
	14	13
	20	18
	21	19
	24	22
	25	23
	26	24
	27	25
	28	26
	29	27
net/minecraft/client/gui/screens/recipebook/SlotSelectTime	0	0
com/mojang/blaze3d/GraphicsWorkarounds	129	94
	129	94
	73	44
	74	45
	75	46
	76	47
	13	14
	77	48
	80	51
	81	52
	82	53
	84	56
	91	60
	95	64
	34	34
	99	68
	103	72
	104	73
	105	74
	106	75
	45	35
	109	76
	110	77
	112	79
	113	80
	117	81
	118	82
	119	83
	120	84
	57	36
	124	89
	125	90
net/minecraft/client/resources/model/ModelGroupCollector	71	73
	67	67
	68	69
	69	70
	71	73
	24	23
	25	24
	27	25
	28	28
	30	29
	32	31
	33	32
	34	33
	36	35
	37	36
	38	37
	40	39
	41	40
	42	42
	43	43
	44	44
	45	45
	46	46
	50	50
	51	51
	52	52
	56	56
	61	61
	62	62
	63	63
net/minecraft/client/renderer/entity/state/BeeRenderState	5	5
	5	5
net/minecraft/client/model/monster/ghast/GhastModel	63	55
	21	21
	23	23
	24	24
	26	26
	29	29
	30	30
	32	31
	33	31
	34	31
	35	31
	38	32
	39	34
	40	35
	41	36
	42	37
	43	38
	44	39
	45	39
	46	39
	50	43
	55	47
	56	48
	57	49
	60	52
	61	53
	63	55
net/minecraft/client/renderer/entity/state/IronGolemRenderState	10	10
	10	10
net/minecraft/client/gui/font/providers/FreeTypeUtil	70	66
	64	60
	65	61
	66	62
	67	63
	70	66
	12	11
	16	13
	19	16
	20	17
	21	18
	22	19
	23	20
	24	21
	27	25
	32	30
	33	31
	35	33
	38	36
	39	37
	40	38
	42	40
	46	45
	47	46
	48	46
	50	46
	54	50
	55	51
	56	52
	60	56
net/minecraft/client/gui/components/debug/DebugScreenDisplayer	0	0
net/minecraft/client/renderer/item/MissingItemModel	53	52
	33	27
	34	28
	35	29
	36	30
	37	31
	41	43
	42	44
	43	45
	44	46
	45	47
	46	48
	47	49
	50	52
	51	52
	53	52
	24	23
	26	23
	30	24
net/minecraft/client/gui/screens/LoadingDotsText	14	9
	4	4
	13	8
	14	9
net/minecraft/client/renderer/chunk/VisibilitySet	57	59
	10	9
	12	10
	15	13
	16	14
	17	15
	20	18
	23	21
	24	22
	25	23
	28	26
	29	27
	32	30
	37	35
	38	36
	39	38
	40	39
	42	42
	44	44
	45	45
	46	47
	47	48
	48	49
	50	51
	51	52
	54	56
	57	59
net/minecraft/client/renderer/block/FluidRenderer	372	429
	31	37
	32	38
	35	41
	39	45
	40	46
	41	47
	42	48
	43	49
	44	50
	46	52
	47	53
	51	58
	57	62
	61	68
	65	74
	66	75
	67	76
	68	77
	69	78
	70	79
	71	80
	72	81
	73	82
	74	83
	75	84
	76	85
	78	86
	79	87
	81	89
	82	90
	83	91
	84	92
	86	93
	87	335
	90	94
	91	95
	93	96
	95	97
	97	98
	104	99
	105	104
	106	105
	107	106
	108	107
	109	108
	111	110
	112	111
	113	112
	114	113
	116	114
	117	115
	118	116
	119	117
	122	120
	123	121
	124	122
	126	123
	127	124
	129	125
	131	127
	132	128
	133	129
	134	130
	145	131
	146	140
	147	141
	148	142
	149	143
	150	144
	151	145
	152	146
	153	147
	154	148
	155	149
	157	151
	158	152
	159	153
	160	154
	161	155
	162	156
	163	157
	164	158
	165	159
	166	160
	167	161
	168	162
	169	163
	172	166
	173	167
	175	168
	183	192
	187	196
	188	197
	189	198
	190	199
	191	200
	192	201
	194	202
	195	203
	197	204
	208	232
	210	234
	220	243
	222	245
	223	246
	224	247
	225	248
	226	249
	227	250
	228	251
	229	252
	230	253
	232	255
	233	256
	234	257
	235	258
	236	259
	237	260
	238	261
	239	262
	240	263
	242	265
	243	266
	244	267
	245	268
	246	269
	247	270
	248	271
	249	272
	250	273
	252	275
	253	276
	254	277
	255	278
	256	279
	257	280
	258	281
	259	282
	260	283
	261	285
	264	288
	265	289
	266	290
	268	291
	269	292
	270	293
	271	294
	272	295
	276	299
	277	300
	279	301
	280	302
	281	303
	283	304
	284	305
	286	306
	297	335
	309	363
	310	364
	311	365
	312	366
	313	367
	314	368
	315	369
	316	370
	317	371
	319	373
	322	378
	323	394
	325	379
	326	380
	327	381
	328	382
	329	383
	331	386
	333	389
	334	390
	335	391
	336	392
	340	399
	341	400
	342	401
	343	402
	344	403
	345	404
	347	406
	350	409
	351	410
	355	414
	356	415
	357	416
	358	416
	360	416
	361	418
	362	418
	364	418
	368	425
	369	426
	372	429
net/minecraft/client/gui/components/debug/DebugEntryDayCount	18	24
	18	24
	12	18
	13	19
	14	20
	15	22
net/minecraft/client/renderer/entity/state/TntRenderState	0	0
com/mojang/blaze3d/platform/Lighting	77	74
	64	61
	65	62
	66	63
	68	65
	71	68
	72	69
	76	73
	77	74
	17	16
	18	17
	20	18
	21	19
	23	20
	24	21
	27	22
	28	22
	29	22
	35	27
	36	28
	37	29
	39	30
	40	30
	41	30
	42	31
	44	35
	45	35
	46	36
	47	37
	48	38
	50	41
	52	42
	53	43
	54	48
	57	51
	58	53
	59	56
	61	58
net/minecraft/client/renderer/entity/state/UndeadRenderState	9	9
	9	9
net/minecraft/client/multiplayer/KnownPacksManager	48	49
	33	32
	34	33
	35	35
	36	36
	37	37
	38	38
	39	39
	42	43
	43	44
	47	48
	48	49
	18	18
	23	22
	24	23
	25	24
	26	25
	27	26
	28	27
	29	28
	30	29
com/mojang/blaze3d/systems/CommandEncoderBackend	0	0
net/minecraft/client/gui/render/pip/GuiBookModelRenderer	57	50
	32	29
	33	30
	34	31
	35	32
	37	33
	38	34
	39	35
	41	36
	42	37
	44	38
	46	39
	47	40
	48	41
	18	17
	19	18
	52	45
	23	22
	57	50
	28	26
	30	27
	31	28
com/mojang/realmsclient/client/package-info	0	0
net/minecraft/client/renderer/item/properties/numeric/Time	78	75
	33	33
	35	34
	36	35
	68	67
	37	36
	39	39
	73	71
	74	72
	44	44
	78	75
	15	15
	16	17
	48	48
	17	17
	18	19
	51	51
	54	54
	57	57
	26	26
	27	27
	28	28
	60	60
	29	29
	63	63
com/mojang/blaze3d/textures/TextureFormat	34	24
	34	24
	4	4
	20	16
	5	5
	6	6
	7	7
	27	20
	13	12
	14	13
net/minecraft/client/gui/components/toasts/TutorialToast	136	137
	131	132
	132	133
	135	136
	136	137
	17	15
	40	42
	41	43
	42	44
	43	45
	44	46
	46	49
	47	50
	48	51
	51	54
	52	55
	56	59
	61	64
	62	65
	63	66
	64	67
	65	68
	66	69
	68	71
	69	72
	70	73
	72	75
	76	79
	80	83
	85	88
	86	89
	87	90
	89	91
	90	92
	92	94
	93	95
	96	98
	97	99
	98	100
	101	102
	102	103
	104	105
	106	108
	108	110
	111	113
	112	114
	115	117
	116	118
	119	121
	120	122
	121	123
	122	124
	123	125
	124	126
	125	127
net/minecraft/client/renderer/entity/EntityRenderer	349	337
	256	255
	259	258
	261	259
	262	260
	263	261
	264	262
	265	263
	268	266
	269	267
	270	268
	271	269
	274	272
	275	273
	276	274
	277	275
	279	276
	280	277
	281	278
	282	279
	283	280
	284	281
	285	282
	286	283
	289	284
	290	285
	291	286
	293	287
	294	289
	295	290
	296	291
	297	292
	298	294
	299	295
	300	296
	47	45
	48	46
	49	47
	307	303
	52	50
	53	51
	309	305
	312	308
	57	55
	313	309
	314	310
	315	311
	316	326
	61	59
	62	59
	319	312
	64	59
	320	313
	321	326
	68	63
	324	314
	69	64
	325	326
	71	67
	72	68
	328	315
	329	316
	74	71
	330	326
	75	72
	76	73
	78	76
	334	317
	79	77
	335	318
	336	319
	337	320
	82	80
	338	321
	83	81
	339	326
	84	82
	85	83
	86	84
	342	329
	343	330
	344	331
	89	88
	345	332
	346	333
	93	92
	349	337
	97	96
	101	100
	102	100
	104	100
	108	104
	109	105
	110	106
	114	110
	115	111
	118	114
	122	118
	126	122
	127	123
	130	128
	131	129
	132	130
	133	133
	135	136
	136	137
	138	142
	139	143
	142	146
	146	150
	150	154
	156	160
	157	161
	159	162
	160	163
	164	167
	165	168
	166	169
	167	170
	169	171
	170	172
	171	173
	172	174
	173	175
	175	176
	176	177
	177	178
	178	179
	179	180
	180	181
	181	182
	182	183
	184	185
	187	188
	188	189
	189	190
	190	191
	191	192
	192	193
	194	195
	196	198
	197	199
	199	201
	203	205
	205	206
	206	207
	207	208
	208	209
	210	210
	211	211
	213	212
	214	213
	215	214
	216	215
	218	216
	219	217
	220	218
	221	219
	222	221
	223	222
	227	226
	229	227
	230	228
	231	229
	232	230
	233	232
	234	233
	235	234
	236	235
	237	236
	238	237
	239	238
	240	239
	241	240
	242	241
	245	244
	246	245
	247	246
	248	247
	249	248
	250	249
	251	250
	252	251
	253	252
net/minecraft/client/renderer/entity/state/BatRenderState	0	0
net/minecraft/client/gui/font/GlyphStitcher	56	55
	34	33
	35	34
	38	37
	39	38
	40	39
	41	40
	45	44
	46	45
	47	46
	48	47
	49	48
	50	49
	51	50
	20	18
	52	51
	21	19
	22	20
	56	55
	25	23
	26	24
	27	26
	28	27
	30	29
net/minecraft/client/renderer/entity/SkeletonRenderer	22	20
	17	16
	22	20
	9	9
	12	12
	13	13
net/minecraft/client/particle/PortalParticle	96	99
	67	65
	68	66
	69	67
	71	68
	72	69
	73	79
	76	71
	77	72
	78	73
	15	17
	79	74
	17	18
	81	75
	18	19
	82	76
	19	20
	83	77
	20	21
	84	79
	21	22
	22	23
	23	24
	24	25
	25	26
	90	85
	27	27
	91	86
	29	28
	30	29
	31	30
	95	99
	32	31
	96	99
	34	32
	35	33
	39	37
	44	42
	45	43
	46	44
	50	48
	51	49
	52	50
	53	51
	54	52
	59	57
	60	58
	61	59
	62	60
net/minecraft/client/gui/screens/PresetFlatWorldScreen	315	320
	256	263
	257	264
	261	268
	262	269
	264	272
	265	272
	266	273
	269	276
	278	284
	279	285
	280	286
	281	287
	282	288
	286	292
	287	293
	288	294
	292	298
	293	299
	297	303
	298	304
	299	305
	300	306
	301	307
	47	46
	48	47
	304	310
	306	311
	307	312
	310	315
	311	316
	57	54
	58	55
	315	320
	69	65
	70	66
	71	67
	74	70
	78	73
	79	74
	81	77
	82	78
	83	79
	84	80
	88	83
	89	84
	92	87
	93	88
	97	92
	98	93
	99	94
	100	95
	103	98
	104	99
	105	100
	108	102
	112	107
	113	108
	114	109
	116	111
	117	112
	118	113
	119	114
	121	117
	122	118
	125	119
	126	120
	129	124
	133	135
	134	136
	135	137
	138	140
	140	141
	141	142
	144	145
	145	146
	146	147
	147	148
	148	149
	149	150
	150	151
	151	152
	152	153
	153	154
	157	158
	161	162
	163	164
	164	165
	165	166
	167	169
	170	172
	171	173
	173	174
	178	179
	179	180
	181	181
	182	182
	183	183
	184	184
	185	185
	187	186
	188	187
	189	188
	190	189
	191	190
	192	191
	193	192
	195	193
	197	194
	198	195
	199	196
	200	197
	201	198
	202	200
	204	202
	205	203
	210	207
	215	212
	216	213
	217	214
	218	215
	222	219
	223	220
	227	224
	229	225
	230	226
	231	227
	233	228
	234	229
	237	232
	238	233
	242	237
	243	239
	244	246
	245	248
	246	252
	248	256
	251	259
	255	262
net/minecraft/client/model/animal/armadillo/ArmadilloModel	83	70
	64	52
	66	54
	67	55
	68	56
	69	57
	70	58
	72	59
	73	60
	76	63
	77	64
	80	67
	81	68
	82	69
	83	70
	41	32
	43	33
	44	34
	45	35
	46	36
	47	37
	48	38
	50	39
	51	40
	52	41
	53	42
	54	43
	58	46
	59	47
	60	48
	61	49
	62	50
	63	51
net/minecraft/client/gui/components/DebugScreenOverlay	495	520
	103	96
	104	97
	105	98
	106	100
	107	102
	108	103
	109	104
	111	106
	112	107
	113	108
	114	109
	115	110
	116	111
	117	112
	118	113
	120	114
	121	115
	122	116
	123	117
	124	118
	125	119
	126	121
	127	122
	130	125
	133	128
	134	129
	135	130
	138	133
	139	134
	140	315
	142	135
	143	136
	144	315
	147	137
	148	138
	149	139
	152	141
	153	142
	154	143
	156	145
	158	148
	159	149
	160	150
	163	153
	164	154
	165	155
	166	156
	167	157
	170	160
	171	161
	173	163
	175	165
	179	169
	180	170
	184	174
	185	175
	189	179
	190	180
	193	182
	194	184
	195	185
	196	186
	197	187
	201	191
	202	192
	204	195
	205	196
	208	199
	209	200
	210	201
	211	202
	213	203
	214	204
	215	205
	219	209
	220	210
	221	211
	222	213
	223	214
	224	215
	225	216
	226	217
	227	218
	229	220
	230	221
	236	227
	237	228
	238	229
	239	230
	240	231
	241	233
	242	235
	244	238
	245	241
	247	243
	250	246
	251	247
	253	248
	254	249
	255	250
	256	251
	257	252
	258	253
	259	254
	260	255
	261	256
	263	259
	265	262
	266	263
	267	264
	268	265
	269	266
	271	269
	272	270
	273	271
	275	274
	276	275
	277	276
	278	277
	279	278
	280	279
	281	280
	284	283
	285	284
	286	285
	287	286
	288	287
	289	288
	293	296
	294	295
	295	308
	297	312
	298	315
	301	318
	305	323
	309	329
	310	331
	311	332
	312	333
	313	334
	314	335
	315	336
	316	337
	319	341
	320	342
	321	343
	322	344
	323	345
	324	346
	325	347
	328	350
	331	353
	332	354
	334	357
	335	358
	336	358
	339	358
	343	362
	344	363
	346	364
	347	365
	353	371
	354	385
	356	372
	357	373
	358	374
	359	375
	361	380
	363	383
	367	390
	368	397
	370	391
	371	392
	373	395
	377	402
	378	403
	382	407
	386	411
	390	415
	394	419
	398	423
	399	424
	400	425
	401	426
	402	427
	404	429
	407	432
	408	433
	409	434
	410	435
	411	436
	413	438
	416	441
	417	442
	418	443
	419	444
	420	445
	422	447
	425	450
	426	451
	427	452
	429	454
	432	457
	433	458
	436	461
	440	465
	444	469
	448	473
	452	477
	453	478
	454	479
	456	481
	459	484
	460	485
	461	486
	462	487
	465	490
	466	491
	467	492
	468	493
	469	494
	470	495
	471	496
	473	497
	474	498
	476	499
	477	500
	478	501
	479	502
	480	503
	482	508
	483	509
	484	510
	485	511
	486	512
	488	513
	489	514
	491	515
	492	516
	494	519
	495	520
net/minecraft/client/particle/TrackingEmitter	48	48
	32	32
	33	33
	34	34
	35	35
	36	36
	39	37
	40	38
	41	39
	42	40
	44	44
	45	45
	46	46
	15	15
	16	16
	48	48
	19	19
	20	20
	23	23
	24	24
	25	25
	26	26
	27	27
	28	28
net/minecraft/client/particle/RisingParticle	18	19
	17	18
	18	19
	8	10
	9	11
	10	12
	11	13
	12	14
	13	15
	14	16
	15	17
net/minecraft/client/gui/layouts/LayoutElement	28	27
	22	21
	26	25
	27	26
	28	27
net/minecraft/client/renderer/special/SpecialModelRenderer	0	0
com/mojang/realmsclient/util/package-info	0	0
net/minecraft/client/multiplayer/chat/report/ReportEnvironment	64	55
	64	55
	33	34
	34	34
	36	34
	40	38
	41	38
	43	38
	13	14
	47	42
	17	18
	49	43
	50	44
	51	45
	21	22
	54	48
	25	26
	29	30
	63	54
net/minecraft/client/gui/spectator/categories/SpectatorPage	29	23
	16	14
	17	15
	18	16
	21	19
	22	19
	25	19
	29	23
net/minecraft/client/renderer/block/dispatch/BlockStateModel	113	92
	67	81
	68	81
	69	81
	70	82
	71	83
	72	82
	73	85
	80	92
	92	37
	32	30
	97	42
	98	43
	102	47
	103	48
	107	52
	45	62
	46	63
	47	63
	48	64
	113	57
	51	66
	52	67
	54	68
	55	69
	56	71
	57	72
	58	76
	60	73
	63	79
net/minecraft/client/renderer/entity/ExperienceOrbRenderer	83	88
	65	57
	67	58
	68	59
	71	73
	72	79
	76	82
	81	86
	18	17
	82	87
	19	18
	83	88
	22	21
	23	22
	24	23
	25	24
	29	27
	34	33
	36	34
	37	35
	38	36
	39	37
	40	38
	42	39
	43	40
	44	41
	46	42
	47	43
	48	44
	49	45
	50	46
	52	47
	53	48
	55	49
	56	50
	58	51
	59	52
	60	53
	61	54
	62	55
	63	56
net/minecraft/client/model/animal/dolphin/BabyDolphinModel	63	51
	15	13
	16	14
	19	17
	20	18
	22	19
	23	20
	24	20
	25	20
	27	22
	28	23
	29	23
	30	23
	32	25
	33	26
	34	26
	35	26
	37	28
	38	30
	39	30
	40	31
	42	33
	43	35
	44	35
	45	36
	47	38
	48	39
	49	39
	50	39
	52	41
	53	43
	54	43
	55	44
	57	46
	58	48
	59	48
	60	49
	63	51
net/minecraft/client/renderer/entity/state/GuardianRenderState	9	9
	9	9
com/mojang/blaze3d/Blaze3D	17	16
	17	16
	9	8
	10	9
	13	12
com/mojang/blaze3d/platform/ClientShutdownWatchdog	33	27
	32	26
	33	27
	12	10
	15	13
	17	15
	18	16
	19	17
	26	20
	27	21
	28	22
	29	23
	30	24
	31	25
net/minecraft/client/renderer/item/properties/select/DisplayContext	28	30
	18	20
	23	25
	12	12
	28	30
	14	14
net/minecraft/client/renderer/item/RangeSelectItemModel	125	139
	33	33
	34	34
	35	35
	36	36
	37	37
	38	38
	43	41
	44	42
	45	43
	46	44
	49	48
	51	50
	52	51
	53	52
	54	53
	57	55
	63	70
	64	71
	66	73
	68	74
	70	76
	71	77
	73	80
	74	81
	83	101
	84	103
	85	104
	86	105
	87	106
	88	107
	89	109
	93	114
	98	119
	99	120
	100	121
	101	122
	102	123
	103	125
	104	126
	105	127
	106	128
	108	131
	109	132
	114	137
	115	138
	116	139
	120	84
	121	86
	122	87
	123	89
	125	91
net/minecraft/client/gui/components/LerpingBossEvent	36	44
	34	42
	35	43
	36	44
	16	26
	17	27
	18	28
	19	29
	20	30
	21	31
	22	32
	23	33
	27	36
	28	37
	29	38
	30	39
net/minecraft/client/gui/screens/options/OptionsSubScreen	84	81
	65	61
	69	65
	70	66
	74	70
	75	71
	77	74
	78	75
	81	78
	82	79
	84	81
	24	22
	25	23
	26	24
	27	25
	31	29
	32	30
	33	31
	35	32
	36	33
	37	34
	40	37
	41	38
	44	41
	45	42
	47	43
	48	44
	49	45
	51	47
	56	52
	57	53
	61	57
	62	58
	63	59
net/minecraft/client/renderer/entity/state/PandaRenderState	6	6
	6	6
net/minecraft/client/renderer/entity/PhantomRenderer	50	43
	33	29
	34	30
	35	31
	36	32
	40	35
	41	36
	43	37
	44	38
	13	13
	16	16
	48	41
	49	42
	18	17
	50	43
	19	18
	23	21
	28	25
net/minecraft/client/renderer/feature/ModelPartFeatureRenderer	103	132
	67	95
	76	104
	77	105
	79	107
	81	109
	84	112
	85	113
	86	114
	87	115
	25	29
	26	30
	90	119
	27	31
	91	120
	92	121
	93	122
	30	39
	31	40
	32	41
	96	125
	35	49
	99	128
	36	50
	100	129
	37	51
	101	130
	38	52
	102	131
	39	54
	103	132
	41	56
	42	57
	43	58
	45	60
	47	62
	48	63
	50	65
	52	68
	53	69
	55	71
	56	72
	57	73
	58	74
	61	84
	62	86
	63	90
net/minecraft/client/gui/screens/recipebook/FurnaceRecipeBookComponent	65	61
	32	30
	64	60
	65	61
	37	35
	38	36
	39	37
	45	43
	47	44
	16	16
	48	45
	17	16
	49	46
	18	17
	50	47
	19	18
	51	48
	20	19
	55	51
	26	24
	27	25
	59	55
	28	26
net/minecraft/client/renderer/entity/AbstractSkeletonRenderer	44	38
	32	29
	36	32
	41	36
	42	37
	44	38
	14	14
	15	15
	18	20
	20	21
	21	21
	22	21
	24	22
	28	25
	29	26
	30	27
	31	28
net/minecraft/client/renderer/entity/LightningBoltRenderer	138	125
	132	120
	133	121
	134	122
	138	125
	15	15
	16	16
	20	21
	21	22
	22	23
	23	24
	25	25
	26	27
	27	28
	28	29
	29	30
	30	31
	34	34
	35	35
	36	36
	37	37
	38	39
	39	40
	40	42
	41	43
	42	44
	43	45
	44	46
	46	49
	47	50
	49	53
	50	54
	51	56
	52	57
	53	58
	54	59
	55	60
	56	61
	58	63
	59	64
	62	67
	63	68
	64	69
	65	70
	67	71
	68	72
	69	73
	72	76
	73	77
	74	78
	77	81
	78	82
	79	83
	80	84
	84	88
	85	89
	88	109
	89	109
	91	109
	93	109
	95	109
	97	110
	98	110
	100	110
	102	110
	104	110
	106	111
	107	111
	109	111
	111	111
	113	111
	115	112
	116	112
	118	112
	120	112
	122	112
	123	113
	127	116
net/minecraft/client/resources/language/package-info	0	0
net/minecraft/client/telemetry/ClientTelemetryManager	115	102
	24	23
	25	24
	26	25
	27	26
	28	27
	40	37
	41	38
	43	39
	44	40
	45	41
	46	42
	47	43
	48	44
	49	45
	50	46
	51	47
	52	48
	54	49
	55	50
	56	51
	59	56
	63	60
	67	64
	68	65
	71	68
	72	69
	73	70
	76	73
	77	74
	78	74
	81	75
	82	76
	83	92
	86	77
	87	78
	88	79
	89	80
	90	81
	92	82
	94	83
	95	84
	97	90
	100	85
	101	86
	102	87
	104	90
	105	92
	109	96
	114	101
	115	102
net/minecraft/client/gui/screens/social/SocialInteractionsScreen	298	292
	256	247
	261	253
	265	257
	266	258
	267	259
	268	260
	269	261
	271	263
	274	266
	275	267
	276	268
	277	269
	278	270
	279	271
	280	272
	281	273
	283	276
	284	277
	286	279
	31	29
	32	30
	288	282
	33	31
	290	284
	35	32
	36	33
	37	34
	293	287
	38	35
	294	288
	39	36
	40	37
	41	38
	297	291
	42	39
	298	292
	43	40
	44	41
	45	42
	76	66
	77	67
	80	70
	81	71
	82	72
	83	73
	86	76
	90	80
	94	84
	99	89
	100	90
	102	91
	107	96
	109	97
	111	98
	112	99
	113	100
	115	102
	116	105
	117	110
	119	114
	120	115
	123	119
	124	120
	126	121
	129	125
	130	126
	131	127
	132	128
	133	129
	134	130
	136	131
	137	133
	138	134
	140	136
	141	137
	143	138
	145	139
	146	140
	147	141
	151	145
	152	146
	154	148
	158	152
	159	153
	160	154
	161	155
	162	156
	163	157
	164	158
	165	159
	166	160
	167	161
	168	162
	172	166
	173	167
	177	171
	178	172
	181	175
	182	176
	183	177
	184	178
	185	179
	186	180
	188	182
	189	183
	190	184
	191	185
	193	187
	194	188
	195	189
	196	190
	197	191
	199	193
	200	194
	201	195
	202	196
	203	197
	207	200
	208	201
	209	202
	210	203
	211	204
	212	205
	213	206
	214	207
	217	210
	221	214
	223	215
	224	216
	225	217
	226	218
	230	222
	231	223
	233	224
	234	225
	237	228
	238	229
	239	230
	240	231
	241	232
	242	233
	243	234
	244	235
	247	238
	248	239
	252	243
	253	244
	254	245
net/minecraft/client/data/models/package-info	0	0
net/minecraft/client/tutorial/TutorialSteps	36	36
	32	31
	33	32
	36	36
	6	6
	7	7
	8	8
	9	9
	10	10
	11	11
	18	17
	19	18
	20	19
	23	22
	27	26
	31	30
net/minecraft/client/particle/SculkChargePopParticle	47	54
	36	34
	37	35
	38	36
	43	50
	44	51
	13	14
	45	52
	14	15
	46	53
	47	54
	16	16
	17	17
	19	18
	21	19
	22	20
	26	24
	31	29
net/minecraft/client/renderer/state/level/BlockBreakingRenderState	0	0
net/minecraft/client/server/IntegratedServer	375	371
	256	254
	257	255
	258	255
	260	256
	261	257
	264	260
	266	261
	268	262
	269	263
	270	264
	272	266
	276	269
	281	273
	286	277
	288	278
	289	279
	293	282
	298	286
	302	290
	303	291
	307	294
	53	57
	312	298
	317	302
	322	306
	323	306
	69	81
	325	306
	71	83
	72	84
	73	85
	330	310
	75	86
	331	311
	76	87
	332	312
	334	315
	335	316
	80	90
	336	317
	82	91
	339	320
	84	92
	340	325
	341	326
	86	93
	342	327
	343	346
	88	94
	89	95
	345	341
	90	96
	346	342
	91	97
	92	98
	351	350
	352	351
	97	102
	353	352
	357	355
	102	110
	358	356
	103	109
	359	357
	104	122
	360	358
	105	126
	106	127
	108	129
	364	361
	365	362
	366	363
	367	364
	112	132
	114	133
	371	367
	116	134
	117	135
	118	136
	119	137
	375	371
	120	138
	121	139
	124	142
	125	143
	126	163
	129	145
	132	146
	135	149
	137	150
	138	151
	139	152
	140	153
	142	156
	143	157
	144	158
	145	159
	146	160
	148	163
	152	166
	157	170
	161	174
	162	176
	163	177
	165	179
	169	182
	174	186
	179	190
	184	194
	189	198
	194	202
	199	206
	200	207
	204	210
	205	211
	206	212
	208	213
	213	217
	219	222
	220	223
	222	224
	223	225
	224	226
	226	227
	227	228
	229	229
	230	230
	231	231
	232	232
	233	233
	234	235
	235	236
	238	239
	239	240
	241	241
	246	246
	248	247
	249	248
	250	249
	252	251
net/minecraft/client/model/animal/feline/BabyOcelotModel	9	9
	8	8
	9	9
net/minecraft/client/gui/font/EmptyArea	34	26
	34	26
	19	11
	24	16
	29	21
net/minecraft/client/renderer/block/model/ConditionalBlockModel	40	31
	17	16
	18	17
	19	18
	20	19
	36	30
	37	31
	39	31
	24	23
	40	31
	25	24
net/minecraft/client/renderer/block/BlockModelResolver	26	25
	16	15
	19	18
	20	19
	21	20
	24	23
	25	24
	26	25
	15	14
net/minecraft/client/gui/components/debugchart/FpsDebugChart	48	44
	34	30
	39	35
	44	40
	48	44
	17	14
	18	15
	22	19
	23	20
	24	21
	26	22
	27	23
	28	24
	30	26
net/minecraft/client/renderer/entity/state/ParrotRenderState	9	9
	7	7
	9	9
com/mojang/realmsclient/gui/screens/configuration/RealmsPreferredRegionSelectionScreen	170	170
	128	126
	129	127
	131	129
	134	132
	136	134
	140	138
	145	143
	146	144
	147	145
	148	147
	150	149
	26	24
	154	153
	155	154
	156	155
	157	156
	158	157
	160	159
	165	165
	166	166
	167	167
	168	168
	170	170
	45	40
	46	41
	47	42
	48	43
	49	44
	50	45
	54	49
	55	50
	59	54
	60	55
	61	56
	63	57
	65	58
	66	59
	67	60
	69	61
	71	62
	72	63
	73	64
	77	68
	78	69
	79	70
	81	72
	84	75
	85	76
	87	79
	88	80
	91	83
	92	84
	94	86
	98	91
	100	97
	101	98
	102	99
	103	102
	104	103
	105	104
	109	107
	111	108
	112	109
	114	112
	115	113
	122	120
	123	121
	126	124
	127	125
net/minecraft/client/renderer/texture/Dumpable	0	0
net/minecraft/client/particle/NoteParticle	47	53
	34	32
	41	39
	42	40
	11	11
	12	12
	13	13
	14	14
	46	53
	15	15
	47	53
	16	16
	17	17
	19	18
	20	19
	21	20
	23	21
	24	22
	25	23
	29	27
net/minecraft/client/particle/ShriekParticle	85	84
	66	57
	67	58
	68	62
	71	60
	72	62
	78	68
	79	69
	83	82
	20	18
	84	83
	85	84
	22	19
	24	20
	25	21
	26	22
	28	23
	29	24
	30	25
	31	26
	35	30
	40	35
	41	43
	44	36
	46	37
	47	38
	48	39
	50	40
	51	41
	52	43
	56	47
	61	52
net/minecraft/client/gui/screens/reporting/NameReportScreen	57	52
	32	29
	33	30
	37	34
	38	38
	40	40
	41	41
	42	42
	43	43
	44	44
	45	45
	18	16
	19	17
	51	49
	52	50
	54	52
	55	52
	24	21
	25	22
	57	52
	28	25
	29	26
net/minecraft/client/renderer/PostChainConfig	123	116
	64	74
	65	76
	68	80
	69	81
	74	27
	75	28
	76	29
	77	30
	78	31
	22	18
	23	20
	24	21
	25	23
	94	103
	95	105
	96	106
	33	42
	97	107
	34	44
	98	108
	35	45
	99	109
	36	46
	100	111
	37	47
	38	49
	104	116
	48	56
	49	57
	50	59
	114	86
	51	60
	115	88
	52	61
	116	89
	117	90
	118	91
	55	65
	119	93
	57	67
	59	68
	123	98
	60	70
	61	71
	62	72
	63	73
net/minecraft/client/renderer/block/dispatch/VariantSelector	53	53
	32	31
	34	35
	35	36
	40	41
	41	42
	42	43
	43	44
	47	48
	16	16
	17	17
	20	20
	21	22
	53	53
	22	23
	23	24
	24	25
	25	26
	26	27
	27	28
	28	29
	29	30
	30	34
net/minecraft/client/renderer/blockentity/state/StandingSignRenderState	6	6
	6	6
com/mojang/realmsclient/gui/screens/configuration/RealmsConfigureWorldScreen	370	360
	256	241
	258	243
	259	244
	260	245
	263	248
	264	249
	265	250
	267	252
	270	255
	271	256
	272	258
	275	261
	276	262
	277	263
	279	264
	281	267
	282	268
	285	271
	286	272
	287	273
	288	274
	290	277
	291	278
	292	279
	293	280
	294	281
	297	284
	298	285
	301	288
	302	289
	304	290
	49	48
	50	49
	306	293
	307	294
	308	295
	309	296
	310	297
	311	298
	312	299
	313	300
	314	301
	315	302
	316	303
	317	304
	63	57
	320	307
	321	308
	324	311
	325	312
	326	314
	72	66
	73	67
	329	317
	74	68
	330	318
	75	69
	331	319
	76	70
	77	71
	334	322
	335	323
	80	74
	336	324
	81	75
	337	325
	338	326
	85	79
	86	80
	342	330
	89	83
	345	333
	90	84
	347	336
	348	337
	93	87
	349	338
	94	88
	95	89
	351	340
	96	90
	97	91
	353	343
	98	92
	354	345
	99	93
	355	346
	100	95
	356	347
	101	96
	102	97
	358	344
	104	98
	106	99
	362	352
	107	100
	363	353
	108	101
	364	354
	109	102
	110	103
	112	104
	368	358
	369	359
	114	105
	370	360
	115	106
	116	107
	117	108
	119	109
	120	110
	122	111
	123	112
	125	114
	128	117
	129	118
	131	120
	134	123
	135	124
	137	126
	140	129
	144	133
	148	137
	152	141
	157	146
	158	154
	160	147
	162	148
	163	149
	164	150
	165	151
	166	152
	167	154
	170	157
	171	158
	172	159
	173	160
	176	163
	180	167
	181	168
	182	169
	186	173
	187	173
	189	173
	194	178
	195	179
	196	180
	200	184
	201	185
	203	188
	204	189
	205	190
	207	192
	210	195
	212	196
	213	198
	214	199
	215	200
	216	201
	217	202
	220	205
	221	206
	222	206
	223	208
	224	209
	225	210
	226	211
	227	212
	230	215
	231	258
	234	216
	235	218
	236	219
	237	220
	241	224
	242	225
	243	226
	246	229
	247	230
	250	233
	251	235
	252	236
net/minecraft/client/renderer/entity/IronGolemRenderer	64	57
	64	57
	17	17
	19	18
	24	22
	25	23
	26	24
	27	25
	28	26
	32	29
	37	33
	42	37
	43	38
	44	39
	45	40
	46	41
	48	43
	50	46
	51	47
	55	50
	56	51
	57	57
	60	52
	61	53
	62	54
	63	55
net/minecraft/client/model/object/banner/BannerFlagModel	36	35
	34	33
	35	34
	36	35
	17	17
	18	18
	19	19
	22	22
	23	23
	24	24
	25	26
	26	26
	27	27
	29	29
net/minecraft/client/resources/model/ModelManager	301	379
	256	297
	257	298
	259	300
	261	320
	262	316
	266	329
	267	345
	268	341
	272	349
	273	350
	274	351
	275	352
	276	353
	277	354
	278	355
	279	356
	280	357
	281	358
	284	361
	285	362
	287	365
	288	366
	289	367
	290	368
	291	369
	292	370
	293	371
	297	375
	301	379
	64	67
	66	68
	81	82
	82	83
	83	84
	84	85
	87	88
	91	92
	95	96
	99	100
	103	104
	108	110
	109	111
	111	112
	112	113
	113	115
	114	117
	115	118
	116	119
	118	120
	120	121
	121	122
	122	123
	124	124
	125	125
	128	126
	129	129
	130	131
	131	132
	132	133
	133	134
	135	135
	136	136
	137	137
	140	141
	141	141
	144	144
	145	145
	146	146
	147	147
	149	149
	151	153
	152	154
	156	158
	157	159
	158	161
	159	163
	160	164
	161	165
	162	167
	163	168
	164	169
	165	170
	166	171
	170	177
	175	196
	176	191
	177	192
	178	193
	179	194
	180	212
	181	208
	186	224
	187	225
	189	226
	196	233
	197	234
	199	235
	200	236
	202	238
	206	243
	207	244
	208	244
	210	244
	214	248
	215	249
	216	249
	218	249
	223	254
	224	255
	227	258
	229	260
	232	262
	233	262
	234	265
	236	266
	237	269
	240	272
	241	277
	244	280
	246	281
	251	304
	252	293
	254	295
	255	296
net/minecraft/client/gui/components/debug/DebugEntrySimplePerformanceImpactors	35	41
	16	20
	17	21
	19	23
	35	41
	20	26
	21	27
	22	28
	25	31
	26	32
	27	33
	29	35
	31	37
net/minecraft/client/renderer/blockentity/state/CopperGolemStatueRenderState	10	10
	8	8
	9	9
	10	10
com/mojang/blaze3d/shaders/ShaderSource	0	0
com/mojang/realmsclient/gui/screens/RealmsTermsScreen	97	101
	64	69
	68	73
	69	74
	70	75
	71	76
	74	78
	79	84
	84	91
	86	92
	23	22
	87	93
	24	23
	88	94
	25	24
	26	25
	90	95
	91	96
	92	97
	93	98
	95	99
	96	100
	97	101
	34	32
	35	33
	36	34
	37	35
	41	39
	43	41
	44	44
	45	48
	49	52
	50	53
	51	54
	53	56
	57	61
	59	64
	60	65
	61	66
	62	67
net/minecraft/client/gui/components/StringWidget	75	77
	64	64
	66	65
	67	66
	68	67
	69	69
	70	72
	73	75
	75	77
	17	15
	18	16
	21	19
	22	20
	25	23
	26	24
	27	25
	31	29
	32	30
	33	31
	36	34
	40	38
	41	39
	42	40
	47	45
	48	46
	49	47
	50	48
	52	51
	54	53
	59	59
	60	60
	61	61
	62	62
	63	63
net/minecraft/client/data/models/EquipmentAssetProvider	124	142
	23	25
	24	26
	27	29
	28	32
	29	33
	30	34
	31	36
	32	37
	33	39
	35	41
	36	42
	37	43
	38	44
	39	45
	40	46
	41	47
	42	47
	44	49
	45	50
	46	53
	47	54
	48	55
	50	57
	51	60
	52	61
	55	63
	56	64
	57	67
	58	68
	59	69
	60	70
	61	71
	62	72
	63	73
	64	74
	65	75
	66	76
	67	77
	70	80
	71	81
	72	82
	73	83
	74	88
	75	90
	79	94
	80	95
	81	96
	82	97
	83	100
	84	101
	87	105
	88	108
	89	109
	91	111
	92	114
	93	115
	95	117
	98	120
	99	120
	100	120
	104	124
	105	125
	106	126
	107	127
	108	128
	113	132
	114	133
	115	134
	116	135
	118	137
	119	138
	124	142
net/minecraft/client/renderer/block/model/package-info	0	0
net/minecraft/client/renderer/fog/environment/FogEnvironment	29	28
	17	16
	21	20
	25	24
	29	28
net/minecraft/client/renderer/ItemInHandRenderer	714	675
	513	449
	514	450
	515	451
	516	452
	517	453
	519	454
	520	455
	521	456
	522	457
	524	460
	525	461
	526	462
	527	463
	528	464
	530	467
	532	468
	533	469
	535	471
	538	472
	539	473
	540	474
	544	478
	546	487
	547	488
	549	489
	550	490
	551	491
	552	492
	554	495
	44	39
	45	40
	559	501
	560	502
	561	503
	563	505
	564	506
	565	507
	566	508
	567	509
	571	513
	572	514
	573	515
	574	516
	576	517
	577	518
	578	519
	579	520
	580	521
	582	524
	583	525
	584	526
	585	527
	586	528
	588	531
	590	532
	591	533
	592	534
	595	537
	596	538
	597	539
	598	540
	600	541
	601	542
	602	543
	603	544
	605	547
	606	548
	607	549
	608	550
	609	551
	611	554
	613	555
	614	556
	615	557
	618	560
	619	561
	622	563
	623	564
	626	566
	627	567
	628	568
	632	571
	633	572
	634	573
	635	574
	636	575
	638	577
	639	578
	642	583
	643	586
	646	590
	649	600
	650	602
	653	605
	654	606
	655	607
	656	608
	657	609
	658	610
	661	613
	662	614
	665	615
	670	619
	671	620
	673	621
	674	622
	675	623
	166	123
	678	624
	167	124
	679	625
	168	125
	169	126
	681	628
	682	629
	172	136
	173	141
	685	632
	686	633
	687	634
	176	137
	177	138
	689	636
	178	139
	179	141
	691	637
	692	638
	182	144
	694	639
	183	145
	695	640
	184	146
	185	146
	699	643
	700	644
	189	150
	191	151
	703	647
	704	648
	193	152
	706	650
	195	153
	196	154
	197	155
	709	653
	198	156
	710	654
	200	157
	712	656
	201	158
	202	159
	714	658
	204	163
	206	166
	207	167
	210	178
	212	179
	214	180
	215	181
	216	182
	217	183
	218	184
	221	187
	222	188
	224	189
	225	190
	226	191
	227	192
	228	193
	229	194
	231	195
	232	196
	233	197
	234	198
	235	199
	238	209
	239	210
	240	211
	241	212
	243	213
	244	214
	245	215
	247	216
	248	217
	249	218
	251	219
	252	220
	254	221
	257	224
	258	225
	260	226
	262	227
	263	228
	266	231
	267	232
	269	233
	271	234
	272	235
	274	236
	275	237
	277	238
	279	239
	281	240
	282	241
	283	242
	284	243
	285	244
	287	245
	288	246
	289	247
	290	248
	292	250
	295	260
	296	261
	297	262
	298	263
	299	264
	300	265
	301	266
	307	267
	309	268
	310	269
	311	270
	312	271
	314	272
	316	273
	317	274
	318	275
	319	276
	320	277
	322	278
	323	279
	324	280
	325	281
	327	283
	329	285
	332	288
	333	289
	335	290
	336	291
	337	292
	340	295
	342	296
	343	297
	345	298
	346	299
	347	300
	348	301
	351	304
	352	305
	353	306
	355	307
	356	308
	357	309
	358	310
	360	311
	362	312
	363	313
	364	314
	366	315
	367	316
	369	317
	370	318
	372	320
	374	321
	375	322
	376	323
	378	324
	380	326
	383	329
	385	330
	386	331
	388	332
	389	333
	390	334
	391	335
	392	336
	395	339
	396	340
	397	341
	400	346
	401	347
	402	348
	404	349
	406	350
	407	351
	408	352
	409	353
	411	354
	412	355
	413	356
	414	358
	417	372
	418	373
	419	374
	420	376
	422	381
	423	382
	424	383
	428	662
	429	663
	430	664
	435	670
	436	671
	437	672
	440	675
	447	387
	448	388
	450	389
	451	390
	453	391
	454	392
	457	393
	458	394
	461	396
	462	397
	465	398
	469	403
	470	404
	472	405
	473	410
	477	406
	478	407
	479	408
	483	415
	487	430
	488	602
	491	431
	492	432
	494	433
	495	434
	496	435
	497	436
	500	438
	501	439
	502	440
	504	442
	506	444
	507	445
	509	446
	510	447
	511	448
net/minecraft/client/gui/Font	424	441
	256	381
	261	386
	262	387
	274	394
	275	395
	278	398
	279	399
	280	400
	284	404
	285	405
	286	406
	289	409
	292	412
	293	413
	294	414
	295	415
	297	417
	301	422
	302	423
	303	424
	48	43
	304	425
	49	44
	305	426
	50	45
	306	426
	308	426
	53	48
	309	428
	310	428
	312	428
	58	53
	59	54
	60	55
	61	56
	317	434
	318	441
	64	57
	320	435
	321	436
	322	437
	323	438
	68	73
	324	439
	69	74
	70	75
	73	89
	329	151
	74	90
	330	152
	75	91
	331	153
	332	154
	333	155
	78	105
	79	106
	335	158
	80	107
	83	119
	339	162
	84	121
	340	163
	85	122
	86	123
	342	166
	87	124
	343	167
	88	125
	344	168
	89	126
	90	127
	91	128
	92	129
	348	180
	349	181
	94	130
	350	182
	95	131
	96	132
	98	133
	354	186
	358	190
	104	139
	105	141
	106	142
	362	194
	109	145
	110	146
	366	198
	111	147
	112	148
	370	202
	374	206
	378	210
	382	214
	386	218
	390	222
	394	226
	399	239
	402	242
	403	243
	150	293
	407	247
	151	294
	408	248
	154	297
	411	251
	155	298
	412	252
	156	299
	413	253
	157	300
	158	301
	159	302
	160	303
	161	304
	418	258
	164	307
	421	261
	165	308
	166	309
	167	310
	424	264
	168	311
	171	314
	172	321
	174	315
	175	316
	176	317
	177	318
	178	319
	179	321
	182	324
	183	325
	184	326
	187	329
	188	330
	190	333
	191	334
	192	335
	195	338
	196	339
	198	342
	199	343
	203	346
	204	347
	208	351
	210	352
	212	353
	213	354
	214	355
	216	356
	217	357
	218	358
	219	359
	221	360
	222	361
	223	362
	224	363
	225	364
	228	367
	230	368
	231	369
	243	374
	244	375
	255	380
net/minecraft/client/particle/SmokeParticle	21	40
	16	26
	17	27
	21	40
	9	19
	10	20
net/minecraft/client/renderer/entity/state/FoxRenderState	13	13
	13	13
net/minecraft/client/gui/components/debug/DebugEntryChunkSourceStats	22	28
	16	22
	18	24
	22	28
	11	16
	12	17
	13	18
	15	21
com/mojang/blaze3d/audio/OpenAlUtil	86	91
	66	68
	67	69
	68	70
	70	71
	71	72
	72	73
	73	74
	74	77
	11	11
	75	78
	77	80
	14	14
	78	81
	79	82
	16	16
	80	85
	81	86
	18	18
	20	20
	22	22
	86	91
	24	24
	26	26
	31	31
	32	32
	33	33
	34	34
	36	36
	40	41
	42	43
	44	45
	46	49
	48	47
	50	51
	52	53
	57	58
	58	59
	59	60
	60	61
	62	63
net/minecraft/client/animation/AnimationChannel	45	29
	36	20
	37	21
	38	22
	39	23
	40	24
	41	25
	42	26
	43	27
	29	15
	45	29
	30	16
	31	17
net/minecraft/client/gui/screens/multiplayer/RestrictionsScreen	115	105
	26	25
	35	32
	36	33
	37	34
	38	35
	42	39
	44	40
	45	41
	48	42
	50	43
	51	47
	52	48
	53	49
	54	50
	55	51
	56	52
	57	53
	60	55
	62	57
	64	59
	66	61
	67	62
	70	65
	71	66
	72	67
	73	68
	74	69
	76	70
	77	71
	78	73
	79	74
	80	75
	81	76
	82	77
	85	79
	86	80
	88	81
	89	82
	91	83
	92	84
	93	85
	96	88
	97	89
	98	90
	99	91
	101	92
	107	97
	108	98
	112	102
	113	103
	114	104
	115	105
net/minecraft/client/renderer/entity/StrayRenderer	26	23
	16	15
	17	16
	21	19
	10	10
	26	23
	11	11
	14	14
net/minecraft/client/sounds/WeighedSoundEvents	73	73
	65	65
	70	70
	71	71
	73	73
	20	19
	21	20
	22	21
	23	22
	25	25
	27	27
	29	29
	33	33
	34	35
	35	36
	37	39
	42	43
	44	44
	45	56
	48	45
	49	47
	50	48
	52	49
	53	50
	57	54
	61	61
	62	62
com/mojang/blaze3d/vertex/VertexMultiConsumer	166	192
	129	143
	130	144
	7	7
	135	149
	136	150
	11	11
	141	155
	142	156
	15	15
	19	19
	147	161
	148	162
	153	167
	154	168
	28	27
	29	28
	31	31
	159	173
	32	32
	160	174
	33	33
	37	37
	165	191
	38	38
	166	192
	39	39
	44	44
	45	45
	46	46
	51	51
	52	52
	53	53
	58	58
	59	59
	60	60
	65	65
	66	66
	67	67
	72	72
	73	73
	74	74
	79	79
	80	80
	81	81
	86	86
	87	87
	88	88
	93	105
	94	106
	95	107
	99	120
	100	112
	101	113
	102	114
	103	115
	107	121
	110	124
	111	125
	113	127
	117	131
	118	132
	123	137
	124	138
net/minecraft/client/model/animal/pig/BabyPigModel	54	51
	15	13
	16	14
	19	17
	20	18
	22	19
	23	20
	24	20
	25	20
	27	22
	28	24
	29	25
	30	27
	31	29
	33	31
	34	33
	35	33
	36	34
	38	36
	39	38
	40	38
	41	39
	43	41
	44	43
	45	43
	46	44
	48	46
	49	48
	50	48
	51	49
	54	51
com/mojang/realmsclient/client/UploadStatus	63	59
	10	8
	15	13
	16	14
	19	17
	20	18
	21	19
	22	20
	23	21
	26	24
	30	28
	34	32
	35	33
	38	36
	42	40
	46	44
	50	48
	51	49
	52	50
	53	56
	55	51
	56	52
	58	53
	59	54
	60	56
	63	59
com/mojang/blaze3d/textures/FilterMode	0	0
net/minecraft/client/renderer/item/properties/conditional/Broken	20	22
	20	22
	11	11
	15	17
net/minecraft/client/renderer/PostChain	196	206
	130	138
	131	139
	133	141
	138	145
	139	146
	140	147
	141	148
	142	149
	145	152
	146	153
	147	154
	148	155
	150	158
	151	159
	152	160
	154	163
	27	28
	159	168
	160	169
	161	171
	162	172
	164	174
	37	43
	38	44
	39	45
	40	46
	168	178
	41	47
	42	48
	45	58
	173	183
	174	184
	47	59
	48	59
	176	186
	49	59
	51	60
	52	61
	53	62
	182	192
	56	65
	57	67
	58	68
	59	69
	62	72
	192	202
	193	203
	66	76
	194	204
	67	77
	68	78
	196	206
	69	79
	71	81
	72	82
	74	85
	76	87
	77	88
	80	91
	81	92
	83	94
	84	95
	86	96
	88	97
	89	98
	90	99
	92	100
	93	101
	97	108
	101	112
	102	113
	104	114
	105	116
	106	117
	109	120
	110	121
	111	122
	112	124
	113	124
	114	124
	116	124
	118	126
	119	127
	120	128
	122	130
	126	134
	127	135
com/mojang/realmsclient/exception/RealmsDefaultUncaughtExceptionHandler	15	16
	9	10
	10	11
	14	15
	15	16
net/minecraft/client/model/animal/sheep/SheepFurModel	51	41
	32	26
	33	27
	36	29
	37	29
	38	30
	39	31
	40	32
	41	33
	43	34
	48	38
	49	39
	18	15
	50	40
	19	16
	51	41
	22	19
	23	20
	25	21
	26	22
	27	22
	28	22
	30	24
	31	26
net/minecraft/client/gui/screens/multiplayer/WarningScreen	72	67
	64	58
	66	61
	67	62
	68	63
	72	67
	28	23
	29	24
	32	27
	33	28
	34	29
	35	30
	36	31
	37	32
	43	38
	44	39
	45	40
	46	41
	48	42
	49	43
	50	44
	51	45
	53	48
	55	49
	56	50
	57	51
	61	55
	62	56
	63	57
com/mojang/blaze3d/platform/NativeImage	648	665
	513	503
	519	504
	544	533
	545	534
	546	535
	547	536
	548	537
	549	538
	550	539
	551	540
	552	541
	553	542
	42	38
	554	543
	43	39
	555	544
	556	545
	45	41
	559	548
	563	552
	567	556
	56	51
	57	52
	571	560
	60	55
	61	72
	63	56
	575	564
	64	57
	65	58
	66	59
	67	60
	579	568
	68	61
	69	62
	71	64
	583	572
	73	67
	74	68
	75	69
	587	576
	77	74
	591	580
	80	77
	81	85
	83	78
	595	584
	84	79
	85	80
	86	81
	87	82
	599	588
	88	83
	89	87
	603	592
	93	91
	607	596
	97	95
	611	600
	101	99
	615	604
	106	103
	619	608
	108	106
	109	107
	111	109
	623	612
	112	110
	627	616
	117	115
	631	620
	121	119
	123	120
	635	624
	125	121
	126	122
	639	628
	128	125
	641	630
	130	127
	643	632
	133	130
	645	634
	134	131
	135	132
	648	637
	141	138
	142	139
	143	140
	148	144
	149	145
	151	148
	152	149
	154	152
	155	154
	156	155
	157	156
	158	157
	160	158
	161	159
	162	160
	164	163
	165	164
	166	165
	171	170
	172	171
	174	173
	180	177
	181	178
	182	179
	184	181
	186	184
	188	187
	189	188
	192	191
	196	195
	200	199
	204	203
	211	207
	212	208
	213	211
	214	212
	216	215
	217	216
	218	217
	222	221
	229	225
	230	226
	231	229
	232	230
	234	233
	235	234
	236	235
	237	236
	240	239
	241	240
	244	243
	245	244
	247	247
	249	248
	250	249
	251	250
	252	251
	253	253
	254	254
	255	255
	256	256
	258	259
	264	263
	265	264
	267	267
	268	268
	269	269
	270	270
	274	274
	275	276
	276	277
	278	280
	283	284
	284	285
	285	288
	286	289
	289	292
	290	293
	296	298
	297	299
	299	302
	300	303
	301	305
	302	306
	303	307
	306	311
	310	315
	311	316
	314	319
	315	320
	318	321
	319	322
	322	324
	323	325
	324	326
	325	327
	328	328
	329	336
	332	329
	333	330
	334	331
	336	332
	344	647
	345	648
	349	652
	351	655
	352	656
	353	657
	355	659
	358	662
	359	663
	361	665
	366	344
	367	345
	369	348
	370	350
	371	351
	372	352
	375	355
	378	358
	380	361
	381	362
	382	363
	384	366
	385	367
	388	370
	389	371
	391	373
	398	378
	399	379
	401	382
	402	383
	403	384
	404	385
	405	386
	407	388
	408	389
	409	391
	410	392
	411	393
	412	394
	415	397
	419	400
	420	401
	421	402
	424	405
	428	410
	429	411
	434	424
	435	425
	436	426
	437	427
	438	428
	439	429
	442	432
	447	435
	448	436
	449	437
	451	440
	452	441
	453	442
	454	447
	456	452
	460	455
	461	456
	464	459
	468	463
	469	464
	470	465
	472	468
	473	491
	475	469
	476	470
	478	473
	479	474
	480	475
	481	477
	482	478
	484	479
	485	480
	486	481
	487	482
	488	483
	492	488
	496	497
	501	501
	507	502
net/minecraft/client/renderer/debug/DebugRenderer	174	192
	131	156
	132	157
	133	158
	135	159
	137	160
	138	161
	139	162
	140	163
	143	165
	145	165
	148	165
	153	171
	154	172
	27	26
	155	173
	28	27
	156	175
	157	176
	158	177
	31	30
	159	178
	32	31
	160	179
	161	180
	34	32
	162	181
	35	33
	163	182
	37	36
	38	37
	40	40
	41	41
	169	187
	170	188
	43	44
	171	189
	44	45
	172	190
	173	191
	46	48
	174	192
	47	49
	49	52
	50	53
	52	56
	53	57
	55	60
	56	61
	58	64
	59	65
	61	68
	62	69
	64	72
	65	74
	67	84
	68	85
	70	88
	71	89
	73	92
	74	93
	76	96
	77	97
	79	100
	80	101
	82	104
	83	105
	85	108
	86	109
	88	112
	89	113
	91	116
	92	117
	94	120
	95	121
	97	124
	98	125
	100	128
	101	129
	103	132
	104	133
	107	136
	108	137
	111	140
	112	141
	114	142
	115	143
	116	144
	119	147
	120	148
	122	150
	125	153
	126	154
net/minecraft/client/resources/model/cuboid/FaceBakery	238	274
	26	23
	30	27
	31	28
	32	29
	33	30
	34	31
	35	32
	36	33
	41	39
	42	40
	44	43
	45	44
	46	45
	47	46
	48	47
	53	63
	54	64
	55	65
	57	68
	58	69
	59	70
	60	71
	65	85
	67	86
	68	87
	70	88
	71	90
	72	92
	75	96
	77	97
	79	98
	82	101
	91	110
	97	130
	98	131
	100	132
	101	133
	104	136
	105	137
	108	140
	109	141
	113	144
	114	145
	115	146
	117	148
	118	149
	119	150
	121	153
	122	154
	123	155
	126	158
	130	162
	134	166
	135	167
	136	168
	137	169
	140	172
	141	173
	142	174
	146	178
	147	179
	151	182
	152	183
	153	185
	154	186
	156	187
	157	188
	158	189
	161	193
	165	197
	166	198
	167	199
	168	200
	169	201
	170	202
	171	204
	172	205
	173	206
	174	207
	175	208
	176	209
	177	210
	179	213
	180	214
	182	217
	183	218
	185	221
	186	222
	188	225
	189	226
	191	229
	192	230
	196	234
	197	236
	198	237
	200	238
	201	239
	202	240
	204	241
	205	242
	207	243
	210	246
	211	247
	212	248
	215	251
	218	254
	219	255
	221	256
	222	257
	225	261
	229	265
	230	266
	231	267
	232	268
	235	271
	236	272
	237	273
	238	274
net/minecraft/client/renderer/texture/TickableTexture	0	0
net/minecraft/client/renderer/item/properties/numeric/CrossbowPull	32	31
	16	16
	32	31
	18	17
	19	18
	22	21
	23	22
	26	25
	27	26
	12	12
net/minecraft/client/model/animal/llama/package-info	0	0
com/mojang/blaze3d/textures/GpuSampler	0	0
com/mojang/realmsclient/gui/screens/configuration/RealmsWorldsTab	178	209
	129	143
	130	144
	132	145
	133	146
	135	148
	139	153
	141	151
	145	160
	146	164
	147	165
	148	165
	151	168
	152	169
	25	23
	155	174
	156	176
	158	178
	159	179
	160	180
	161	183
	162	186
	36	33
	164	189
	37	34
	38	35
	39	36
	167	193
	40	37
	168	194
	42	38
	170	196
	43	39
	44	41
	172	198
	45	42
	173	203
	174	205
	47	45
	175	206
	49	46
	178	209
	51	47
	52	50
	53	54
	55	57
	56	60
	57	62
	59	65
	60	65
	61	65
	63	66
	64	67
	65	68
	66	69
	69	72
	70	73
	72	83
	74	87
	77	90
	78	91
	79	92
	80	93
	82	95
	84	97
	87	100
	92	105
	93	106
	97	110
	98	111
	99	112
	100	113
	101	114
	103	116
	104	117
	105	118
	107	120
	110	124
	111	126
	112	127
	113	128
	114	129
	116	131
	119	135
	120	136
	123	139
	124	140
	125	141
net/minecraft/client/gui/components/events/ContainerEventHandler	270	271
	256	253
	258	255
	259	256
	260	257
	263	262
	264	264
	265	265
	266	266
	267	267
	270	271
	31	29
	32	30
	33	31
	36	35
	41	40
	42	41
	43	42
	46	45
	47	46
	48	46
	49	47
	50	48
	51	49
	55	53
	60	58
	61	59
	62	60
	63	61
	66	65
	71	70
	72	70
	74	70
	83	79
	89	84
	94	89
	99	94
	104	99
	109	104
	110	105
	119	114
	120	115
	122	117
	126	121
	131	126
	132	127
	133	127
	135	127
	140	132
	143	133
	144	134
	145	135
	146	136
	151	140
	152	141
	154	143
	155	143
	158	143
	162	148
	163	149
	164	150
	165	151
	168	152
	169	154
	170	155
	172	156
	173	157
	175	159
	179	162
	181	163
	182	164
	184	166
	185	167
	186	168
	187	169
	188	170
	191	174
	195	178
	196	179
	197	180
	198	181
	199	182
	201	184
	202	185
	204	188
	205	189
	209	199
	210	200
	211	201
	212	202
	214	203
	215	205
	216	206
	219	207
	220	208
	221	209
	222	210
	223	211
	224	212
	225	213
	226	214
	232	221
	233	224
	234	226
	235	228
	236	229
	237	230
	238	231
	241	235
	245	244
	246	245
	248	246
	250	247
	251	249
	252	250
	255	251
net/minecraft/client/particle/FallingDustParticle	105	106
	64	57
	65	58
	68	61
	69	62
	70	63
	71	65
	77	71
	78	72
	82	85
	83	86
	20	22
	84	87
	21	23
	23	24
	87	90
	24	25
	25	26
	90	92
	27	27
	91	93
	29	28
	93	95
	94	96
	31	29
	95	97
	32	30
	33	31
	98	99
	35	32
	36	33
	37	34
	101	103
	102	104
	103	105
	41	38
	105	106
	46	43
	51	48
	52	49
	53	50
	55	51
	56	52
	57	65
	60	54
	62	55
	63	56
net/minecraft/client/renderer/entity/RaftRenderer	18	18
	18	18
	12	12
	13	13
	14	14
net/minecraft/client/renderer/entity/state/ZombieVillagerRenderState	11	11
	11	11
net/minecraft/client/renderer/entity/state/SkeletonRenderState	0	0
net/minecraft/client/gui/font/providers/GlyphProviderType	32	29
	16	15
	32	29
	22	20
	23	21
	24	22
	9	9
	10	10
	11	11
	12	12
	28	25
	13	13
com/mojang/blaze3d/audio/AbstractDeviceTracker	45	40
	35	31
	36	32
	38	33
	39	34
	40	35
	41	36
	42	37
	13	11
	45	40
	14	12
	22	20
	27	25
	28	26
	31	27
net/minecraft/client/multiplayer/ClientDebugSubscriber	307	290
	256	258
	266	273
	267	274
	268	275
	269	276
	270	277
	271	278
	274	281
	276	282
	277	283
	286	217
	34	35
	290	221
	35	36
	36	37
	294	225
	39	40
	40	41
	42	43
	45	46
	46	47
	47	48
	48	49
	304	290
	49	50
	305	290
	50	51
	51	52
	307	290
	52	53
	53	54
	54	55
	55	56
	56	57
	57	58
	58	59
	59	60
	60	61
	61	62
	62	63
	64	66
	68	70
	69	71
	70	72
	73	75
	74	76
	75	77
	76	78
	79	81
	80	82
	81	83
	83	85
	84	86
	89	89
	91	90
	93	91
	94	92
	97	95
	98	96
	100	98
	104	101
	108	107
	109	108
	113	112
	114	113
	118	117
	121	119
	122	120
	126	123
	131	127
	132	128
	136	131
	141	135
	142	136
	143	137
	144	138
	146	140
	147	141
	151	144
	156	148
	157	149
	158	158
	160	150
	161	152
	162	153
	163	154
	164	155
	166	158
	171	163
	172	164
	175	167
	176	168
	179	171
	180	172
	183	175
	184	176
	185	177
	187	179
	190	182
	191	183
	192	184
	194	186
	197	189
	198	190
	199	191
	201	193
	204	196
	205	197
	206	198
	209	201
	210	206
	212	202
	213	203
	215	206
	218	209
	219	214
	221	210
	222	211
	224	214
	230	232
	231	233
	234	236
	235	237
	238	240
	239	241
	242	244
	243	245
	247	249
	248	250
	250	252
	252	254
	255	257
net/minecraft/client/model/animal/frog/FrogModel	173	112
	129	84
	130	85
	131	85
	132	85
	135	87
	136	88
	137	88
	138	88
	141	90
	142	91
	143	91
	144	91
	147	93
	148	94
	149	94
	150	94
	153	96
	158	100
	160	101
	161	102
	162	103
	164	104
	165	105
	39	36
	167	107
	170	110
	172	111
	173	112
	50	37
	51	38
	52	39
	53	40
	54	41
	55	42
	56	43
	59	46
	60	47
	62	48
	63	48
	64	48
	66	49
	67	51
	68	51
	69	51
	70	52
	72	54
	73	56
	74	56
	75	56
	76	57
	78	59
	79	59
	80	59
	82	60
	83	61
	84	61
	85	61
	87	63
	88	63
	89	63
	90	63
	93	64
	94	66
	95	66
	96	67
	99	69
	100	70
	101	70
	102	70
	105	72
	106	73
	107	73
	108	73
	111	75
	112	76
	113	76
	114	76
	117	78
	118	79
	119	79
	120	79
	123	81
	124	82
	125	82
	126	82
com/mojang/realmsclient/gui/screens/RealmsLongRunningMcoTaskScreen	116	112
	66	60
	71	65
	73	66
	74	67
	76	69
	80	73
	81	74
	82	75
	84	77
	24	23
	89	83
	26	24
	90	84
	91	85
	92	86
	93	87
	94	88
	95	89
	96	90
	100	94
	37	32
	101	95
	38	33
	102	96
	39	34
	40	35
	41	36
	105	99
	106	100
	44	39
	108	103
	45	40
	109	104
	46	41
	47	42
	48	43
	112	107
	49	47
	113	108
	50	48
	51	49
	115	111
	116	112
	57	52
	59	53
	60	54
	61	55
	62	56
net/minecraft/client/renderer/ShapeRenderer	17	25
	16	24
	17	25
	10	19
	11	20
	12	21
	14	22
	15	23
net/minecraft/client/particle/FireflyParticle	86	89
	64	58
	65	59
	66	61
	67	61
	69	61
	77	69
	78	70
	82	84
	83	86
	20	21
	84	87
	21	22
	85	88
	22	23
	86	89
	23	24
	24	25
	25	26
	26	27
	27	28
	31	32
	36	37
	41	42
	43	43
	44	44
	45	51
	48	46
	50	47
	51	48
	52	48
	53	48
	54	48
	57	51
	60	54
net/minecraft/client/particle/ItemPickupParticle	56	55
	33	31
	34	32
	35	33
	37	36
	38	37
	39	38
	43	42
	47	46
	48	47
	49	48
	50	49
	53	52
	54	53
	23	21
	55	54
	24	22
	56	55
	25	23
	26	24
	27	25
	28	26
	29	27
net/minecraft/client/entity/package-info	0	0
net/minecraft/client/gui/components/EditBox	644	624
	514	500
	518	504
	522	508
	526	512
	527	513
	528	514
	531	517
	532	518
	535	521
	536	522
	540	526
	541	536
	543	527
	544	528
	33	31
	545	529
	547	532
	548	533
	38	36
	550	536
	39	37
	553	539
	557	543
	558	544
	560	547
	561	548
	564	551
	568	555
	569	556
	570	557
	573	560
	574	561
	577	564
	66	62
	578	565
	67	63
	581	568
	70	66
	71	67
	585	572
	74	70
	586	573
	75	71
	587	574
	76	72
	77	73
	79	76
	591	577
	80	77
	592	594
	83	80
	595	578
	84	81
	597	579
	598	580
	87	84
	599	581
	88	85
	601	582
	602	583
	92	89
	604	586
	93	90
	605	587
	606	588
	607	589
	97	94
	98	95
	610	592
	611	594
	100	97
	614	597
	103	100
	615	598
	104	101
	105	102
	106	103
	618	601
	109	106
	622	605
	623	606
	113	110
	114	111
	626	609
	627	610
	116	112
	630	613
	631	613
	121	117
	633	613
	122	118
	123	119
	638	618
	127	123
	639	619
	128	124
	129	125
	642	622
	643	623
	132	128
	644	624
	133	129
	134	130
	135	131
	136	148
	139	132
	140	133
	141	134
	142	135
	143	136
	145	139
	146	140
	149	143
	150	144
	151	145
	153	146
	154	148
	157	151
	158	152
	160	155
	161	156
	164	159
	165	160
	167	162
	169	164
	172	167
	173	174
	176	168
	177	169
	178	174
	181	171
	182	174
	185	177
	186	178
	189	181
	190	195
	193	182
	194	183
	195	195
	198	185
	199	186
	200	187
	201	195
	204	188
	205	189
	206	190
	207	191
	208	195
	211	198
	215	202
	219	206
	220	207
	221	208
	223	210
	224	211
	225	222
	226	223
	228	226
	229	227
	232	212
	234	213
	235	214
	236	215
	238	217
	239	218
	245	232
	249	236
	250	237
	253	240
	257	244
	259	245
	260	246
	263	249
	264	250
	267	253
	268	254
	269	255
	272	258
	273	259
	276	262
	277	263
	281	267
	282	336
	285	268
	287	321
	288	322
	290	324
	293	327
	295	313
	296	314
	298	316
	301	319
	303	270
	304	271
	307	274
	309	307
	310	308
	313	311
	315	329
	317	330
	319	332
	321	333
	324	281
	325	282
	326	283
	327	284
	328	285
	329	286
	330	287
	331	288
	332	289
	333	290
	335	293
	336	295
	337	296
	338	297
	339	298
	341	301
	344	304
	348	341
	353	346
	354	347
	356	350
	357	351
	358	352
	361	355
	364	357
	369	363
	370	364
	374	368
	375	369
	376	370
	380	374
	381	375
	382	376
	383	377
	384	378
	385	379
	389	383
	390	384
	392	386
	394	388
	398	392
	399	393
	403	397
	407	401
	408	470
	411	402
	412	403
	413	404
	416	407
	417	408
	418	409
	419	410
	420	411
	421	412
	423	413
	425	414
	426	415
	427	416
	428	417
	429	418
	432	421
	433	422
	435	423
	436	424
	437	425
	438	426
	439	427
	442	430
	443	431
	446	434
	447	435
	450	438
	451	439
	454	442
	455	443
	456	444
	457	445
	459	447
	460	448
	465	453
	466	454
	467	455
	469	457
	473	461
	474	462
	477	465
	478	466
	479	467
	481	470
	484	473
	485	474
	487	475
	488	476
	491	480
	496	484
	497	489
	499	485
	500	486
	501	487
	502	489
	505	492
	507	493
	508	494
	509	495
	511	497
com/mojang/realmsclient/dto/Backup	65	57
	65	57
	35	26
	36	27
	37	28
	38	29
	39	30
	42	33
	46	37
	48	40
	49	41
	50	42
	51	43
	52	44
	21	17
	53	45
	54	47
	55	47
	56	48
	57	49
	61	54
	62	55
	63	56
net/minecraft/client/model/monster/hoglin/BabyHoglinModel	73	67
	64	62
	65	62
	67	64
	68	65
	69	65
	70	65
	73	67
	15	13
	16	14
	20	18
	22	19
	23	20
	26	23
	27	24
	29	25
	30	27
	31	28
	32	30
	33	32
	34	34
	36	36
	37	38
	38	39
	39	41
	40	43
	42	45
	43	47
	44	47
	45	48
	47	50
	48	52
	49	52
	50	53
	52	55
	53	56
	54	56
	55	56
	57	58
	58	59
	59	59
	60	59
	62	61
	63	62
net/minecraft/client/color/item/package-info	0	0
net/minecraft/client/renderer/blockentity/BlockEntityRenderer	30	32
	16	18
	17	19
	22	24
	26	28
	30	32
net/minecraft/client/model/monster/zombie/ZombieVillagerModel	130	97
	129	96
	130	97
	22	20
	23	21
	26	24
	27	25
	29	26
	31	28
	32	28
	35	31
	36	32
	37	32
	40	34
	41	35
	42	35
	43	35
	45	37
	46	39
	47	40
	48	42
	51	46
	52	47
	53	47
	54	47
	56	49
	57	50
	58	50
	59	50
	61	52
	62	53
	63	53
	64	53
	66	55
	67	56
	68	56
	69	56
	72	58
	76	62
	77	63
	78	64
	83	69
	84	70
	88	74
	89	75
	91	76
	92	76
	93	76
	96	77
	97	77
	98	77
	101	78
	102	79
	103	79
	104	79
	106	81
	107	83
	108	83
	109	84
	113	86
	114	86
	117	87
	122	91
	124	92
	125	93
com/mojang/realmsclient/util/task/OpenServerTask	74	74
	64	63
	66	66
	67	67
	70	70
	74	74
	15	15
	17	16
	25	23
	26	24
	27	25
	28	26
	29	27
	33	31
	34	33
	35	34
	36	35
	40	39
	41	40
	42	41
	43	42
	44	43
	47	46
	49	47
	50	48
	52	50
	54	52
	57	55
	58	56
	59	57
	61	60
	62	61
	63	62
net/minecraft/client/renderer/block/dispatch/package-info	0	0
net/minecraft/realms/RealmsConnect	125	128
	26	25
	33	31
	34	32
	37	35
	38	36
	39	37
	41	38
	42	39
	43	40
	46	43
	48	46
	50	47
	51	48
	54	51
	56	54
	57	55
	60	59
	61	69
	62	70
	65	73
	66	74
	69	77
	71	78
	72	79
	75	82
	76	83
	77	84
	78	85
	79	86
	80	87
	82	88
	83	89
	86	92
	87	93
	89	94
	90	95
	91	96
	94	100
	96	101
	97	102
	100	105
	102	107
	103	109
	104	110
	107	113
	109	114
	110	114
	111	115
	112	116
	115	118
	118	121
	119	122
	120	123
	122	125
	125	128
net/minecraft/client/renderer/block/BlockModelLighter	469	717
	20	20
	30	26
	34	29
	35	30
	38	33
	42	39
	44	40
	45	41
	46	42
	48	43
	50	44
	51	45
	52	46
	53	47
	55	48
	56	49
	57	50
	58	51
	60	52
	61	53
	62	54
	63	55
	65	56
	66	57
	67	58
	68	59
	70	60
	71	61
	72	62
	73	63
	74	64
	75	65
	76	66
	77	67
	88	70
	89	74
	90	75
	91	76
	92	77
	94	71
	95	72
	97	82
	98	86
	99	87
	100	88
	101	89
	103	83
	104	84
	106	94
	107	98
	108	99
	109	100
	110	101
	112	95
	113	96
	115	106
	116	110
	117	111
	118	112
	119	113
	121	107
	122	108
	125	116
	126	117
	127	118
	128	119
	129	120
	132	123
	133	124
	134	125
	136	126
	138	127
	139	181
	140	182
	141	183
	142	184
	144	185
	145	186
	146	187
	147	188
	149	189
	150	190
	151	191
	152	192
	154	128
	155	129
	156	130
	157	131
	159	132
	160	133
	161	134
	162	135
	164	136
	165	137
	166	138
	167	139
	169	140
	170	141
	171	142
	172	143
	174	144
	175	145
	176	146
	177	147
	179	148
	180	152
	181	156
	182	160
	184	164
	185	165
	186	166
	187	167
	189	168
	190	171
	191	174
	192	177
	195	195
	196	196
	197	197
	200	202
	201	203
	203	204
	204	205
	206	207
	209	210
	210	211
	211	212
	212	213
	215	216
	216	217
	217	218
	218	219
	219	220
	220	221
	221	223
	222	224
	223	225
	224	226
	225	227
	226	228
	227	229
	228	230
	229	231
	230	232
	231	233
	234	236
	235	237
	236	238
	237	239
	238	240
	239	241
	240	242
	241	243
	242	244
	243	245
	244	246
	245	247
	246	248
	249	251
	250	252
	251	254
	252	255
	253	256
	254	257
	257	261
	258	262
	259	263
	260	264
	261	265
	262	266
	263	267
	265	270
	268	273
	269	274
	272	277
	273	278
	278	628
	279	629
	282	632
	284	634
	285	635
	288	637
	289	638
	292	641
	294	643
	295	644
	299	647
	300	648
	301	649
	302	650
	305	653
	307	654
	308	655
	310	658
	311	659
	315	663
	316	664
	319	667
	320	668
	321	669
	322	670
	325	673
	329	677
	330	678
	331	679
	332	680
	333	681
	337	685
	338	686
	339	687
	340	688
	342	691
	344	694
	349	592
	350	593
	351	594
	352	595
	353	596
	354	597
	361	604
	362	605
	363	606
	364	607
	365	608
	366	609
	367	610
	368	611
	371	615
	372	616
	373	617
	374	618
	375	619
	378	622
	383	699
	384	700
	385	701
	386	702
	387	703
	388	704
	389	705
	390	706
	391	707
	392	708
	393	709
	394	710
	396	712
	401	716
	402	717
	406	282
	412	327
	418	372
	424	455
	430	462
	436	507
	450	559
	451	560
	452	561
	453	562
	454	563
	455	564
	456	565
	457	566
	460	578
	461	579
	462	580
	463	581
	464	582
	465	583
	466	584
	469	587
net/minecraft/client/gui/screens/inventory/TestBlockEditScreen	105	99
	67	62
	69	63
	70	64
	71	65
	74	68
	75	69
	79	73
	84	78
	21	19
	22	20
	23	21
	88	82
	89	83
	90	84
	91	85
	31	28
	95	89
	32	29
	96	90
	33	30
	34	31
	35	32
	99	93
	100	94
	39	36
	103	97
	40	37
	104	98
	41	38
	105	99
	42	39
	44	40
	46	41
	47	43
	48	44
	49	45
	52	47
	53	48
	54	49
	58	53
	59	54
	61	56
	63	58
net/minecraft/client/DebugQueryHandler	46	43
	34	31
	35	32
	39	36
	40	37
	41	38
	44	41
	45	42
	46	43
	20	17
	21	18
	24	21
	25	22
	26	23
	27	24
	30	26
net/minecraft/client/renderer/entity/layers/RenderLayer	32	62
	32	62
	18	18
	19	19
	22	31
	23	32
	25	34
	28	46
	29	59
net/minecraft/client/multiplayer/chat/GuiMessageSource	0	0
net/minecraft/client/renderer/state/MapRenderState	0	0
net/minecraft/client/model/animal/axolotl/package-info	0	0
net/minecraft/client/color/item/Potion	37	31
	32	26
	17	15
	18	16
	19	16
	37	31
	22	20
	23	21
	27	25
	28	26
	29	26
net/minecraft/client/renderer/blockentity/VaultRenderer	60	61
	36	41
	37	42
	38	43
	39	51
	41	44
	42	45
	43	46
	44	47
	45	48
	46	49
	47	51
	51	54
	52	61
	55	55
	56	56
	57	57
	26	27
	58	58
	27	28
	59	59
	60	61
	31	31
net/minecraft/client/gui/screens/inventory/tooltip/ClientTextTooltip	28	27
	17	16
	22	21
	27	26
	12	11
	28	27
	13	12
net/minecraft/client/renderer/item/package-info	0	0
net/minecraft/client/renderer/block/dispatch/VariantMutator	26	24
	26	16
	15	24
net/minecraft/client/gui/screens/inventory/CreativeInventoryListener	22	20
	17	16
	18	17
	22	20
	12	12
	13	13
net/minecraft/client/model/monster/piglin/package-info	0	0
net/minecraft/client/renderer/chunk/VisGraph	162	157
	128	122
	130	125
	133	127
	134	128
	136	131
	139	133
	140	134
	142	137
	145	139
	146	140
	148	143
	21	20
	22	21
	23	22
	151	145
	152	146
	25	24
	154	149
	27	25
	29	26
	157	151
	30	27
	158	152
	31	28
	160	155
	33	29
	34	31
	162	157
	35	32
	36	33
	37	34
	38	35
	43	40
	45	41
	48	44
	49	45
	50	46
	53	49
	57	53
	61	57
	63	58
	64	59
	65	60
	66	61
	68	63
	69	64
	70	65
	75	70
	79	74
	81	75
	82	76
	83	77
	85	79
	86	80
	87	81
	89	83
	90	84
	91	85
	92	86
	93	87
	97	92
	101	96
	102	97
	103	98
	104	99
	105	100
	108	103
	109	104
	110	105
	111	106
	112	107
	115	110
	116	111
	117	112
	118	113
	119	114
	121	116
	124	119
	127	121
net/minecraft/client/gui/components/Renderable	0	0
net/minecraft/client/renderer/entity/HappyGhastRenderer	59	54
	35	36
	36	36
	38	36
	43	40
	16	16
	48	44
	17	17
	49	45
	18	18
	50	46
	21	21
	23	22
	55	50
	56	51
	25	27
	57	52
	26	28
	58	53
	27	29
	59	54
	30	32
	31	33
net/minecraft/client/resources/sounds/EntityBoundSoundInstance	37	35
	34	31
	35	32
	36	33
	37	35
	12	12
	13	13
	14	14
	15	15
	17	16
	18	17
	19	18
	20	19
	24	23
	29	28
	30	29
	31	35
com/mojang/blaze3d/platform/cursor/CursorType	37	27
	16	14
	32	27
	34	27
	19	17
	20	18
	37	27
	8	7
	24	22
	14	12
	15	13
	31	26
net/minecraft/client/renderer/block/ModelBlockRenderer	238	247
	27	24
	53	40
	54	41
	55	42
	56	43
	57	44
	60	47
	64	61
	65	62
	66	63
	67	76
	70	65
	72	66
	73	67
	75	69
	78	72
	79	73
	80	76
	85	79
	86	80
	87	81
	89	82
	90	84
	91	85
	94	88
	97	91
	98	92
	99	93
	100	94
	101	95
	103	97
	106	109
	107	110
	109	112
	110	113
	111	114
	112	115
	113	116
	115	117
	120	118
	121	119
	125	120
	126	121
	127	122
	128	123
	129	124
	133	128
	134	129
	135	130
	136	131
	141	138
	142	138
	143	139
	144	140
	147	143
	150	155
	151	156
	153	158
	154	159
	155	160
	156	161
	157	162
	159	163
	164	164
	165	165
	169	166
	170	167
	171	168
	172	169
	173	170
	174	171
	178	175
	179	176
	180	178
	181	179
	182	180
	187	187
	188	187
	189	188
	190	189
	193	192
	196	195
	197	196
	199	199
	200	200
	204	213
	205	214
	206	215
	208	218
	209	219
	212	222
	213	223
	215	226
	216	227
	217	228
	218	229
	222	233
	223	234
	224	235
	227	238
	228	239
	232	241
	233	242
	234	243
	235	244
	236	245
	238	247
net/minecraft/client/renderer/entity/state/PolarBearRenderState	0	0
com/mojang/realmsclient/gui/screens/RealmsUploadScreen	283	282
	256	255
	258	256
	260	257
	261	258
	263	261
	264	262
	266	265
	267	266
	269	268
	272	271
	273	272
	277	276
	282	281
	283	282
	45	42
	46	43
	75	71
	76	72
	77	73
	78	74
	79	75
	80	76
	81	77
	82	78
	83	79
	87	83
	88	84
	89	85
	91	86
	92	87
	93	88
	94	89
	96	91
	97	92
	98	93
	100	96
	101	97
	102	98
	103	99
	104	100
	105	101
	106	102
	108	104
	109	105
	113	109
	114	110
	115	111
	119	115
	120	116
	123	119
	124	120
	127	123
	128	124
	129	125
	130	126
	132	128
	134	130
	138	134
	139	135
	140	136
	142	138
	144	141
	146	143
	151	149
	153	150
	154	151
	155	152
	158	155
	160	156
	161	157
	164	160
	165	161
	166	162
	169	165
	170	166
	171	167
	172	168
	175	171
	178	174
	179	175
	181	176
	182	177
	183	178
	184	179
	185	180
	186	181
	189	184
	190	185
	193	188
	194	189
	195	190
	196	191
	197	192
	199	194
	203	198
	205	199
	207	200
	209	201
	210	202
	211	203
	213	205
	216	208
	217	209
	218	210
	219	211
	221	214
	222	215
	223	216
	225	219
	229	223
	230	225
	231	227
	232	228
	234	229
	235	230
	237	233
	238	234
	239	235
	240	236
	242	239
	243	240
	244	241
	246	244
	248	246
	251	249
	252	250
	253	251
net/minecraft/client/main/SilentInitException	12	10
	7	5
	8	6
	11	9
	12	10
net/minecraft/client/ClientBrandRetriever	9	7
	9	7
net/minecraft/client/model/monster/guardian/GuardianModel	164	151
	129	114
	130	115
	131	116
	132	119
	133	120
	135	123
	137	124
	138	125
	139	126
	140	127
	141	128
	144	131
	17	16
	145	132
	146	133
	19	17
	147	134
	20	18
	21	19
	149	136
	22	20
	23	21
	24	22
	152	139
	156	143
	160	147
	164	151
	37	33
	40	34
	42	36
	43	37
	46	40
	47	41
	48	42
	49	43
	50	44
	51	45
	54	48
	58	52
	59	53
	61	54
	62	56
	63	57
	64	59
	65	61
	66	63
	67	65
	71	69
	72	69
	73	71
	74	72
	75	73
	76	74
	77	75
	78	76
	79	77
	80	78
	83	81
	84	81
	85	81
	86	81
	88	82
	89	83
	90	83
	92	85
	93	86
	94	86
	95	86
	97	88
	98	90
	99	90
	100	90
	101	91
	104	93
	108	97
	113	101
	115	102
	116	103
	118	104
	119	105
	121	106
	122	107
	123	108
	124	109
	126	111
net/minecraft/client/animation/definitions/FoxBabyAnimation	77	137
	10	9
	11	11
	12	14
	14	17
	15	20
	17	23
	18	26
	20	29
	21	32
	23	35
	24	39
	25	40
	26	41
	28	44
	29	48
	30	49
	31	50
	33	53
	34	56
	36	59
	37	63
	38	64
	39	65
	41	68
	42	72
	43	73
	44	74
	46	77
	47	80
	49	83
	50	87
	51	88
	52	89
	54	92
	55	95
	57	98
	58	101
	60	104
	61	108
	62	109
	63	110
	65	113
	66	116
	68	119
	69	122
	71	125
	72	128
	74	131
	75	134
	77	137
net/minecraft/client/resources/sounds/AmbientSoundHandler	0	0
com/mojang/blaze3d/vertex/UberGpuBuffer	322	328
	256	143
	257	156
	259	160
	260	162
	261	163
	262	164
	263	165
	264	166
	267	167
	268	168
	272	172
	276	176
	280	180
	281	181
	282	182
	285	185
	286	186
	287	187
	288	188
	289	189
	290	190
	294	194
	297	197
	43	248
	44	249
	46	250
	303	202
	304	203
	305	204
	306	205
	308	207
	313	211
	314	212
	315	213
	316	214
	318	216
	319	217
	64	265
	321	220
	65	266
	322	221
	69	270
	74	275
	75	276
	79	280
	80	281
	84	285
	85	286
	86	287
	96	297
	97	298
	98	299
	99	300
	100	301
	101	302
	102	303
	106	307
	111	312
	112	313
	116	317
	117	318
	118	319
	119	320
	120	321
	121	322
	125	326
	126	327
	127	328
	137	229
	138	230
	139	231
	140	232
	161	239
	162	240
	163	241
	168	44
	169	45
	171	48
	172	49
	173	50
	174	51
	175	52
	177	53
	178	54
	179	55
	180	56
	181	57
	187	60
	188	61
	189	62
	190	63
	192	66
	193	67
	195	70
	196	71
	198	72
	199	73
	200	74
	207	78
	208	79
	211	82
	212	144
	213	86
	214	87
	215	88
	219	89
	220	91
	221	92
	222	93
	226	98
	227	111
	228	102
	229	103
	230	104
	231	105
	232	106
	233	107
	234	108
	235	109
	236	110
	237	123
	240	128
	244	129
	245	130
	246	131
	247	132
	248	133
	249	134
	253	140
	254	141
	255	142
com/mojang/blaze3d/font/SpaceProvider	50	50
	49	49
	34	33
	50	50
	38	37
	23	22
	39	38
	24	23
	40	39
	25	24
	44	44
	29	28
net/minecraft/client/data/models/blockstates/PropertyDispatch	272	297
	256	269
	257	270
	261	274
	262	277
	263	280
	264	283
	265	286
	266	289
	272	297
	21	20
	22	21
	23	22
	25	24
	28	27
	29	28
	33	32
	34	33
	35	35
	36	36
	38	39
	39	40
	40	41
	42	43
	47	48
	51	54
	55	60
	59	66
	63	72
	67	76
	71	82
	75	88
	79	94
	83	100
	90	107
	91	108
	95	112
	99	116
	100	116
	102	117
	103	118
	107	122
	108	122
	110	123
	119	132
	120	133
	121	134
	125	138
	129	142
	130	142
	131	142
	133	143
	134	144
	138	148
	139	150
	140	150
	143	151
	153	161
	154	162
	155	163
	156	164
	160	168
	164	172
	165	172
	166	172
	167	172
	169	173
	170	174
	174	178
	175	181
	176	184
	177	186
	181	189
	192	201
	193	202
	194	203
	195	204
	196	205
	200	209
	204	213
	205	214
	206	214
	207	214
	208	214
	210	216
	211	217
	215	221
	216	224
	217	227
	218	230
	219	232
	224	236
	236	251
	237	252
	238	253
	239	254
	240	255
	241	256
	245	260
	249	266
	250	267
	251	267
	252	267
	253	267
	254	267
net/minecraft/client/InactivityFpsLimit	28	25
	18	16
	19	17
	20	18
	23	21
	8	8
	9	9
	12	11
	28	25
net/minecraft/client/model/animal/fish/TropicalFishLargeModel	68	51
	65	48
	66	49
	67	50
	68	51
	19	18
	20	19
	21	20
	24	23
	25	24
	27	25
	29	26
	30	26
	31	26
	32	26
	34	27
	35	27
	36	27
	37	27
	39	28
	40	30
	41	30
	42	31
	44	33
	45	35
	46	35
	47	36
	49	38
	50	39
	51	39
	52	39
	54	41
	55	42
	56	42
	57	42
	60	44
net/minecraft/client/renderer/blockentity/state/CampfireRenderState	11	10
	10	9
	11	10
net/minecraft/client/gui/components/debug/DebugEntryChunkRenderStats	19	24
	19	24
	11	16
	12	17
	13	18
	15	20
net/minecraft/client/resources/model/UnbakedModel	57	57
	34	33
	38	37
	39	38
	44	43
	45	44
	14	13
	48	47
	49	48
	18	17
	50	49
	53	53
	22	21
	57	57
	26	25
	30	29
net/minecraft/client/renderer/item/properties/conditional/HasComponent	27	32
	16	17
	17	18
	18	20
	22	27
	27	32
	15	15
com/mojang/blaze3d/resource/CrossFrameResourcePool	88	85
	65	62
	66	63
	70	67
	80	77
	81	78
	82	79
	19	14
	83	80
	20	15
	23	18
	87	84
	24	20
	88	85
	25	21
	26	22
	27	23
	28	24
	31	27
	35	31
	36	32
	37	33
	42	37
	43	39
	44	40
	45	41
	46	42
	47	43
	50	47
	55	52
	56	53
	59	56
	60	57
	61	58
net/minecraft/client/model/animal/camel/AdultCamelModel	76	63
	64	54
	65	55
	66	55
	68	57
	69	58
	70	58
	72	60
	73	61
	74	61
	76	63
	15	14
	24	22
	27	25
	31	29
	32	30
	34	31
	35	32
	36	32
	38	34
	39	34
	40	34
	42	35
	43	35
	44	35
	46	36
	47	39
	48	41
	49	43
	50	45
	52	47
	53	47
	54	47
	56	48
	57	49
	58	49
	60	51
	61	52
	62	52
net/minecraft/client/particle/SpriteSet	0	0
net/minecraft/client/renderer/entity/WitherBossRenderer	63	51
	32	27
	33	28
	34	28
	36	28
	41	32
	46	36
	16	14
	48	37
	17	15
	49	38
	20	18
	52	41
	53	42
	22	19
	23	20
	57	45
	58	46
	27	23
	59	47
	60	48
	61	49
	62	50
	63	51
net/minecraft/client/model/monster/zombie/ZombieModel	9	9
	8	8
	9	9
net/minecraft/client/tutorial/FindTreeTutorialStepInstance	99	92
	65	57
	66	58
	67	59
	69	61
	73	65
	74	66
	75	67
	76	68
	79	71
	83	75
	84	76
	86	78
	24	23
	25	24
	89	81
	93	85
	94	86
	95	87
	32	30
	96	88
	33	31
	99	92
	37	35
	39	36
	40	37
	41	53
	44	39
	45	40
	46	41
	47	42
	48	42
	49	43
	50	44
	55	48
	56	48
	57	49
	58	50
	61	53
net/minecraft/client/model/monster/blaze/package-info	0	0
net/minecraft/client/model/monster/wither/WitherBossModel	100	81
	64	57
	67	59
	68	59
	69	59
	72	60
	73	60
	74	61
	75	62
	77	63
	82	67
	84	68
	85	69
	87	70
	88	71
	90	72
	91	73
	93	74
	94	75
	95	76
	32	28
	33	29
	34	30
	98	79
	99	80
	36	31
	100	81
	37	32
	38	33
	39	34
	42	37
	43	38
	45	39
	46	39
	47	39
	51	40
	53	41
	54	43
	55	44
	56	46
	57	48
	58	50
	59	52
	61	54
	62	56
	63	56
net/minecraft/client/renderer/state/level/package-info	0	0
net/minecraft/client/renderer/entity/state/StriderRenderState	6	6
	6	6
net/minecraft/client/gui/screens/Screen	613	668
	512	565
	514	567
	517	570
	518	571
	519	572
	520	573
	522	575
	525	578
	529	582
	530	583
	531	584
	534	587
	535	589
	536	590
	537	591
	538	592
	540	593
	541	594
	543	595
	544	596
	546	599
	547	600
	548	601
	549	602
	552	606
	553	607
	554	608
	556	610
	559	613
	563	619
	564	620
	53	58
	565	623
	54	59
	566	624
	567	625
	56	60
	568	626
	57	61
	569	627
	58	62
	570	631
	59	63
	60	64
	572	628
	61	65
	574	632
	575	633
	579	637
	583	641
	584	642
	587	645
	76	76
	588	646
	77	77
	590	648
	593	651
	597	655
	601	659
	91	89
	92	90
	95	93
	96	94
	97	95
	609	664
	99	96
	100	97
	101	98
	613	668
	103	100
	104	101
	107	104
	111	108
	115	112
	116	113
	117	114
	119	115
	120	116
	121	117
	125	121
	126	122
	128	124
	132	128
	133	129
	134	130
	136	133
	137	134
	139	137
	140	141
	141	140
	142	143
	143	142
	144	138
	145	139
	146	137
	147	145
	148	146
	150	147
	151	148
	152	149
	154	152
	155	153
	158	157
	162	161
	166	165
	170	169
	171	170
	172	171
	173	172
	174	173
	177	176
	180	179
	181	180
	182	181
	184	183
	187	186
	188	187
	189	188
	191	190
	195	194
	196	195
	197	196
	200	199
	204	203
	205	204
	208	207
	209	208
	213	212
	214	213
	218	217
	219	218
	220	219
	224	223
	225	224
	227	227
	228	228
	230	231
	231	232
	233	235
	234	236
	237	239
	238	240
	239	241
	240	242
	243	245
	247	251
	252	254
	254	255
	255	256
	256	269
	257	261
	258	273
	259	274
	260	275
	263	279
	265	281
	268	284
	269	285
	270	296
	272	297
	274	299
	275	300
	276	301
	278	303
	279	314
	280	315
	282	318
	284	290
	285	331
	286	332
	289	335
	291	336
	293	284
	294	339
	295	340
	297	342
	300	345
	301	346
	303	349
	304	350
	305	351
	306	352
	308	355
	309	356
	311	358
	313	361
	317	365
	318	366
	321	369
	322	370
	323	371
	324	372
	325	373
	327	375
	329	378
	330	379
	332	380
	333	381
	335	383
	337	385
	340	388
	341	389
	342	390
	343	391
	344	392
	347	395
	348	396
	349	397
	352	400
	356	404
	360	408
	363	411
	366	414
	369	417
	372	420
	373	421
	375	423
	376	424
	378	427
	379	428
	382	431
	383	432
	386	435
	387	436
	388	437
	390	439
	393	442
	394	443
	397	446
	398	447
	401	450
	402	451
	405	463
	406	464
	407	465
	410	468
	411	469
	414	472
	418	476
	422	480
	426	484
	431	488
	432	489
	436	492
	437	493
	438	494
	439	495
	442	498
	443	499
	444	500
	447	503
	448	504
	450	505
	451	506
	454	508
	455	509
	458	510
	463	516
	467	520
	470	523
	471	524
	472	525
	474	527
	477	530
	478	531
	481	534
	482	535
	485	538
	486	539
	489	542
	490	543
	493	546
	494	547
	497	550
	501	554
	502	555
	503	556
	504	557
	505	558
	508	561
	511	564
net/minecraft/client/gui/screens/inventory/HangingSignEditScreen	37	35
	32	30
	33	31
	18	18
	20	19
	37	35
	24	23
	12	12
	29	28
	30	29
net/minecraft/client/gui/components/debug/package-info	0	0
net/minecraft/client/renderer/entity/WanderingTraderRenderer	37	33
	16	16
	18	17
	34	30
	19	18
	35	31
	20	19
	36	32
	37	33
	24	22
	13	13
	29	26
net/minecraft/client/resources/GrassColorReloadListener	26	23
	17	15
	18	16
	19	17
	25	22
	26	23
	12	11
net/minecraft/client/renderer/block/BlockStateModelSet	27	27
	16	16
	19	19
	23	23
	27	27
	14	14
	15	15
net/minecraft/client/renderer/block/dispatch/Variant	97	91
	70	62
	71	64
	72	65
	73	66
	74	67
	75	69
	77	71
	15	13
	16	14
	80	74
	17	14
	81	75
	18	15
	20	17
	85	79
	23	20
	24	21
	89	83
	27	24
	93	87
	31	28
	97	91
	35	32
	39	36
	43	40
	47	44
	51	48
	56	53
	61	58
	62	59
com/mojang/realmsclient/dto/PingResult	0	0
net/minecraft/client/model/animal/cow/package-info	0	0
net/minecraft/client/gui/screens/recipebook/RecipeBookTabButton	118	108
	16	16
	17	16
	18	16
	31	26
	32	27
	33	28
	36	31
	37	33
	38	33
	39	34
	40	35
	41	36
	43	37
	47	41
	51	45
	52	46
	53	47
	54	48
	55	49
	56	50
	59	53
	61	54
	62	55
	63	56
	66	59
	68	60
	70	61
	71	62
	72	63
	74	65
	78	69
	79	70
	81	72
	84	75
	86	76
	87	77
	88	78
	90	80
	92	82
	95	85
	99	89
	100	90
	102	92
	103	93
	104	94
	105	95
	109	99
	113	103
	114	104
	117	107
	118	108
net/minecraft/client/gui/layouts/LinearLayout	108	110
	64	62
	69	67
	70	68
	74	72
	75	73
	14	12
	15	13
	79	77
	18	16
	19	17
	20	18
	84	82
	23	21
	24	22
	88	86
	28	26
	92	90
	32	30
	99	98
	36	34
	100	100
	101	103
	103	105
	40	38
	106	108
	107	109
	44	42
	108	110
	49	47
	50	48
	54	52
	55	53
	59	57
net/minecraft/client/model/player/PlayerModel	170	135
	128	95
	129	96
	130	97
	131	98
	132	99
	133	100
	134	101
	140	106
	141	107
	142	108
	143	109
	144	110
	145	111
	146	112
	147	113
	148	114
	149	115
	150	116
	151	117
	152	118
	153	119
	157	122
	158	123
	159	124
	160	125
	161	126
	162	127
	163	128
	37	33
	165	130
	38	34
	167	132
	40	35
	41	36
	42	37
	170	135
	43	38
	44	39
	46	40
	47	41
	50	44
	51	45
	53	46
	54	47
	55	48
	56	49
	57	49
	58	49
	60	51
	61	52
	62	52
	63	52
	65	54
	66	55
	67	55
	70	57
	71	58
	72	58
	76	61
	77	62
	78	62
	79	62
	82	64
	83	65
	84	66
	85	66
	88	68
	89	69
	90	69
	95	73
	96	74
	97	74
	98	74
	100	76
	101	77
	102	78
	103	78
	106	80
	107	81
	108	81
	111	83
	112	84
	113	84
	114	84
	118	85
	122	89
	123	90
	124	91
	125	92
	126	93
	127	94
net/minecraft/client/renderer/entity/state/IllagerRenderState	10	10
	9	9
	10	10
net/minecraft/client/renderer/entity/AgeableMobRenderer	26	25
	17	16
	18	17
	19	18
	20	19
	24	23
	25	24
	26	25
com/mojang/blaze3d/textures/GpuTexture	85	67
	64	46
	68	50
	72	54
	76	58
	81	63
	50	32
	51	33
	52	34
	53	35
	85	67
	54	36
	55	37
	56	38
	57	39
	60	42
net/minecraft/client/gui/components/debug/DebugScreenEntries	102	114
	12	13
	13	14
	14	15
	15	16
	16	17
	17	18
	18	19
	19	20
	20	21
	21	22
	22	23
	23	24
	24	25
	25	26
	26	27
	27	28
	28	29
	29	30
	30	31
	31	32
	32	33
	33	34
	34	35
	35	36
	36	37
	37	38
	38	39
	39	40
	40	41
	41	42
	42	43
	43	44
	44	45
	45	46
	46	47
	47	48
	48	49
	49	50
	50	51
	51	52
	52	53
	53	54
	54	55
	55	56
	56	57
	62	82
	74	102
	82	113
	86	114
	89	61
	93	68
	94	69
	98	73
	102	77
net/minecraft/client/renderer/item/properties/numeric/Damage	30	26
	19	19
	20	20
	22	21
	23	21
	25	21
	13	13
	14	14
	30	26
	15	14
net/minecraft/client/renderer/entity/state/SheepRenderState	18	14
	18	14
	10	10
	14	14
	15	14
com/mojang/realmsclient/client/worldupload/RealmsWorldUpload	120	138
	25	24
	40	38
	41	39
	42	40
	43	41
	44	42
	45	43
	48	46
	49	48
	51	51
	52	52
	54	53
	55	56
	56	65
	57	66
	58	67
	59	85
	60	105
	64	70
	65	71
	66	72
	68	75
	69	76
	70	77
	72	80
	73	81
	75	87
	76	88
	77	89
	78	90
	79	91
	80	92
	81	93
	82	94
	83	95
	85	98
	87	100
	88	101
	89	102
	92	82
	96	111
	97	112
	98	113
	99	114
	101	116
	104	119
	106	121
	107	122
	108	123
	110	126
	111	127
	112	128
	114	131
	116	133
	117	134
	120	138
net/minecraft/client/renderer/blockentity/state/ShelfRenderState	10	10
	8	8
	10	10
net/minecraft/client/renderer/item/properties/numeric/Cooldown	20	20
	20	20
	11	11
	15	15
net/minecraft/client/model/monster/piglin/BabyZombifiedPiglinModel	17	17
	17	17
	8	8
	9	9
	12	12
net/minecraft/client/model/monster/spider/SpiderModel	121	95
	33	31
	34	32
	35	33
	36	34
	37	35
	38	36
	39	37
	40	38
	41	39
	42	40
	43	41
	46	44
	47	45
	49	46
	50	47
	51	47
	52	47
	53	47
	55	48
	56	48
	57	48
	58	48
	60	49
	61	49
	62	49
	63	49
	65	50
	66	50
	67	51
	68	51
	70	52
	71	53
	73	54
	74	55
	75	56
	76	57
	77	58
	78	59
	79	60
	80	61
	82	62
	87	66
	89	67
	90	68
	92	69
	93	70
	94	71
	95	72
	96	73
	97	74
	99	75
	100	76
	101	77
	102	78
	104	79
	105	80
	106	81
	107	82
	108	83
	109	84
	110	85
	111	86
	113	87
	114	88
	115	89
	116	90
	117	91
	118	92
	119	93
	120	94
	121	95
net/minecraft/client/gui/font/providers/package-info	0	0
net/minecraft/client/gui/screens/GenericWaitingScreen	107	113
	64	69
	66	70
	67	71
	69	73
	73	77
	74	78
	76	81
	77	82
	79	84
	83	88
	84	89
	85	90
	86	91
	87	92
	88	93
	89	94
	90	95
	92	98
	93	99
	32	28
	97	103
	36	32
	102	108
	103	109
	40	38
	107	113
	44	51
	45	52
	46	53
	47	54
	48	55
	49	56
	50	57
	51	58
	52	59
	53	60
	57	64
	59	65
	60	66
	62	67
	63	68
net/minecraft/client/model/animal/camel/CamelSaddleModel	61	73
	21	19
	23	20
	26	23
	28	24
	29	25
	30	26
	32	27
	34	28
	35	31
	36	33
	37	35
	38	37
	40	39
	41	42
	42	44
	43	46
	44	48
	46	50
	47	53
	48	55
	49	57
	50	59
	51	61
	52	64
	54	66
	59	71
	60	72
	61	73
net/minecraft/client/renderer/entity/state/ThrownTridentRenderState	0	0
net/minecraft/client/gui/font/PlainTextRenderable	69	65
	64	60
	69	65
	41	37
	45	41
	49	45
	18	13
	19	14
	20	15
	21	16
	22	17
	54	50
	25	21
	26	22
	59	55
net/minecraft/client/gui/components/BossHealthOverlay	187	191
	130	135
	131	136
	135	139
	136	140
	137	141
	138	142
	142	145
	143	146
	144	147
	145	148
	146	149
	148	152
	23	24
	151	155
	24	24
	152	156
	25	25
	26	26
	27	27
	155	159
	28	28
	156	160
	29	29
	157	161
	30	30
	158	162
	33	33
	34	33
	35	34
	163	167
	36	35
	37	36
	38	37
	39	38
	167	171
	40	39
	168	172
	169	173
	170	174
	43	42
	44	42
	45	43
	46	44
	47	45
	175	179
	50	48
	51	48
	179	183
	52	49
	180	184
	53	50
	181	185
	54	51
	182	186
	187	191
	61	57
	62	58
	65	61
	66	85
	68	62
	70	63
	71	64
	73	65
	75	66
	76	68
	77	69
	79	70
	80	71
	81	72
	82	73
	83	74
	84	75
	85	76
	86	77
	88	78
	93	83
	94	85
	97	88
	98	89
	99	90
	100	91
	102	93
	105	104
	106	105
	107	106
	109	108
	112	111
	115	123
	116	124
	120	127
	121	128
	125	131
	126	132
net/minecraft/client/animation/definitions/CamelAnimation	415	655
	12	9
	13	10
	14	11
	15	15
	16	16
	17	17
	19	20
	20	24
	21	25
	22	26
	23	27
	24	28
	26	31
	27	35
	28	36
	29	37
	31	40
	32	44
	33	45
	34	46
	35	47
	37	50
	38	54
	39	55
	40	56
	42	59
	43	63
	44	64
	45	65
	46	66
	48	69
	49	73
	50	74
	51	75
	52	76
	54	79
	55	83
	56	84
	57	85
	58	86
	59	87
	61	90
	62	94
	63	95
	64	96
	66	99
	67	103
	68	104
	69	105
	70	106
	72	109
	73	113
	74	114
	75	115
	76	116
	77	117
	79	120
	80	124
	81	125
	82	126
	83	127
	84	128
	86	131
	87	135
	88	136
	89	137
	91	140
	93	141
	94	142
	95	146
	96	147
	97	148
	98	149
	100	152
	101	156
	102	157
	103	158
	104	159
	106	162
	107	166
	108	167
	109	168
	110	169
	112	172
	113	176
	114	177
	115	178
	116	179
	117	180
	119	183
	120	187
	121	188
	122	189
	123	190
	125	193
	126	197
	127	198
	128	199
	129	200
	130	201
	132	204
	133	208
	134	209
	135	210
	136	211
	137	212
	138	213
	140	216
	141	220
	142	221
	143	222
	144	223
	145	224
	146	225
	148	228
	149	232
	150	233
	151	234
	152	235
	153	236
	154	237
	156	240
	157	244
	158	245
	159	246
	160	247
	161	248
	162	249
	164	252
	165	256
	166	257
	167	258
	168	259
	170	262
	171	266
	172	267
	173	268
	174	269
	176	272
	178	273
	179	274
	180	278
	181	279
	183	282
	184	286
	185	287
	187	290
	188	294
	189	295
	191	298
	192	302
	193	303
	195	306
	196	310
	197	311
	199	314
	200	318
	201	319
	203	322
	204	326
	205	327
	207	330
	208	334
	209	335
	211	338
	212	342
	213	343
	215	346
	216	350
	217	351
	219	354
	220	358
	221	359
	223	362
	224	366
	225	367
	227	370
	229	371
	230	372
	231	376
	232	377
	233	378
	234	379
	235	380
	237	383
	238	387
	239	388
	240	389
	241	390
	242	391
	243	392
	245	395
	246	399
	247	400
	248	401
	249	402
	250	403
	251	404
	253	407
	254	411
	255	412
	256	413
	257	414
	258	415
	259	416
	261	419
	262	423
	263	424
	264	425
	265	426
	266	427
	267	428
	269	431
	270	435
	271	436
	272	437
	273	438
	274	439
	275	440
	277	443
	278	447
	279	448
	280	449
	281	450
	282	451
	283	452
	284	453
	286	456
	287	460
	288	461
	289	462
	290	463
	291	464
	292	465
	293	466
	294	467
	296	470
	297	474
	298	475
	299	476
	300	477
	301	478
	302	479
	303	480
	305	483
	306	487
	307	488
	308	489
	309	490
	310	491
	311	492
	312	493
	313	494
	315	497
	316	501
	317	502
	318	503
	319	504
	320	505
	322	508
	323	512
	324	513
	325	514
	326	515
	327	516
	329	519
	331	520
	332	521
	333	522
	334	526
	335	527
	337	530
	338	534
	339	535
	340	536
	341	537
	342	538
	344	541
	345	545
	346	546
	347	547
	348	548
	349	549
	351	552
	352	556
	353	557
	354	558
	355	559
	356	560
	358	563
	359	567
	360	568
	361	569
	362	570
	363	571
	365	574
	366	578
	367	579
	368	580
	369	581
	370	582
	372	585
	373	589
	374	590
	375	591
	376	592
	377	593
	379	596
	380	600
	381	601
	383	604
	384	608
	385	609
	387	612
	389	613
	390	614
	391	618
	392	619
	393	620
	394	621
	396	624
	397	628
	398	629
	399	630
	401	633
	402	637
	403	638
	404	639
	405	640
	406	641
	408	644
	409	648
	410	649
	411	650
	412	651
	413	652
	415	655
net/minecraft/client/animation/definitions/BreezeAnimation	234	392
	10	9
	11	11
	12	15
	13	16
	14	17
	15	18
	16	19
	17	20
	19	23
	20	27
	21	28
	22	29
	23	30
	24	31
	26	34
	27	38
	28	39
	29	40
	31	43
	32	47
	33	48
	35	51
	36	55
	37	56
	38	57
	40	60
	42	61
	43	62
	44	66
	45	67
	46	68
	47	69
	48	70
	50	73
	51	77
	52	78
	53	79
	54	80
	55	81
	57	84
	58	87
	60	90
	61	94
	62	95
	63	96
	64	97
	65	98
	67	101
	68	105
	69	106
	70	107
	71	108
	72	109
	74	112
	75	116
	76	117
	77	118
	78	119
	79	120
	81	123
	82	127
	83	128
	84	129
	85	130
	86	131
	88	134
	89	138
	90	139
	91	140
	92	141
	93	142
	95	145
	96	149
	97	150
	98	151
	99	152
	100	153
	102	156
	103	160
	104	161
	106	164
	108	165
	109	166
	110	170
	111	171
	112	172
	114	175
	115	179
	116	180
	117	181
	119	184
	120	188
	121	189
	122	190
	124	193
	125	197
	126	198
	128	201
	129	205
	130	206
	131	207
	133	210
	134	214
	135	215
	137	218
	138	222
	139	223
	140	224
	142	227
	143	231
	144	232
	146	235
	147	239
	148	240
	149	241
	151	244
	152	248
	153	249
	155	252
	157	253
	158	254
	159	258
	160	259
	161	260
	163	263
	164	267
	165	268
	166	269
	168	272
	169	276
	170	277
	171	278
	173	281
	174	285
	175	286
	177	289
	178	293
	179	294
	180	295
	182	298
	183	302
	184	303
	186	306
	187	310
	188	311
	189	312
	191	315
	192	319
	193	320
	195	323
	196	327
	197	328
	198	329
	200	332
	201	336
	202	337
	204	340
	206	341
	207	342
	208	346
	209	347
	211	350
	212	354
	213	355
	215	358
	216	362
	217	363
	219	366
	221	367
	222	368
	223	372
	224	373
	226	376
	227	380
	228	381
	230	384
	231	388
	232	389
	234	392
net/minecraft/client/resources/sounds/BeeAggressiveSoundInstance	20	20
	20	20
	9	9
	10	10
	11	11
	15	15
net/minecraft/client/renderer/entity/EntityRendererProvider	99	112
	67	80
	71	84
	75	88
	79	92
	83	96
	87	100
	91	104
	95	108
	99	112
	37	50
	38	51
	39	52
	40	53
	41	54
	42	55
	43	56
	44	57
	45	58
	46	59
	47	60
	48	61
	51	64
	55	68
	59	72
	63	76
net/minecraft/client/player/RemotePlayer	85	96
	64	67
	65	80
	66	83
	70	86
	71	87
	72	88
	79	91
	16	16
	18	17
	19	18
	83	94
	84	95
	85	96
	23	21
	24	22
	25	23
	27	26
	28	27
	33	31
	38	36
	39	37
	40	38
	44	42
	45	43
	47	46
	48	47
	49	48
	51	51
	52	52
	53	54
	54	55
	55	56
	57	59
	60	62
	61	63
	63	68
net/minecraft/client/main/Main	332	303
	258	237
	259	237
	260	237
	262	238
	263	239
	266	240
	267	241
	270	242
	271	243
	272	244
	275	245
	276	246
	277	247
	280	248
	281	249
	282	250
	285	252
	289	257
	290	257
	292	257
	296	261
	300	265
	305	270
	306	271
	307	272
	308	273
	309	274
	310	275
	55	302
	56	303
	313	279
	61	52
	62	53
	318	284
	64	54
	65	55
	66	56
	322	288
	67	57
	68	58
	69	59
	70	60
	71	61
	327	293
	72	62
	328	295
	73	63
	329	296
	74	64
	330	297
	75	65
	76	66
	332	294
	77	67
	78	68
	79	69
	80	70
	81	71
	82	72
	83	73
	84	74
	85	75
	86	76
	87	77
	88	78
	89	79
	90	80
	91	81
	92	82
	93	83
	94	84
	95	85
	96	86
	97	87
	99	88
	102	89
	103	90
	109	91
	113	96
	114	97
	116	100
	117	101
	120	104
	121	105
	122	106
	123	107
	125	108
	126	109
	127	110
	128	111
	130	112
	132	113
	133	114
	134	115
	135	116
	137	117
	139	118
	141	119
	142	120
	143	121
	147	124
	148	125
	149	126
	151	128
	152	129
	157	133
	158	134
	159	135
	160	136
	163	139
	168	144
	169	145
	170	146
	171	147
	172	148
	173	149
	174	150
	175	151
	176	152
	177	153
	178	154
	181	155
	182	156
	183	157
	184	160
	185	161
	186	162
	188	163
	189	164
	191	166
	192	169
	196	173
	199	177
	200	178
	201	179
	202	180
	203	181
	204	182
	205	183
	206	184
	207	185
	210	188
	213	191
	214	192
	215	198
	218	193
	219	194
	220	195
	222	198
	224	200
	225	201
	227	202
	230	205
	231	206
	232	207
	233	208
	234	209
	235	210
	236	211
	237	212
	238	213
	239	214
	240	215
	241	216
	242	217
	243	218
	246	221
	248	222
	251	225
	253	227
	254	229
net/minecraft/client/resources/language/FormattedBidiReorder	34	33
	16	15
	32	31
	17	16
	33	32
	18	17
	34	33
	20	18
	21	19
	22	21
	23	22
	24	23
	27	26
net/minecraft/client/renderer/entity/MagmaCubeRenderer	53	46
	32	28
	37	32
	38	33
	39	34
	40	35
	44	38
	14	13
	17	16
	49	42
	18	17
	50	43
	51	44
	52	45
	53	46
	22	20
	27	24
net/minecraft/client/model/object/boat/AbstractBoatModel	35	30
	32	27
	33	28
	35	30
	15	13
	16	14
	17	15
	18	16
	22	19
	24	20
	25	21
	26	22
	29	25
	30	26
com/mojang/blaze3d/opengl/Uniform	21	24
	16	19
	20	23
	21	24
	8	8
	15	18
com/mojang/realmsclient/client/RealmsClientConfig	18	17
	16	15
	18	17
	11	10
	15	14
com/mojang/blaze3d/textures/package-info	0	0
net/minecraft/client/renderer/entity/state/CamelRenderState	7	7
	7	7
com/mojang/blaze3d/GLFWErrorCapture	37	36
	19	17
	20	18
	37	36
	22	21
	23	22
	27	26
	31	30
net/minecraft/client/data/models/blockstates/BlockModelDefinitionGenerator	0	0
net/minecraft/client/multiplayer/PingDebugMonitor	23	23
	18	18
	19	19
	22	22
	23	23
	13	13
	14	14
	15	15
net/minecraft/client/renderer/entity/state/HorseRenderState	8	8
	7	7
	8	8
net/minecraft/client/quickplay/QuickPlay	130	134
	128	131
	129	132
	130	134
	34	33
	36	34
	37	35
	38	36
	39	37
	41	38
	42	39
	43	40
	46	43
	47	44
	48	45
	49	70
	52	47
	53	48
	54	51
	55	54
	56	55
	57	56
	58	57
	60	60
	61	61
	62	62
	63	63
	64	64
	67	70
	71	74
	72	75
	73	76
	74	77
	76	79
	77	81
	78	82
	79	83
	84	88
	85	91
	86	92
	87	94
	89	89
	90	94
	93	97
	94	98
	95	99
	96	100
	97	101
	98	102
	99	103
	102	106
	103	107
	104	108
	110	114
	111	115
	112	116
	113	117
	114	118
	115	119
	116	120
	117	121
	118	122
	119	123
	121	126
	122	127
	123	128
	124	129
	125	134
net/minecraft/client/gui/screens/inventory/FurnaceScreen	30	27
	16	15
	17	16
	19	17
	21	21
	29	26
	30	27
	15	14
com/mojang/blaze3d/audio/CallbackDeviceTracker	89	84
	64	60
	67	63
	70	64
	72	66
	76	70
	13	12
	77	71
	78	72
	79	73
	80	74
	17	14
	82	76
	86	81
	23	15
	87	83
	88	82
	89	84
	26	18
	27	19
	31	23
	36	28
	37	29
	41	32
	42	33
	43	34
	46	38
	50	42
	51	43
	52	44
	53	45
	57	49
	58	50
	59	51
	61	52
	62	54
	63	57
net/minecraft/client/gui/components/debug/DebugEntryEntityRenderStats	19	24
	19	24
	11	16
	12	17
	13	18
	15	20
net/minecraft/client/gui/screens/ConfirmScreen	102	97
	67	64
	70	67
	71	68
	72	69
	75	72
	77	73
	78	74
	79	75
	83	79
	85	80
	86	81
	87	82
	25	25
	89	84
	26	26
	29	31
	93	88
	30	32
	31	33
	32	34
	33	35
	34	36
	98	93
	99	94
	100	95
	38	40
	102	97
	43	45
	44	46
	46	47
	48	48
	50	49
	51	50
	52	51
	53	52
	55	53
	56	54
	57	55
	61	59
	62	60
	63	61
com/mojang/realmsclient/util/task/GetServerDetailsTask	159	155
	128	128
	132	129
	133	130
	134	130
	135	130
	136	131
	137	132
	138	133
	139	134
	141	136
	147	141
	148	142
	150	145
	151	146
	153	149
	154	150
	155	151
	156	152
	157	153
	158	154
	159	155
	33	32
	35	33
	37	34
	43	39
	44	40
	45	41
	51	47
	52	48
	53	49
	54	50
	55	51
	56	52
	58	54
	59	55
	61	57
	62	58
	63	60
	64	62
	65	65
	67	67
	68	68
	69	69
	71	71
	72	72
	73	73
	74	74
	75	75
	76	76
	77	77
	80	80
	81	81
	82	89
	85	83
	87	84
	88	85
	89	86
	91	87
	92	89
	95	92
	96	93
	98	94
	103	99
	107	103
	108	105
	109	106
	110	107
	114	111
	115	112
	116	113
	119	117
	123	121
	127	127
net/minecraft/client/model/animal/fish/PufferfishBigModel	103	87
	19	18
	20	19
	21	20
	22	21
	25	24
	26	25
	28	26
	29	27
	30	27
	31	27
	32	27
	34	28
	35	29
	36	29
	37	29
	39	31
	40	32
	41	32
	42	32
	44	34
	45	36
	46	36
	47	37
	49	39
	50	40
	51	40
	52	40
	54	42
	55	44
	56	44
	57	45
	59	47
	60	49
	61	49
	62	50
	64	52
	65	54
	66	54
	67	55
	69	57
	70	59
	71	59
	72	60
	74	62
	75	63
	76	63
	77	63
	79	65
	80	67
	81	67
	82	68
	84	70
	85	72
	86	72
	87	73
	89	75
	90	77
	91	77
	92	78
	95	80
	100	84
	101	85
	102	86
	103	87
net/minecraft/client/renderer/blockentity/AbstractSignRenderer	146	153
	129	135
	130	135
	133	135
	138	145
	139	146
	140	147
	141	148
	142	149
	143	150
	144	151
	145	152
	146	153
	35	32
	41	37
	42	38
	43	39
	51	46
	52	47
	55	52
	57	53
	58	54
	59	55
	60	56
	62	57
	63	58
	64	59
	65	60
	66	61
	69	64
	70	65
	71	66
	72	67
	73	68
	75	70
	78	80
	79	81
	80	82
	83	85
	84	86
	85	87
	86	88
	87	89
	93	94
	94	95
	95	96
	96	97
	98	99
	99	100
	100	101
	103	104
	104	105
	105	106
	107	107
	109	120
	112	123
	113	124
	114	125
	115	126
	118	129
	119	130
	127	134
net/minecraft/client/renderer/entity/EndermanRenderer	63	57
	34	30
	35	31
	36	32
	37	33
	39	35
	44	40
	17	17
	49	44
	19	18
	54	48
	55	49
	56	50
	25	23
	57	51
	26	24
	58	52
	59	53
	28	25
	29	26
	61	55
	30	27
	63	57
net/minecraft/client/gui/components/tabs/package-info	0	0
net/minecraft/client/gui/components/PlayerTabOverlay	389	369
	43	40
	44	41
	45	42
	46	43
	47	44
	48	45
	49	46
	50	47
	51	48
	52	49
	53	50
	54	51
	55	52
	56	53
	61	54
	62	55
	63	56
	64	57
	77	67
	78	68
	79	69
	82	72
	83	73
	85	74
	90	78
	94	82
	95	83
	96	84
	97	85
	98	86
	99	87
	102	90
	105	93
	106	93
	107	93
	108	93
	114	99
	115	100
	117	101
	119	102
	120	103
	122	105
	123	106
	124	107
	126	108
	127	109
	128	110
	130	111
	131	112
	132	113
	134	114
	135	115
	138	118
	139	119
	140	120
	141	121
	142	122
	146	126
	149	129
	150	130
	151	131
	154	134
	155	135
	156	138
	157	138
	158	139
	159	138
	162	142
	165	144
	166	145
	167	146
	169	148
	172	151
	175	154
	177	155
	178	156
	180	157
	182	158
	183	159
	184	160
	185	162
	186	163
	190	167
	191	168
	192	169
	193	171
	194	172
	198	176
	199	177
	200	179
	201	180
	202	181
	203	182
	205	185
	208	188
	210	189
	211	191
	212	192
	213	193
	214	194
	215	195
	217	196
	219	197
	220	198
	221	199
	223	200
	224	201
	225	202
	226	203
	228	204
	230	205
	233	208
	235	209
	236	210
	237	211
	239	212
	240	213
	244	217
	248	221
	249	222
	250	223
	251	225
	252	226
	253	227
	254	228
	257	231
	261	235
	262	236
	263	237
	264	238
	265	239
	266	240
	267	241
	268	242
	269	243
	270	244
	272	246
	275	249
	276	250
	279	261
	280	262
	281	263
	282	264
	284	266
	287	269
	288	270
	290	271
	291	272
	292	273
	294	274
	295	322
	298	275
	299	276
	300	277
	301	278
	302	279
	303	280
	305	282
	306	283
	308	285
	311	288
	312	322
	316	290
	317	292
	318	293
	322	296
	323	297
	325	298
	326	299
	327	300
	329	303
	330	304
	334	308
	335	309
	337	314
	338	315
	341	322
	344	325
	345	326
	348	329
	349	330
	352	333
	353	334
	354	335
	367	347
	368	348
	369	349
	372	352
	373	353
	374	354
	375	355
	376	356
	379	359
	380	360
	382	362
	385	365
	389	369
net/minecraft/client/multiplayer/chat/report/SkinReport	86	78
	64	62
	65	62
	67	62
	72	68
	73	69
	74	70
	77	73
	79	74
	82	75
	83	76
	85	77
	86	78
	23	22
	24	23
	25	24
	28	27
	33	31
	34	32
	35	33
	36	34
	37	35
	42	40
	47	45
	48	46
	51	49
	52	50
	56	54
	61	59
	62	60
net/minecraft/client/renderer/debug/NeighborsUpdateRenderer	57	51
	32	31
	33	32
	34	33
	35	34
	38	37
	39	38
	40	39
	41	40
	43	42
	46	45
	50	48
	51	49
	20	21
	21	22
	54	51
	23	23
	55	51
	25	24
	57	51
	26	25
	27	26
	28	27
	29	28
	31	30
net/minecraft/client/renderer/blockentity/BrightnessCombiner	25	21
	20	17
	25	21
	12	11
	13	12
	14	12
net/minecraft/client/gui/screens/dialog/input/package-info	0	0
net/minecraft/client/renderer/LevelRenderer	1478	1500
	1024	1003
	1025	1004
	1027	1007
	1028	1008
	1029	1010
	1030	1011
	1031	1012
	1033	1015
	1034	1017
	1037	1026
	1038	1027
	1039	1028
	1043	1029
	1044	1030
	1046	1032
	1049	1035
	1051	1036
	1052	1037
	1054	1039
	1055	1040
	1058	1043
	1059	1044
	1060	1045
	1061	1046
	1063	1047
	1064	1048
	1066	1055
	1067	1054
	1068	1067
	1070	1071
	1071	1072
	1073	1073
	1074	1074
	1075	1075
	1076	1076
	1078	1078
	1079	1079
	1080	1080
	1081	1081
	1084	1082
	1087	1083
	1088	1084
	1090	1097
	1091	1098
	1092	1099
	1094	1100
	1095	1101
	1100	1104
	1101	1107
	1102	1108
	1103	1109
	1105	1112
	1106	1113
	1108	1115
	1109	1116
	1111	1117
	1112	1118
	1113	1119
	1115	1122
	1118	1125
	1119	1126
	1120	1127
	1121	1137
	1125	1144
	1129	1148
	1130	1149
	1134	1153
	1135	1154
	1138	1157
	1139	1158
	1141	1161
	1143	1163
	1144	1164
	1147	1167
	1148	1179
	1151	1168
	128	126
	1152	1170
	129	127
	1153	1171
	1155	1172
	1157	1173
	1158	1174
	1159	1175
	1162	1179
	1165	1182
	1166	1183
	1167	1184
	1168	1185
	1169	1186
	1171	1188
	1174	1191
	1175	1192
	1176	1224
	1179	1193
	1180	1194
	1181	1224
	1184	1195
	1185	1196
	1186	1224
	1189	1197
	1190	1198
	1192	1199
	1193	1201
	1195	1202
	1196	1203
	1197	1204
	1198	1205
	1199	1206
	1202	1219
	1205	1209
	1207	1210
	1208	1211
	1210	1212
	1212	1215
	1213	1216
	1215	1219
	1216	1224
	1219	1227
	1220	1228
	1222	1229
	1223	1230
	1224	1231
	1225	1232
	1226	1234
	1227	1235
	204	182
	1228	1236
	205	183
	1229	1237
	206	184
	1230	1238
	207	185
	1231	1239
	208	186
	1232	1240
	209	187
	1233	1241
	210	188
	1234	1242
	211	189
	1235	1243
	212	190
	1237	1246
	1238	1249
	1240	1247
	217	194
	218	195
	1242	1252
	1243	1253
	1244	1254
	221	198
	1245	1255
	222	199
	1246	1256
	1247	1257
	224	202
	225	203
	1249	1259
	227	206
	228	207
	1254	1264
	232	210
	1256	1266
	233	211
	1257	1267
	234	212
	1258	1268
	236	215
	237	216
	1261	1271
	1262	1272
	1263	1273
	240	219
	1264	1274
	241	220
	243	223
	1267	1286
	244	224
	1268	1287
	245	225
	1269	1289
	1270	1291
	1271	1293
	248	228
	249	229
	1273	1297
	1274	1299
	252	230
	1276	1303
	1277	1305
	1280	1309
	258	234
	1282	1311
	259	235
	261	237
	1285	1314
	1286	1315
	264	240
	1289	1318
	1290	1319
	1291	1320
	268	244
	1292	1321
	269	245
	270	246
	272	247
	1296	1325
	273	248
	274	249
	1299	1328
	276	251
	1300	1329
	277	252
	1301	1330
	278	253
	1302	1331
	279	254
	281	257
	282	258
	1306	1335
	284	261
	285	262
	1309	1338
	286	263
	1310	1339
	288	266
	1312	1341
	289	267
	1315	1344
	292	270
	1316	1345
	293	271
	294	272
	1319	1350
	1320	1351
	297	275
	1321	1352
	298	309
	1322	1353
	301	276
	1326	1357
	303	277
	304	278
	305	279
	1329	1360
	306	280
	1330	1361
	307	282
	308	289
	309	290
	1333	1364
	1334	1365
	311	292
	1337	1368
	314	295
	1338	1369
	1339	1370
	316	296
	1340	1371
	318	297
	1342	1373
	320	298
	321	299
	1345	1376
	1346	1391
	1347	1392
	324	302
	1348	1393
	326	303
	327	304
	1351	1377
	328	305
	1352	1378
	1353	1379
	330	306
	331	307
	332	309
	1356	1382
	1357	1383
	1358	1384
	335	312
	336	313
	337	314
	1361	1387
	1362	1388
	339	316
	1363	1389
	1365	1396
	342	319
	343	320
	1368	1399
	345	323
	346	324
	348	325
	1372	1403
	349	328
	1373	1404
	350	329
	351	330
	352	331
	1376	1407
	353	332
	1377	1408
	1378	1409
	1381	1412
	358	337
	362	341
	1387	1418
	366	345
	1390	1419
	1393	1422
	370	349
	371	351
	1395	1423
	372	352
	373	353
	1397	1424
	1398	1425
	1399	1425
	376	357
	1401	1425
	380	361
	381	362
	1405	1429
	1406	1430
	383	365
	1407	1432
	384	366
	1409	1431
	387	369
	388	370
	1413	1436
	390	371
	1417	1440
	394	375
	396	376
	397	377
	1421	1444
	400	380
	1425	1448
	402	381
	403	382
	404	383
	405	384
	1429	1452
	406	385
	407	386
	408	387
	409	388
	1433	1456
	411	389
	412	390
	1438	1461
	415	393
	417	394
	418	395
	419	396
	1443	1466
	421	397
	422	398
	1447	1470
	425	401
	426	402
	427	403
	429	404
	1453	1498
	430	405
	1454	1499
	431	406
	1455	1500
	432	407
	433	408
	436	411
	437	412
	1462	1474
	439	415
	441	416
	442	417
	1466	1478
	443	418
	1467	1479
	1468	1480
	445	419
	1469	1481
	446	420
	1470	1482
	447	421
	1471	1483
	448	422
	449	423
	1473	1486
	450	424
	1474	1488
	451	425
	1475	1489
	452	426
	1477	1492
	1478	1493
	455	429
	458	432
	462	436
	463	437
	465	440
	466	441
	467	442
	470	445
	471	446
	474	449
	476	450
	477	451
	479	452
	480	453
	482	454
	483	455
	486	468
	488	469
	490	470
	492	471
	494	472
	499	473
	500	474
	501	475
	503	476
	504	477
	506	478
	507	479
	508	480
	509	481
	510	482
	511	483
	512	484
	513	485
	514	486
	515	487
	517	490
	518	491
	521	494
	522	495
	523	496
	524	498
	525	499
	526	504
	528	506
	529	507
	532	510
	534	511
	536	512
	537	513
	540	516
	541	517
	542	517
	543	518
	547	530
	549	531
	550	532
	553	535
	555	536
	556	537
	559	540
	560	541
	564	545
	565	546
	567	548
	569	549
	571	550
	572	551
	573	552
	576	555
	578	556
	580	557
	581	558
	583	559
	584	560
	585	561
	587	562
	588	563
	589	564
	590	565
	592	566
	593	567
	595	568
	596	569
	598	570
	599	571
	601	572
	602	573
	604	574
	605	575
	607	576
	608	577
	610	578
	611	579
	613	587
	614	588
	616	589
	617	590
	618	591
	619	592
	622	595
	626	596
	627	597
	629	598
	630	599
	631	600
	634	613
	635	614
	636	615
	637	616
	639	619
	640	620
	642	623
	643	624
	645	627
	646	628
	648	631
	649	632
	652	635
	653	636
	654	637
	655	638
	656	639
	658	640
	659	642
	661	643
	662	644
	663	645
	664	646
	666	647
	667	648
	668	649
	669	650
	671	654
	673	655
	675	656
	676	657
	677	658
	680	661
	681	662
	682	663
	684	664
	685	665
	686	666
	687	667
	688	668
	690	669
	691	670
	692	671
	693	672
	695	673
	697	674
	698	675
	700	678
	701	679
	703	682
	704	683
	707	686
	708	687
	709	688
	710	689
	711	690
	713	691
	715	692
	716	693
	717	694
	723	697
	724	698
	725	699
	727	700
	729	701
	730	702
	732	703
	733	704
	736	707
	737	708
	739	709
	740	710
	742	711
	743	712
	744	713
	745	715
	748	727
	749	728
	750	729
	752	731
	754	734
	755	735
	758	738
	760	739
	761	740
	762	741
	764	743
	766	746
	767	748
	768	749
	769	750
	770	751
	771	753
	772	755
	775	758
	776	759
	777	760
	779	761
	781	764
	782	765
	783	766
	785	767
	786	768
	788	769
	789	770
	791	771
	792	772
	793	773
	794	774
	795	775
	798	778
	799	779
	801	780
	802	781
	803	782
	806	785
	807	786
	808	787
	809	788
	810	789
	811	790
	813	791
	815	793
	816	794
	819	795
	820	796
	823	797
	826	798
	830	799
	831	800
	832	801
	833	802
	835	805
	836	806
	837	807
	838	808
	839	809
	842	815
	843	816
	846	819
	847	820
	848	821
	849	822
	850	824
	851	825
	852	826
	854	829
	856	831
	859	834
	860	835
	861	836
	862	837
	865	838
	867	840
	868	841
	869	842
	873	843
	874	844
	875	845
	877	847
	878	853
	880	848
	881	849
	882	850
	883	851
	885	856
	886	857
	887	858
	892	864
	893	867
	894	868
	895	869
	898	871
	899	872
	900	873
	903	877
	906	880
	907	881
	908	882
	909	883
	910	885
	911	886
	912	887
	913	888
	914	889
	915	890
	917	892
	920	895
	921	896
	922	897
	923	898
	925	899
	926	901
	927	902
	928	903
	932	904
	933	905
	936	906
	937	907
	939	911
	942	914
	943	915
	944	916
	945	917
	947	919
	948	920
	951	921
	952	922
	953	923
	954	924
	955	925
	956	926
	958	929
	961	932
	962	933
	963	956
	966	934
	967	956
	969	935
	970	936
	971	937
	972	938
	973	939
	974	940
	975	941
	976	942
	977	943
	978	944
	979	945
	980	946
	981	947
	983	951
	986	956
	989	961
	990	962
	991	985
	993	963
	994	985
	996	964
	997	965
	998	966
	999	967
	1001	970
	1002	971
	1003	972
	1004	982
	1005	985
	1008	988
	1009	989
	1011	991
	1014	994
	1018	998
	1019	1017
	1021	999
	1022	1000
	1023	1001
net/minecraft/client/gui/components/WidgetTooltipHolder	66	78
	64	76
	66	78
	35	40
	36	41
	37	66
	40	43
	41	44
	42	45
	43	46
	44	47
	46	50
	49	53
	18	16
	50	54
	52	66
	23	21
	55	69
	24	22
	56	70
	58	71
	27	25
	28	26
	31	29
	63	75
net/minecraft/client/gui/components/debug/DebugEntryGpuUtilization	21	25
	16	20
	17	21
	21	25
	12	17
	14	19
net/minecraft/client/renderer/fog/environment/package-info	0	0
net/minecraft/client/gui/screens/inventory/EffectsInInventory	111	136
	24	23
	25	24
	34	33
	35	34
	36	35
	39	38
	40	39
	42	40
	46	44
	47	45
	49	46
	51	47
	52	56
	55	48
	56	49
	57	50
	58	51
	61	54
	62	56
	65	67
	66	68
	67	69
	68	71
	69	72
	70	73
	71	74
	72	75
	73	76
	74	77
	75	78
	77	80
	80	92
	81	93
	82	94
	83	95
	84	96
	88	111
	89	112
	90	113
	92	115
	93	116
	94	117
	95	118
	96	119
	97	120
	99	122
	101	125
	102	126
	104	128
	107	131
	108	132
	109	133
	111	136
net/minecraft/client/gui/components/debug/DebugEntryPosition	52	68
	33	33
	34	34
	35	35
	36	37
	37	38
	38	39
	39	40
	40	41
	41	42
	43	44
	45	47
	46	49
	47	51
	48	55
	49	63
	50	64
	52	68
	22	21
	26	30
	27	31
	29	32
	30	68
net/minecraft/client/resources/metadata/texture/TextureMetadataSection	25	21
	18	12
	19	14
	20	15
	21	16
	22	17
	23	19
	25	21
net/minecraft/client/gui/components/toasts/SystemToast	193	210
	129	205
	130	206
	133	209
	134	210
	138	113
	139	114
	142	117
	143	118
	144	119
	146	121
	19	17
	148	123
	151	126
	152	127
	153	128
	155	130
	158	134
	159	139
	34	35
	162	143
	35	35
	163	148
	36	35
	38	37
	166	151
	167	152
	41	40
	42	41
	170	156
	43	42
	171	161
	44	43
	174	165
	175	170
	48	47
	49	48
	50	49
	178	173
	51	50
	179	174
	52	51
	181	176
	182	177
	55	54
	184	179
	187	182
	60	59
	188	183
	190	185
	191	186
	65	64
	193	188
	69	68
	70	69
	74	73
	79	78
	80	79
	81	80
	83	83
	84	84
	86	85
	87	86
	91	90
	92	91
	93	92
	95	94
	96	96
	97	97
	100	100
	103	103
	104	104
	105	105
	106	106
	110	109
	121	198
	124	201
net/minecraft/client/renderer/entity/state/EquineRenderState	7	7
	6	6
	7	7
net/minecraft/client/renderer/entity/ZombifiedPiglinRenderer	40	51
	33	45
	38	49
	39	50
	40	51
	13	13
	14	14
	17	24
	19	30
	20	33
	21	34
	22	35
	24	38
	28	41
net/minecraft/client/multiplayer/chat/report/Report	101	95
	64	62
	67	65
	71	69
	72	70
	75	73
	76	74
	81	79
	82	79
	84	79
	24	22
	25	23
	26	24
	27	25
	30	28
	94	86
	95	88
	96	90
	97	91
	98	92
	101	95
	42	40
	43	41
	44	42
	47	45
	51	49
	55	53
	59	57
	63	61
net/minecraft/client/renderer/chunk/RenderRegionCache	41	40
	35	34
	39	38
	40	39
	41	40
	14	14
	15	15
	16	16
	18	17
	19	18
	20	19
	21	20
	22	21
	23	22
	25	23
	26	25
	27	26
	28	27
	29	28
	30	29
net/minecraft/client/renderer/entity/state/BreezeRenderState	0	0
com/mojang/blaze3d/textures/GpuTextureView	34	34
	18	18
	34	34
	22	22
	9	9
	10	10
	26	26
	11	11
	12	12
	30	30
net/minecraft/client/gui/screens/worldselection/SelectWorldScreen	170	179
	129	140
	133	144
	134	145
	137	148
	138	172
	140	149
	141	150
	142	151
	143	152
	144	153
	145	154
	147	156
	148	157
	149	158
	150	159
	151	160
	152	161
	153	162
	154	163
	155	164
	157	166
	30	29
	158	167
	159	168
	32	30
	162	172
	167	176
	168	177
	170	179
	49	41
	50	42
	51	43
	55	47
	56	48
	57	49
	59	50
	60	51
	61	52
	63	55
	64	56
	65	57
	66	58
	68	60
	69	61
	71	62
	72	64
	73	70
	74	72
	76	74
	78	75
	79	76
	80	77
	81	78
	84	81
	85	82
	86	83
	87	84
	88	86
	89	89
	90	94
	91	99
	92	103
	93	104
	96	107
	98	109
	99	110
	100	111
	101	112
	102	113
	106	117
	107	118
	109	119
	110	120
	111	121
	113	123
	118	128
	119	129
	121	132
	122	133
	126	137
	127	138
net/minecraft/client/model/npc/package-info	0	0
net/minecraft/client/renderer/entity/RavagerRenderer	38	33
	33	28
	34	29
	19	17
	36	31
	38	33
	24	21
	11	10
	29	25
	14	13
	30	26
	15	14
	31	27
net/minecraft/client/gui/components/MultilineTextField	422	408
	19	17
	39	33
	40	34
	41	35
	42	36
	45	39
	49	43
	50	44
	52	47
	53	48
	56	51
	57	52
	59	55
	60	56
	63	59
	67	63
	71	67
	72	68
	75	71
	76	72
	79	75
	80	76
	83	79
	84	80
	85	86
	87	81
	88	82
	89	83
	90	84
	91	86
	94	89
	98	93
	99	104
	102	94
	104	95
	105	96
	107	97
	108	104
	111	98
	112	99
	113	100
	115	101
	116	104
	119	107
	120	108
	123	111
	124	112
	127	115
	131	119
	132	120
	135	123
	139	127
	143	131
	144	132
	145	133
	146	134
	149	138
	153	142
	157	146
	158	148
	159	151
	160	154
	162	157
	163	158
	165	159
	166	160
	168	162
	171	165
	172	171
	175	166
	177	167
	178	168
	179	169
	180	171
	183	174
	184	175
	186	176
	187	177
	189	178
	190	179
	193	182
	194	183
	195	184
	196	185
	197	186
	200	189
	202	190
	203	191
	204	192
	205	193
	206	196
	207	197
	208	198
	209	201
	210	202
	211	203
	212	206
	213	207
	214	208
	215	209
	218	212
	220	245
	221	246
	222	247
	224	249
	226	252
	229	236
	230	237
	231	238
	233	240
	235	243
	238	260
	239	261
	241	264
	244	254
	245	255
	247	258
	250	266
	251	267
	254	269
	255	270
	258	272
	259	273
	261	275
	263	278
	266	280
	267	281
	269	283
	271	286
	274	218
	275	219
	276	220
	278	222
	280	225
	283	227
	284	228
	285	229
	287	231
	289	234
	292	215
	293	216
	296	288
	300	293
	304	297
	309	302
	310	303
	314	307
	318	311
	319	312
	320	313
	321	314
	324	316
	329	322
	330	323
	333	326
	336	328
	337	329
	341	332
	342	333
	345	336
	350	341
	351	342
	354	345
	357	347
	358	348
	362	351
	363	352
	366	355
	370	359
	371	361
	372	362
	375	365
	379	369
	380	370
	381	371
	382	372
	385	375
	387	376
	388	377
	389	386
	392	381
	395	382
	396	383
	398	386
	401	389
	402	389
	404	389
	408	393
	409	394
	410	395
	411	396
	414	399
	418	403
	422	408
com/mojang/blaze3d/opengl/DirectStateAccess	246	266
	20	16
	21	17
	22	18
	24	20
	57	55
	58	56
	63	61
	64	62
	68	66
	69	67
	73	71
	74	72
	78	76
	79	77
	83	81
	84	82
	88	86
	93	91
	94	92
	98	96
	103	101
	104	102
	105	103
	106	104
	108	106
	112	123
	113	124
	117	128
	118	129
	122	133
	123	134
	131	139
	132	140
	133	141
	134	142
	135	144
	136	144
	138	144
	143	150
	148	155
	149	156
	150	157
	151	158
	152	159
	156	163
	157	164
	158	165
	159	166
	160	167
	164	171
	165	172
	166	173
	167	174
	168	175
	172	179
	173	180
	174	181
	175	182
	176	183
	180	187
	181	188
	182	189
	183	190
	184	191
	188	195
	189	196
	190	197
	191	198
	192	199
	197	204
	198	205
	199	206
	200	207
	201	208
	205	212
	206	213
	207	214
	208	215
	209	216
	213	220
	214	221
	215	222
	216	223
	217	224
	218	225
	222	229
	227	234
	228	235
	229	236
	230	237
	231	238
	232	239
	233	240
	235	242
	239	259
	240	260
	241	261
	242	262
	243	263
	244	264
	245	265
	246	266
net/minecraft/client/gui/screens/debug/package-info	0	0
com/mojang/blaze3d/vertex/Tesselator	41	40
	32	31
	33	32
	36	35
	40	39
	41	40
	14	11
	15	12
	17	15
	18	16
	21	19
	22	20
	24	22
	28	27
	29	28
com/mojang/blaze3d/resource/RenderTargetDescriptor	33	28
	16	14
	33	27
	18	16
	20	18
	24	21
	25	22
	10	9
	30	26
	15	13
	31	28
net/minecraft/client/gui/screens/dialog/input/InputControlHandlers	202	183
	128	68
	133	72
	136	75
	144	97
	145	98
	146	99
	150	103
	151	104
	155	108
	158	111
	162	115
	36	35
	166	119
	41	39
	42	40
	170	123
	46	43
	174	127
	50	47
	178	131
	51	48
	179	132
	52	49
	53	53
	181	132
	183	132
	56	51
	57	53
	60	56
	61	57
	189	80
	62	58
	190	81
	63	59
	191	82
	64	60
	194	84
	69	150
	199	88
	72	153
	73	154
	202	91
	74	155
	75	156
	76	157
	78	159
	79	160
	80	161
	81	162
	82	163
	83	164
	85	166
	86	167
	87	168
	88	169
	89	170
	91	173
	92	174
	95	176
	100	180
	103	183
	109	139
	110	140
	111	141
	112	142
	114	143
	116	144
	117	145
	123	64
	124	65
	125	66
net/minecraft/client/renderer/SpriteCoordinateExpander	59	71
	32	32
	37	37
	42	42
	11	11
	12	12
	13	13
	47	47
	17	17
	52	52
	53	53
	22	22
	58	70
	27	27
	59	71
net/minecraft/client/renderer/item/ItemModelResolver	71	75
	67	74
	68	75
	69	75
	71	75
	19	19
	20	20
	23	23
	27	27
	32	31
	33	32
	37	35
	38	36
	41	46
	43	47
	44	48
	45	49
	47	51
	50	61
	51	62
	52	66
	54	63
	55	64
	56	66
	59	69
	60	70
	61	70
	63	70
net/minecraft/client/gui/screens/BanNoticeScreens	121	120
	20	19
	21	20
	23	21
	25	22
	26	24
	29	29
	33	34
	34	41
	36	36
	37	37
	39	40
	40	41
	50	45
	51	46
	53	48
	54	49
	56	52
	57	53
	59	57
	67	66
	71	70
	72	72
	73	72
	74	72
	79	77
	80	78
	81	79
	82	80
	83	81
	85	83
	86	84
	87	85
	88	86
	90	88
	92	91
	94	93
	98	98
	99	99
	100	100
	101	102
	104	105
	109	110
	110	111
	111	112
	112	113
	113	115
	114	115
	116	115
	121	120
net/minecraft/client/renderer/entity/state/FelineRenderState	0	0
net/minecraft/client/multiplayer/ClientPacketListener	2874	2756
	2048	1994
	2050	1981
	2051	1982
	2053	1984
	2054	1985
	2055	1986
	2056	1987
	2057	1988
	2060	1991
	2062	1994
	2065	1997
	2070	2001
	2071	2002
	2072	2003
	2073	2004
	2074	2005
	2075	2006
	2076	2007
	2077	2008
	2078	2009
	2082	2012
	2083	2013
	2084	2014
	2086	2016
	2090	2019
	2091	2020
	2092	2033
	2096	2036
	2097	2037
	2098	2038
	2099	2043
	2101	2039
	2102	2043
	2106	2046
	2107	2047
	2108	2048
	2112	2051
	2113	2052
	2114	2053
	2116	2055
	2118	2057
	2122	2060
	2123	2061
	2124	2062
	2125	2063
	2127	2065
	2128	2066
	2130	2068
	2132	2071
	2133	2072
	2134	2073
	2136	2076
	2138	2079
	2140	2081
	2144	2084
	2145	2085
	2146	2086
	2147	2087
	2148	2088
	2150	2090
	2157	2094
	2159	2095
	2163	2098
	2164	2099
	2168	2102
	2170	2103
	2171	2104
	2172	2105
	2174	2110
	2175	2111
	2176	2112
	2177	2113
	2178	2114
	2179	2115
	2180	2116
	2181	2117
	2185	2121
	2189	2124
	2190	2125
	2192	2126
	2193	2127
	2194	2128
	2195	2129
	2196	2130
	2197	2131
	2198	2132
	2200	2134
	2202	2136
	2206	2139
	2207	2140
	2209	2141
	2210	2142
	2211	2143
	2213	2145
	2214	2146
	2215	2147
	2217	2149
	2220	2152
	2224	2155
	2226	2156
	2227	2157
	2228	2158
	2229	2159
	2233	2162
	2236	2163
	2238	2165
	2239	2166
	2241	2168
	2242	2169
	2243	2170
	2244	2171
	2248	2175
	2250	2176
	2251	2177
	2252	2178
	2253	2179
	2254	2180
	2255	2181
	2256	2182
	2257	2183
	2258	2184
	2260	2185
	2261	2186
	2262	2187
	2263	2188
	2265	2190
	2266	2191
	2267	2192
	2271	2196
	2272	2197
	2274	2199
	2278	2202
	2279	2203
	2280	2204
	2281	2205
	2282	2206
	2284	2209
	2285	2210
	2286	2211
	2289	2214
	2290	2215
	2291	2216
	2292	2217
	2293	2218
	2294	2219
	2295	2220
	2297	2223
	2298	2235
	2299	2236
	2300	2237
	2304	2241
	2308	2244
	2309	2245
	2310	2246
	2311	2267
	2313	2247
	2314	2248
	2317	2251
	2318	2253
	2319	2254
	2321	2255
	2322	2256
	2325	2258
	2326	2259
	2328	2261
	2329	2262
	2332	2267
	2336	2270
	2338	2271
	2339	2272
	2340	2277
	2343	2273
	2344	2274
	2346	2277
	2350	2280
	2351	2281
	2352	2282
	2353	2283
	2354	2284
	2355	2285
	2358	2288
	2359	2289
	2360	2290
	2361	2291
	2363	2292
	2365	2293
	2366	2294
	2367	2295
	2368	2296
	2370	2297
	2371	2298
	2375	2301
	2376	2302
	2377	2303
	2378	2304
	2379	2305
	2380	2306
	2381	2307
	2382	2308
	2384	2310
	2388	2313
	2389	2314
	2390	2315
	2391	2316
	2392	2317
	2396	2320
	2397	2321
	350	358
	2398	2322
	2399	2323
	352	359
	353	360
	354	361
	355	362
	2403	2326
	356	363
	2404	2327
	357	364
	2405	2328
	358	365
	359	366
	2409	2331
	2410	2332
	2411	2333
	2415	2336
	368	369
	2416	2338
	2417	2339
	370	370
	2419	2341
	372	371
	2423	2344
	2424	2345
	2425	2345
	378	374
	2426	2346
	2428	2348
	383	380
	384	381
	2432	2351
	385	382
	2433	2352
	387	385
	2437	2355
	2438	2356
	2439	2357
	392	391
	393	392
	395	395
	2443	2360
	396	396
	2444	2361
	398	399
	2448	2364
	2449	2365
	2453	2368
	2454	2369
	2455	2370
	2457	2372
	2461	2375
	2462	2376
	2463	2377
	2467	2380
	2468	2381
	2469	2382
	2473	2385
	2474	2386
	2475	2387
	2479	2390
	2480	2391
	2481	2392
	2482	2393
	2484	2395
	2488	2398
	2489	2399
	2490	2400
	2494	2403
	2495	2404
	2496	2405
	2500	2408
	2501	2409
	2504	2421
	2505	2422
	2506	2423
	2507	2424
	2508	2425
	2509	2426
	2510	2427
	463	444
	2511	2428
	464	445
	465	446
	466	447
	467	449
	2515	2432
	468	451
	469	452
	2518	2435
	471	453
	472	454
	473	455
	2523	2439
	476	457
	478	458
	479	459
	2527	2443
	480	460
	481	461
	482	462
	2531	2447
	484	465
	485	466
	486	467
	487	468
	2535	2451
	488	469
	491	472
	2539	2455
	495	476
	2543	2459
	496	477
	2544	2460
	497	478
	2545	2461
	498	479
	501	482
	2549	2465
	502	483
	503	484
	504	485
	2553	2469
	507	488
	508	489
	509	490
	2557	2473
	510	491
	2558	2474
	2559	2475
	513	495
	514	496
	2563	2479
	517	499
	2567	2483
	2571	2487
	524	503
	526	504
	527	505
	2575	2491
	529	506
	530	507
	2579	2495
	532	508
	533	509
	534	510
	2583	2499
	536	511
	537	512
	539	513
	2587	2503
	540	514
	541	515
	542	516
	543	517
	2591	2507
	544	518
	545	530
	2595	2511
	548	531
	2596	2511
	549	532
	2597	2512
	550	533
	551	534
	552	535
	2600	2514
	2603	2517
	556	539
	2604	2518
	557	540
	2605	2519
	558	541
	2607	2521
	560	542
	561	543
	562	544
	2610	2524
	563	545
	2611	2525
	564	546
	2612	2526
	565	547
	2613	2527
	566	548
	2614	2528
	567	549
	2615	2529
	568	550
	569	551
	570	552
	2618	2532
	571	553
	2619	2533
	572	554
	2620	2534
	573	555
	2621	2545
	2624	2536
	577	556
	2625	2537
	578	557
	2626	2538
	579	558
	2627	2539
	580	559
	2628	2540
	581	560
	2629	2541
	582	561
	583	562
	2631	2543
	2632	2545
	586	565
	587	566
	589	567
	2637	2548
	591	568
	2639	2550
	592	570
	2640	2551
	593	572
	2641	2552
	594	573
	2643	2554
	596	575
	2645	2560
	2647	2557
	600	578
	2649	2562
	602	579
	603	580
	606	583
	607	584
	608	585
	609	586
	611	587
	2659	2565
	2660	2566
	613	589
	2661	2567
	616	592
	2664	2570
	617	593
	2665	2571
	618	594
	619	595
	620	596
	2668	2574
	2669	2575
	2670	2576
	623	599
	2673	2577
	626	602
	627	603
	628	604
	629	605
	2677	2581
	630	606
	2678	2581
	631	607
	2679	2581
	633	609
	635	612
	2683	2585
	2684	2587
	2686	2590
	639	617
	2687	2591
	640	618
	641	619
	2689	2593
	642	620
	2691	2595
	644	622
	645	623
	2693	2597
	647	625
	2695	2599
	649	628
	2697	2602
	651	630
	2700	2605
	655	633
	656	634
	657	635
	2705	2606
	658	638
	2706	2607
	2707	2608
	660	636
	661	638
	2709	2609
	2712	2612
	665	641
	2713	2613
	666	642
	2714	2614
	667	643
	668	644
	670	646
	2719	2615
	2720	2616
	2721	2617
	674	649
	675	650
	2723	2619
	676	651
	677	672
	2726	2621
	680	652
	681	653
	682	654
	2731	2622
	684	672
	2732	2623
	2733	2624
	687	655
	688	656
	2736	2626
	689	657
	690	658
	691	659
	2739	2629
	2740	2630
	693	661
	2741	2631
	2743	2633
	696	664
	697	665
	698	666
	2747	2636
	2748	2637
	701	669
	702	672
	2751	2640
	2752	2641
	2753	2642
	706	675
	707	676
	708	677
	2756	2645
	709	678
	710	679
	2758	2646
	711	680
	2759	2647
	712	681
	714	707
	2762	2650
	2763	2651
	717	695
	718	696
	2766	2654
	719	697
	720	698
	2768	2655
	2769	2656
	722	699
	2770	2657
	723	700
	2771	2658
	724	701
	2772	2659
	725	702
	726	703
	2776	2663
	729	707
	2777	2664
	2779	2666
	733	710
	734	711
	2782	2669
	735	716
	2784	2670
	737	712
	2785	2671
	738	713
	739	714
	2787	2673
	740	716
	2790	2676
	2791	2677
	744	719
	745	720
	746	724
	2795	2680
	748	721
	2796	2687
	749	722
	750	724
	2798	2681
	2799	2687
	754	727
	2802	2682
	755	728
	2803	2683
	756	729
	2804	2684
	2805	2687
	758	731
	2809	2691
	762	734
	763	735
	764	736
	2812	2694
	765	758
	2813	2695
	768	737
	769	738
	770	739
	2818	2700
	771	740
	772	758
	2822	2704
	775	742
	776	743
	777	744
	778	745
	2826	2708
	779	746
	780	747
	782	749
	2830	2712
	784	751
	785	752
	2834	2716
	787	755
	788	758
	2838	2720
	792	761
	793	762
	794	762
	2842	2724
	795	767
	2843	2725
	797	763
	798	764
	2846	2728
	800	767
	2850	2732
	2851	2733
	804	770
	805	771
	806	772
	2854	2736
	807	775
	809	773
	810	775
	2858	2740
	814	778
	2862	2744
	815	779
	816	780
	817	781
	818	790
	2866	2748
	819	782
	820	783
	821	784
	2870	2752
	823	787
	2871	2753
	825	788
	826	790
	2874	2756
	827	791
	831	794
	832	795
	833	796
	835	797
	837	800
	838	801
	840	802
	841	803
	844	808
	846	809
	848	810
	849	811
	850	812
	851	813
	852	814
	855	816
	856	817
	857	818
	858	819
	861	820
	862	821
	863	822
	864	823
	869	828
	870	829
	872	830
	873	831
	874	832
	876	833
	877	834
	878	835
	879	836
	880	837
	884	840
	886	841
	887	842
	891	845
	892	846
	893	847
	894	848
	895	849
	896	850
	897	851
	898	852
	899	853
	900	854
	901	855
	903	857
	904	858
	908	861
	910	863
	911	864
	914	867
	915	868
	918	871
	919	872
	920	873
	921	874
	922	875
	927	880
	930	883
	931	883
	932	884
	935	887
	936	888
	937	889
	938	891
	939	892
	940	893
	941	894
	943	897
	944	898
	948	901
	949	902
	950	903
	951	904
	952	905
	955	908
	956	909
	957	910
	958	911
	959	913
	960	914
	961	915
	962	916
	964	919
	965	920
	967	922
	968	923
	972	926
	973	927
	974	928
	978	931
	982	932
	984	933
	986	934
	987	935
	989	937
	1004	954
	1009	960
	1010	961
	1011	962
	1015	965
	1016	966
	1017	967
	1018	968
	1019	969
	1021	972
	1022	973
	1023	974
	1025	986
	1028	999
	1029	1000
	1030	1001
	1032	1002
	1033	1003
	1034	1004
	1036	1007
	1037	1008
	1039	1010
	1040	1011
	1043	1014
	1047	1017
	1048	1018
	1049	1019
	1051	1021
	1053	1023
	1057	1026
	1059	1027
	1060	1028
	1061	1029
	1062	1030
	1063	1062
	1066	1032
	1067	1033
	1068	1034
	1070	1035
	1071	1062
	1074	1037
	1077	1038
	1078	1039
	1079	1040
	1080	1041
	1081	1042
	1082	1062
	1085	1044
	1087	1046
	1088	1047
	1090	1049
	1093	1052
	1094	1053
	1095	1054
	1096	1055
	1098	1057
	1100	1062
	1104	1065
	1105	1066
	1106	1067
	1110	1070
	1112	1071
	1113	1072
	1114	1073
	1115	1080
	1118	1075
	1120	1076
	1121	1077
	1123	1080
	1127	1083
	1128	1084
	1129	1085
	1130	1101
	1132	1086
	1133	1087
	1134	1088
	1135	1089
	1136	1090
	1137	1091
	1138	1092
	1139	1093
	1140	1094
	1141	1095
	1142	1096
	1143	1097
	1144	1098
	1146	1101
	1150	1104
	1151	1105
	1152	1106
	1153	1109
	1155	1107
	1156	1109
	1160	1112
	1161	1113
	1162	1114
	1163	1115
	1164	1116
	1165	1117
	1166	1118
	1170	1121
	1171	1122
	1172	1123
	1176	1126
	1177	1127
	1178	1128
	1179	1129
	1180	1155
	1183	1131
	1184	1132
	1186	1134
	1187	1135
	1188	1136
	1189	1137
	1190	1138
	1191	1139
	1192	1140
	1193	1141
	1194	1142
	1195	1143
	1196	1144
	1198	1147
	1199	1148
	1200	1149
	1205	1155
	1209	1158
	1210	1159
	1211	1159
	1212	1160
	1214	1162
	1217	1165
	1218	1166
	1219	1167
	1220	1168
	1223	1172
	1228	1176
	1229	1177
	1230	1178
	1232	1179
	1234	1192
	1236	1181
	1238	1184
	1239	1185
	1240	1186
	1241	1187
	1242	1188
	1245	1195
	1248	1198
	1252	1201
	1253	1202
	1254	1203
	1255	1206
	1258	1204
	1259	1206
	1263	1209
	1264	1210
	1265	1211
	1266	1212
	1267	1213
	1271	1216
	1272	1217
	1273	1218
	1277	1221
	1278	1222
	1279	1223
	1280	1224
	1281	1225
	1282	1226
	1283	1227
	1284	1228
	1285	1229
	1286	1230
	1287	1231
	1288	1232
	1289	1233
	1290	1234
	1291	1235
	1292	1236
	1293	1248
	1294	1249
	1295	1250
	1298	1253
	1299	1254
	1300	1255
	1304	1259
	1305	1260
	1307	1264
	1310	1267
	1311	1268
	1313	1269
	1314	1270
	1315	1271
	1316	1272
	1318	1275
	1320	1276
	1321	1277
	1322	1278
	1323	1279
	1325	1282
	1326	1283
	1327	1284
	1329	1286
	1330	1287
	1333	1290
	1334	1291
	1336	1293
	1339	1296
	1340	1297
	1341	1298
	1342	1299
	1343	1300
	1344	1301
	1345	1302
	1346	1303
	1347	1304
	1348	1305
	1349	1306
	1351	1309
	1352	1310
	1355	1315
	1356	1316
	1357	1317
	1358	1318
	1359	1319
	1360	1320
	1363	1324
	1368	1328
	1369	1329
	1370	1330
	1371	1342
	1372	1343
	1373	1344
	1374	1345
	1378	1348
	1379	1349
	1380	1350
	1381	1351
	1382	1352
	1383	1353
	1384	1354
	1385	1355
	1386	1356
	1387	1357
	1388	1358
	1389	1359
	1390	1360
	1392	1362
	1396	1365
	1397	1366
	1398	1367
	1402	1370
	1403	1371
	1404	1372
	1405	1373
	1407	1374
	1411	1376
	1412	1377
	1414	1379
	1417	1382
	1418	1383
	1419	1383
	1420	1384
	1421	1385
	1422	1386
	1426	1390
	1427	1391
	1428	1392
	1431	1395
	1435	1396
	1436	1397
	1438	1399
	1442	1402
	1444	1403
	1447	1404
	1448	1405
	1450	1407
	1454	1410
	1456	1411
	1458	1412
	1459	1413
	1463	1416
	1464	1417
	1465	1418
	1466	1419
	1467	1420
	1468	1421
	1470	1423
	1474	1426
	1475	1427
	1477	1428
	1478	1429
	1480	1431
	1482	1433
	1486	1436
	1487	1437
	1488	1438
	1489	1439
	1490	1442
	1491	1453
	1493	1454
	1494	1455
	1496	1457
	1497	1458
	1501	1461
	1502	1462
	1503	1463
	1504	1464
	1506	1466
	1510	1469
	1511	1470
	1512	1470
	1513	1471
	1515	1473
	1519	1476
	1520	1477
	1521	1478
	1525	1481
	1526	1482
	1527	1483
	1531	1486
	1532	1487
	1533	1488
	1537	1491
	1538	1492
	1539	1493
	1540	1494
	1541	1495
	1542	1496
	1544	1497
	1545	1498
	1546	1499
	1547	1500
	1548	1501
	1549	1502
	1550	1503
	1551	1504
	1552	1505
	1553	1506
	1554	1507
	1555	1508
	1556	1509
	1557	1510
	1558	1511
	1559	1512
	1560	1513
	1561	1514
	1562	1516
	1563	1524
	1564	1525
	1565	1526
	1566	1527
	1567	1528
	1568	1529
	1571	1532
	1572	1533
	1573	1534
	1575	1536
	1576	1537
	1577	1538
	1578	1539
	1579	1540
	1580	1541
	1581	1542
	1582	1543
	1583	1544
	1584	1545
	1586	1546
	1587	1547
	1589	1549
	1590	1550
	1591	1551
	1592	1552
	1593	1553
	1594	1553
	1595	1554
	1598	1556
	1601	1560
	1602	1563
	1603	1568
	1604	1574
	1605	1575
	1606	1576
	1608	1580
	1609	1581
	1610	1582
	1611	1582
	1612	1583
	1613	1584
	1614	1585
	1615	1586
	1617	1588
	1620	1591
	1622	1592
	1624	1595
	1625	1596
	1626	1597
	1628	1599
	1629	1600
	1631	1602
	1635	1605
	1636	1606
	1637	1607
	1639	1608
	1640	1609
	1641	1610
	1644	1613
	1645	1614
	1646	1615
	1650	1618
	1651	1619
	1652	1620
	1654	1622
	1656	1624
	1660	1627
	1661	1628
	1662	1629
	1666	1632
	1667	1633
	1668	1634
	1669	1635
	1671	1637
	1672	1638
	1674	1640
	1678	1643
	1679	1644
	1680	1645
	1684	1648
	1685	1649
	1686	1650
	1690	1653
	1691	1654
	1692	1655
	1696	1658
	1697	1659
	1698	1660
	1702	1663
	1703	1664
	1704	1665
	1705	1666
	1707	1668
	1711	1671
	1713	1672
	1714	1673
	1716	1675
	1720	1678
	1722	1680
	1723	1681
	1724	1682
	1726	1683
	1729	1686
	1730	1687
	1732	1689
	1736	1692
	1738	1693
	1740	1694
	1741	1695
	1744	1698
	1745	1699
	1746	1700
	1747	1701
	1750	1704
	1751	1705
	1754	1709
	1755	1710
	1759	1713
	1760	1714
	1761	1716
	1762	1717
	1765	1720
	1766	1721
	1770	1724
	1771	1725
	1772	1726
	1773	1727
	1774	1728
	1777	1731
	1778	1732
	1780	1733
	1781	1734
	1783	1736
	1787	1739
	1788	1740
	1789	1741
	1790	1752
	1793	1742
	1794	1744
	1795	1746
	1796	1747
	1798	1750
	1799	1752
	1802	1755
	1803	1756
	1808	1760
	1809	1761
	1811	1762
	1814	1763
	1815	1764
	1818	1767
	1819	1768
	1820	1769
	1821	1770
	1825	1773
	1829	1776
	1833	1779
	1835	1780
	1836	1781
	1837	1782
	1838	1783
	1840	1785
	1843	1788
	1847	1791
	1848	1792
	1849	1793
	1850	1794
	1851	1795
	1853	1797
	1857	1800
	1858	1801
	1859	1802
	1860	1803
	1862	1805
	1866	1808
	1867	1809
	1869	1810
	1871	1811
	1872	1812
	1873	1813
	1875	1815
	1878	1818
	1879	1819
	1880	1820
	1881	1821
	1885	1824
	1886	1825
	1887	1826
	1891	1829
	1892	1830
	1893	1831
	1897	1834
	1898	1835
	1899	1836
	1903	1839
	1904	1840
	1905	1841
	1909	1844
	1910	1845
	1911	1846
	1915	1849
	1916	1850
	1917	1851
	1918	1852
	1920	1854
	1924	1857
	1925	1858
	1926	1863
	1929	1859
	1930	1860
	1932	1861
	1933	1863
	1937	1866
	1938	1867
	1939	1868
	1943	1871
	1944	1872
	1945	1873
	1949	1876
	1950	1877
	1951	1878
	1955	1881
	1956	1882
	1957	1883
	1961	1886
	1962	1887
	1963	1888
	1967	1891
	1968	1892
	1969	1893
	1970	1894
	1974	1897
	1975	1898
	1976	1899
	1978	1901
	1982	1904
	1983	1906
	1984	1907
	1985	1908
	1986	1909
	1987	1910
	1990	1913
	1994	1916
	1996	1918
	1997	1919
	1998	1920
	1999	1921
	2003	1925
	2004	1926
	2005	1927
	2006	1928
	2010	1930
	2011	1931
	2014	1935
	2017	1942
	2018	1944
	2020	1947
	2022	1947
	2024	1948
	2026	1951
	2027	1952
	2029	1954
	2030	1955
	2032	1957
	2035	1961
	2036	1964
	2037	1967
	2038	1970
	2040	1972
	2043	1975
	2044	1976
	2045	1977
	2046	1978
	2047	1979
net/minecraft/client/gui/screens/worldselection/PresetEditor	65	63
	32	29
	64	62
	33	31
	65	63
	34	32
	35	33
	36	34
	37	35
	38	36
	40	38
	41	39
	44	45
	47	45
	52	51
	53	52
	54	53
	59	58
	60	59
	62	60
	31	28
	63	61
com/mojang/realmsclient/client/Ping	73	75
	64	63
	65	64
	66	65
	67	66
	68	67
	71	73
	72	74
	73	75
	17	15
	18	16
	22	19
	23	21
	24	22
	28	25
	29	26
	33	30
	34	31
	35	32
	36	34
	38	36
	39	37
	40	38
	41	39
	42	40
	43	41
	44	42
	46	44
	49	48
	53	52
	57	56
	61	60
	62	61
	63	62
net/minecraft/client/gui/screens/inventory/CommandBlockEditScreen	100	109
	64	64
	67	67
	68	68
	69	69
	70	70
	71	71
	72	72
	75	75
	76	76
	77	77
	78	78
	79	79
	80	80
	82	81
	19	20
	83	82
	20	21
	84	83
	85	84
	87	85
	24	25
	88	86
	89	87
	29	30
	93	91
	94	92
	95	93
	34	35
	35	36
	99	97
	36	37
	100	109
	40	41
	41	43
	42	44
	43	45
	44	46
	48	50
	49	51
	50	52
	53	54
	54	55
	55	56
	56	57
	59	59
	60	60
	61	61
	62	62
net/minecraft/client/animation/definitions/SnifferAnimation	762	1146
	11	9
	12	10
	13	13
	15	16
	16	19
	18	22
	20	23
	21	24
	22	25
	23	29
	24	30
	25	31
	26	32
	27	33
	28	34
	29	35
	30	36
	31	37
	33	40
	35	41
	36	42
	37	46
	38	47
	39	48
	40	49
	41	50
	42	51
	43	52
	45	55
	46	59
	47	60
	48	61
	49	62
	51	65
	53	66
	54	67
	55	68
	56	72
	57	73
	58	74
	59	75
	60	76
	62	79
	63	83
	64	84
	65	85
	66	86
	67	87
	69	90
	70	94
	71	95
	72	96
	73	97
	74	98
	75	99
	76	100
	78	103
	79	107
	80	108
	81	109
	82	110
	83	111
	84	112
	85	113
	87	116
	88	120
	89	121
	90	122
	91	123
	92	124
	93	125
	94	126
	96	129
	97	133
	98	134
	99	135
	100	136
	101	137
	102	138
	103	139
	105	142
	106	146
	107	147
	108	148
	109	149
	110	150
	112	153
	113	157
	114	158
	115	159
	116	160
	117	161
	119	164
	120	168
	121	169
	122	170
	123	171
	124	172
	125	173
	127	176
	128	180
	129	181
	130	182
	131	183
	132	184
	133	185
	135	188
	136	192
	137	193
	138	194
	139	195
	140	196
	141	197
	142	198
	144	201
	145	205
	146	206
	147	207
	148	208
	149	209
	150	210
	151	211
	153	214
	154	218
	155	219
	156	220
	157	221
	158	222
	160	225
	161	229
	162	230
	163	231
	164	232
	165	233
	166	234
	167	235
	169	238
	170	242
	171	243
	172	244
	173	245
	174	246
	175	247
	177	250
	178	254
	179	255
	180	256
	181	257
	182	258
	184	261
	185	265
	186	266
	187	267
	188	268
	189	269
	191	272
	193	273
	194	274
	195	275
	196	279
	197	280
	198	281
	199	282
	200	283
	202	286
	203	290
	204	291
	205	292
	206	293
	207	294
	209	297
	210	301
	211	302
	212	303
	213	304
	214	305
	215	306
	216	307
	218	310
	219	314
	220	315
	221	316
	222	317
	223	318
	224	319
	225	320
	227	323
	228	327
	229	328
	230	329
	231	330
	232	331
	233	332
	234	333
	236	336
	237	340
	238	341
	239	342
	240	343
	241	344
	242	345
	243	346
	245	349
	246	353
	247	354
	248	355
	249	356
	250	357
	252	360
	253	364
	254	365
	255	366
	256	367
	257	368
	259	371
	260	375
	261	376
	262	377
	263	378
	264	379
	265	380
	267	383
	268	387
	269	388
	270	389
	271	390
	272	391
	273	392
	275	395
	276	399
	277	400
	278	401
	279	402
	280	403
	281	404
	282	405
	284	408
	285	412
	286	413
	287	414
	288	415
	289	416
	290	417
	291	418
	293	421
	294	425
	295	426
	296	427
	297	428
	299	431
	300	435
	301	436
	302	437
	303	438
	304	439
	305	440
	307	443
	308	447
	309	448
	311	451
	312	455
	313	456
	314	457
	315	458
	316	459
	317	460
	318	461
	319	462
	320	463
	322	466
	323	470
	324	471
	325	472
	326	473
	327	474
	328	475
	329	476
	330	477
	331	478
	333	481
	334	485
	335	486
	336	487
	337	488
	338	489
	339	490
	340	491
	341	492
	342	493
	343	494
	344	495
	345	496
	346	497
	347	498
	348	499
	349	500
	351	503
	353	504
	354	505
	355	509
	356	510
	357	511
	358	512
	359	513
	360	514
	361	515
	362	516
	363	517
	364	518
	365	519
	366	520
	367	521
	369	524
	370	528
	371	529
	372	530
	374	533
	375	537
	376	538
	377	539
	378	540
	380	543
	381	547
	382	548
	383	549
	384	550
	385	551
	386	552
	387	553
	388	554
	389	555
	390	556
	391	557
	392	558
	393	559
	394	560
	395	561
	396	562
	397	563
	398	564
	399	565
	400	566
	401	567
	402	568
	403	569
	404	570
	406	573
	407	577
	408	578
	409	579
	410	580
	411	581
	412	582
	413	583
	414	584
	415	585
	416	586
	417	587
	418	588
	419	589
	420	590
	421	591
	422	592
	424	595
	425	599
	426	600
	427	601
	428	602
	429	603
	430	604
	431	605
	433	608
	434	612
	435	613
	436	614
	437	615
	438	616
	439	617
	440	618
	442	621
	443	625
	444	626
	445	627
	447	630
	448	634
	449	635
	450	636
	451	637
	453	640
	454	644
	455	645
	456	646
	458	649
	459	653
	460	654
	461	655
	462	656
	464	659
	465	663
	466	664
	467	665
	469	668
	470	672
	471	673
	472	674
	473	675
	475	678
	476	682
	477	683
	478	684
	480	687
	481	691
	482	692
	483	693
	484	694
	486	697
	487	701
	488	702
	489	703
	491	706
	492	710
	493	711
	494	712
	495	713
	497	716
	498	720
	499	721
	500	722
	502	725
	503	729
	504	730
	505	731
	506	732
	508	735
	510	736
	511	737
	512	741
	513	742
	514	743
	515	744
	517	747
	518	751
	519	752
	520	753
	521	754
	523	757
	524	761
	525	762
	526	763
	527	764
	528	765
	530	768
	531	772
	532	773
	534	776
	535	780
	536	781
	537	782
	539	785
	540	789
	541	790
	542	791
	544	794
	545	798
	546	799
	548	802
	549	806
	550	807
	551	808
	553	811
	554	815
	555	816
	557	819
	558	823
	559	824
	560	825
	562	828
	563	832
	564	833
	566	836
	567	840
	568	841
	569	842
	571	845
	572	849
	573	850
	575	853
	576	857
	577	858
	578	859
	580	862
	581	866
	582	867
	584	870
	585	874
	586	875
	587	876
	589	879
	590	883
	591	884
	593	887
	594	891
	595	892
	596	893
	598	896
	600	897
	601	898
	602	902
	603	903
	604	904
	605	905
	606	906
	608	909
	609	913
	610	914
	611	915
	612	916
	613	917
	614	918
	616	921
	617	925
	618	926
	619	927
	620	928
	621	929
	623	932
	624	936
	625	937
	626	938
	627	939
	628	940
	629	941
	630	942
	632	945
	633	949
	634	950
	635	951
	636	952
	637	953
	639	956
	640	960
	641	961
	642	962
	643	963
	644	964
	646	967
	647	971
	648	972
	649	973
	650	974
	651	975
	653	978
	654	982
	655	983
	656	984
	657	985
	658	986
	659	987
	660	988
	661	989
	663	992
	664	996
	665	997
	667	1000
	668	1004
	669	1005
	670	1006
	671	1007
	672	1008
	673	1009
	674	1010
	675	1011
	677	1014
	678	1018
	679	1019
	681	1022
	682	1026
	683	1027
	684	1028
	685	1029
	686	1030
	687	1031
	688	1032
	689	1033
	691	1036
	692	1040
	693	1041
	695	1044
	696	1048
	697	1049
	698	1050
	699	1051
	700	1052
	701	1053
	702	1054
	703	1055
	705	1058
	706	1062
	707	1063
	709	1066
	710	1070
	711	1071
	712	1072
	713	1073
	714	1074
	715	1075
	716	1076
	717	1077
	719	1080
	720	1084
	721	1085
	723	1088
	724	1092
	725	1093
	726	1094
	727	1095
	728	1096
	729	1097
	730	1098
	731	1099
	733	1102
	734	1106
	735	1107
	737	1110
	739	1111
	740	1112
	741	1113
	742	1117
	743	1118
	744	1119
	745	1120
	746	1121
	748	1124
	749	1128
	750	1129
	751	1130
	752	1131
	753	1132
	755	1135
	756	1139
	757	1140
	758	1141
	759	1142
	760	1143
	762	1146
net/minecraft/client/model/object/projectile/ShulkerBulletModel	43	42
	35	35
	40	39
	41	40
	42	41
	43	42
	19	17
	20	18
	21	19
	24	22
	25	23
	27	24
	28	26
	29	27
	30	29
	31	31
net/minecraft/client/gui/font/providers/GlyphProviderDefinition	35	26
	32	21
	33	23
	34	24
	35	26
	15	14
net/minecraft/client/gui/screens/inventory/package-info	0	0
net/minecraft/client/gui/spectator/SpectatorMenu	184	168
	128	112
	134	118
	135	119
	139	123
	16	15
	144	128
	17	16
	145	129
	18	17
	20	19
	21	20
	149	133
	22	21
	26	23
	27	24
	28	25
	158	142
	159	143
	160	144
	33	29
	164	148
	37	33
	165	149
	169	153
	42	38
	46	42
	174	158
	175	159
	176	160
	178	162
	180	164
	56	51
	184	168
	57	52
	58	53
	61	56
	63	57
	64	58
	65	59
	66	60
	67	60
	69	60
	73	61
	74	62
	77	64
	78	64
	80	64
	84	69
	86	71
	87	72
	90	75
	94	79
	98	83
	102	87
	104	88
	105	89
	106	90
	108	92
	111	95
	114	98
	115	99
	118	102
	122	106
	123	107
	124	108
	125	109
net/minecraft/client/model/monster/enderman/EndermanModel	94	69
	17	16
	18	17
	21	20
	22	21
	23	22
	25	23
	26	24
	27	24
	28	24
	30	26
	31	27
	32	27
	35	29
	36	29
	37	29
	38	29
	40	30
	41	31
	42	31
	43	31
	45	33
	46	34
	47	34
	48	34
	50	36
	51	37
	52	37
	53	37
	55	39
	56	40
	57	40
	58	40
	61	42
	66	46
	68	47
	70	48
	71	49
	72	50
	73	51
	75	52
	76	53
	77	54
	78	55
	79	56
	82	57
	83	58
	84	59
	85	60
	86	61
	89	64
	90	65
	91	66
	92	67
	94	69
net/minecraft/client/gui/components/events/package-info	0	0
net/minecraft/client/gui/components/tabs/LoadingTab	48	44
	36	32
	41	37
	42	38
	46	42
	47	43
	48	44
	19	18
	20	19
	22	20
	23	21
	24	21
	25	21
	26	22
	27	23
	31	27
com/mojang/blaze3d/ProjectionType	25	24
	16	15
	17	16
	20	19
	7	7
	8	8
	24	23
	25	24
	15	14
net/minecraft/client/model/monster/strider/AdultStriderModel	110	98
	29	26
	36	27
	40	31
	41	32
	42	33
	43	34
	44	35
	45	36
	47	37
	49	44
	50	52
	52	54
	53	55
	55	56
	56	57
	57	58
	60	61
	61	62
	63	63
	64	63
	65	63
	66	63
	68	64
	69	64
	70	64
	71	64
	73	65
	74	66
	75	66
	76	66
	79	68
	80	70
	81	70
	82	71
	84	73
	85	75
	86	75
	87	76
	89	78
	90	80
	91	80
	92	81
	94	83
	95	85
	96	85
	97	86
	99	88
	100	90
	101	90
	102	91
	104	93
	105	95
	106	95
	107	96
	110	98
net/minecraft/client/tutorial/package-info	0	0
com/mojang/blaze3d/pipeline/RenderTarget	124	123
	16	15
	29	26
	30	27
	31	28
	34	31
	36	32
	37	33
	38	34
	41	37
	43	38
	44	39
	45	40
	47	43
	48	44
	49	45
	51	48
	52	49
	53	50
	55	53
	56	54
	57	55
	59	57
	62	60
	64	61
	65	62
	67	65
	68	66
	70	69
	71	70
	74	73
	76	74
	77	75
	78	76
	79	87
	82	77
	83	78
	85	79
	86	80
	87	81
	90	84
	91	85
	92	89
	95	92
	96	93
	98	96
	99	97
	102	100
	103	102
	104	103
	105	104
	106	105
	107	106
	109	108
	112	111
	116	115
	120	119
	124	123
net/minecraft/client/model/monster/illager/IllagerModel	217	178
	31	30
	32	31
	33	32
	34	33
	35	34
	36	35
	37	36
	38	37
	39	38
	40	39
	43	42
	44	43
	46	44
	47	45
	48	45
	49	45
	51	47
	52	48
	53	48
	57	50
	58	50
	59	50
	60	50
	62	51
	63	53
	64	54
	65	56
	66	58
	68	60
	69	62
	70	62
	71	62
	72	63
	74	65
	75	65
	76	65
	79	66
	80	67
	81	67
	82	67
	84	69
	85	70
	86	70
	87	70
	89	72
	90	73
	91	73
	92	73
	94	75
	95	76
	96	76
	97	76
	100	78
	105	82
	107	83
	108	84
	110	85
	111	86
	112	87
	113	88
	115	89
	116	90
	117	91
	119	92
	120	93
	121	94
	123	95
	124	96
	125	97
	127	99
	128	100
	129	101
	130	102
	131	103
	133	104
	134	105
	135	106
	137	107
	138	108
	139	109
	141	110
	142	111
	143	112
	146	115
	148	116
	149	117
	150	118
	152	120
	154	122
	155	123
	156	124
	157	125
	158	126
	159	127
	160	128
	161	129
	162	130
	164	131
	165	132
	166	133
	167	134
	168	135
	169	136
	170	137
	171	138
	172	139
	173	140
	174	141
	175	142
	176	143
	177	144
	178	145
	179	146
	180	147
	181	148
	183	149
	184	150
	185	151
	186	152
	187	153
	190	156
	191	157
	192	158
	193	159
	194	160
	197	163
	198	163
	200	163
	205	167
	210	172
	215	176
	216	177
	217	178
net/minecraft/client/renderer/entity/AllayRenderer	44	38
	34	29
	35	30
	36	31
	37	32
	38	33
	39	34
	40	35
	44	38
	14	13
	17	16
	19	17
	20	18
	24	21
	29	25
com/mojang/blaze3d/vertex/VertexFormat	228	212
	130	131
	131	132
	135	136
	136	137
	140	141
	145	146
	148	149
	149	150
	150	151
	151	152
	155	156
	156	157
	160	161
	161	162
	34	31
	162	163
	35	32
	163	164
	36	33
	164	165
	37	34
	165	166
	38	36
	39	37
	167	168
	40	38
	41	39
	43	41
	172	174
	173	175
	46	44
	178	180
	51	49
	179	181
	182	184
	55	53
	183	184
	185	184
	59	57
	190	189
	63	61
	191	190
	192	191
	193	192
	194	193
	67	65
	195	194
	196	195
	197	196
	71	69
	75	73
	204	203
	205	204
	206	205
	79	77
	207	206
	83	81
	211	209
	84	82
	85	83
	87	85
	218	211
	92	91
	93	92
	222	210
	95	93
	225	212
	98	96
	99	97
	228	209
	104	102
	108	106
	109	107
	110	108
	111	109
	113	112
	115	114
	116	115
	118	117
	119	118
	120	119
	121	120
	123	122
	126	126
net/minecraft/client/gui/screens/options/AccessibilityOptionsScreen	88	94
	65	72
	66	73
	67	74
	68	75
	69	76
	70	77
	74	81
	75	82
	76	83
	77	83
	79	85
	80	86
	84	90
	22	20
	88	94
	25	23
	26	24
	27	26
	28	27
	29	29
	30	31
	31	33
	32	35
	33	37
	34	39
	35	41
	36	43
	37	45
	38	47
	43	52
	44	53
	48	57
	49	58
	50	59
	51	59
	52	60
	53	61
	57	64
	58	65
	59	66
	61	68
net/minecraft/client/renderer/SectionBufferBuilderPool	58	54
	33	29
	34	30
	36	31
	37	33
	38	34
	42	38
	13	12
	46	42
	18	16
	50	46
	19	17
	51	47
	20	18
	54	50
	25	21
	26	22
	58	54
	28	23
	30	26
	31	27
net/minecraft/client/multiplayer/chat/report/ChatReportContextBuilder	105	99
	65	62
	80	72
	81	73
	82	74
	22	21
	86	77
	23	22
	87	78
	89	81
	26	25
	90	82
	91	83
	28	27
	92	84
	29	27
	93	85
	30	28
	31	29
	95	87
	32	30
	33	31
	34	32
	98	91
	35	33
	99	92
	36	34
	101	95
	39	27
	41	38
	105	99
	44	41
	45	42
	48	45
	50	46
	51	48
	52	49
	53	50
	54	51
	55	52
	56	53
	61	58
net/minecraft/client/gui/screens/worldselection/WorldCreationGameRulesScreen	27	25
	16	14
	17	15
	21	19
	22	20
	26	24
	11	9
	27	25
	12	10
net/minecraft/client/resources/SplashManager	82	64
	66	52
	68	53
	69	54
	70	55
	71	56
	72	57
	73	58
	77	59
	78	60
	79	62
	80	63
	82	64
	24	22
	26	23
	27	24
	28	25
	30	26
	31	27
	37	32
	38	33
	41	36
	46	40
	49	41
	50	41
	51	41
	52	41
	53	41
	54	41
	55	42
	56	43
	62	48
	63	49
net/minecraft/client/model/geom/builders/CubeDeformation	25	24
	17	16
	18	17
	4	4
	21	20
	25	24
	11	10
	12	11
	13	12
	14	13
net/minecraft/client/renderer/special/TridentSpecialRenderer	52	50
	16	14
	50	37
	34	46
	51	38
	52	39
	39	50
	26	18
	27	19
	45	30
	46	33
	30	42
net/minecraft/client/model/animal/axolotl/AdultAxolotlModel	264	205
	256	205
	258	194
	259	195
	260	197
	261	199
	262	200
	263	202
	264	205
	31	28
	33	29
	34	30
	35	31
	36	32
	37	33
	38	34
	39	35
	40	36
	41	37
	42	38
	43	39
	46	42
	47	43
	49	44
	50	46
	51	46
	52	46
	53	47
	56	49
	57	50
	58	51
	59	51
	60	51
	63	53
	64	53
	65	54
	66	54
	67	55
	68	55
	70	56
	71	57
	72	58
	74	59
	75	59
	76	60
	77	60
	79	61
	80	62
	81	63
	82	64
	83	65
	84	65
	85	65
	86	65
	89	66
	94	70
	96	71
	97	72
	98	73
	99	74
	100	75
	102	76
	104	77
	106	78
	107	79
	108	80
	109	81
	110	82
	112	83
	113	84
	117	87
	118	106
	121	88
	122	89
	123	90
	124	91
	125	92
	127	93
	128	94
	130	95
	132	96
	133	97
	134	98
	135	99
	137	100
	138	101
	139	102
	140	103
	141	104
	142	106
	146	109
	147	133
	150	110
	151	111
	152	112
	153	113
	155	114
	156	115
	157	116
	159	117
	160	118
	161	119
	162	120
	164	121
	165	122
	166	123
	167	124
	168	125
	169	126
	170	127
	171	128
	172	129
	173	130
	174	131
	175	133
	179	136
	180	155
	183	137
	184	138
	185	139
	187	140
	188	141
	189	142
	191	143
	193	144
	194	145
	195	146
	196	147
	198	148
	199	149
	200	150
	201	151
	202	152
	204	153
	205	155
	209	158
	210	178
	213	159
	214	160
	215	161
	216	162
	218	163
	219	164
	220	165
	222	166
	223	167
	224	168
	225	169
	227	170
	229	171
	230	172
	231	173
	232	174
	233	175
	234	176
	235	178
	239	181
	240	190
	243	182
	244	183
	245	184
	246	185
	247	186
	249	187
	250	188
	251	190
	255	193
net/minecraft/client/model/geom/builders/MaterialDefinition	11	10
	9	8
	10	9
	11	10
net/minecraft/client/gui/screens/social/SocialInteractionsPlayerList	220	221
	33	31
	34	32
	35	33
	40	37
	45	41
	49	45
	50	46
	53	49
	54	50
	55	51
	56	52
	58	55
	59	56
	60	57
	63	60
	64	62
	65	63
	66	64
	67	65
	68	66
	71	69
	74	72
	75	74
	76	75
	77	76
	78	77
	79	78
	82	81
	85	84
	89	88
	90	89
	92	92
	93	93
	94	97
	95	104
	96	105
	99	109
	100	110
	101	111
	104	115
	105	116
	106	118
	110	121
	112	123
	113	124
	114	124
	115	125
	119	129
	123	134
	124	135
	132	136
	133	137
	135	138
	136	139
	138	140
	143	141
	145	143
	146	143
	148	143
	150	146
	152	148
	153	149
	154	150
	159	154
	162	158
	164	161
	165	163
	168	166
	169	167
	170	168
	171	169
	172	170
	173	171
	174	172
	177	175
	178	176
	179	177
	181	179
	184	182
	185	183
	188	186
	192	190
	193	192
	194	193
	195	194
	196	195
	199	199
	200	200
	201	201
	202	203
	203	205
	204	206
	207	208
	210	211
	211	212
	212	213
	213	214
	216	217
	219	220
	220	221
net/minecraft/client/gui/components/AbstractSliderButton	157	156
	131	129
	132	130
	135	133
	136	134
	137	135
	138	136
	140	139
	141	140
	145	144
	146	145
	147	146
	20	20
	21	21
	22	22
	23	23
	151	150
	155	154
	156	155
	157	156
	35	33
	36	34
	37	35
	40	38
	41	38
	43	38
	48	42
	49	42
	51	42
	57	47
	62	52
	63	53
	64	54
	65	55
	66	56
	68	58
	71	61
	74	64
	78	68
	79	69
	81	78
	83	79
	84	80
	88	84
	89	85
	91	87
	95	91
	96	92
	97	93
	101	97
	102	98
	103	99
	104	106
	106	101
	107	102
	108	103
	110	106
	114	110
	115	111
	116	112
	118	115
	119	116
	120	117
	121	118
	122	119
	123	120
	124	121
	127	125
net/minecraft/client/model/animal/fish/CodModel	72	47
	68	44
	70	45
	71	46
	72	47
	18	17
	19	18
	20	19
	23	22
	24	23
	26	24
	27	25
	28	25
	29	25
	30	25
	32	26
	33	26
	34	26
	35	26
	37	27
	38	27
	39	27
	40	27
	42	28
	43	30
	44	30
	45	31
	47	33
	48	35
	49	35
	50	36
	52	38
	53	38
	54	38
	55	38
	57	39
	58	39
	59	39
	60	39
	63	40
net/minecraft/client/gui/screens/dialog/body/package-info	0	0
net/minecraft/client/renderer/blockentity/state/EnchantTableRenderState	0	0
net/minecraft/client/sounds/SoundEngine	578	531
	515	474
	516	481
	519	475
	520	476
	521	477
	524	481
	527	484
	528	485
	530	487
	533	490
	534	491
	537	494
	538	498
	541	495
	542	496
	543	498
	546	501
	547	502
	548	503
	549	504
	553	507
	554	508
	556	510
	45	45
	557	511
	46	46
	558	512
	563	516
	52	52
	566	519
	57	55
	570	523
	571	524
	574	527
	578	531
	79	70
	90	80
	91	81
	92	82
	94	83
	95	84
	98	87
	99	89
	100	90
	101	91
	102	92
	103	93
	104	94
	108	99
	109	100
	110	101
	113	104
	114	117
	118	106
	119	107
	120	108
	121	109
	122	110
	123	111
	124	112
	125	113
	126	114
	128	117
	131	120
	132	128
	135	121
	136	122
	137	123
	138	124
	140	126
	141	128
	144	131
	145	132
	146	133
	147	134
	148	135
	150	137
	153	140
	154	141
	156	143
	159	146
	160	147
	161	148
	162	149
	165	152
	168	155
	169	156
	170	157
	173	160
	174	161
	175	162
	176	163
	177	164
	178	165
	179	166
	180	167
	181	168
	182	169
	183	170
	185	172
	188	175
	189	176
	192	179
	193	180
	201	183
	202	184
	204	185
	205	186
	208	189
	210	190
	211	191
	212	192
	213	193
	216	194
	217	195
	218	196
	221	199
	222	200
	223	201
	225	202
	226	203
	227	204
	231	206
	232	207
	233	208
	236	211
	239	214
	243	218
	244	219
	246	222
	247	223
	249	225
	251	228
	252	229
	255	232
	257	233
	258	234
	261	236
	262	237
	263	238
	265	241
	267	242
	268	243
	270	245
	271	246
	272	247
	273	248
	274	249
	275	250
	276	251
	277	252
	278	253
	279	254
	285	259
	286	261
	287	262
	289	263
	290	264
	292	265
	293	266
	294	267
	295	268
	296	269
	298	272
	299	273
	300	274
	303	277
	304	278
	308	281
	309	282
	315	288
	316	290
	317	291
	319	292
	320	293
	323	294
	324	295
	327	298
	328	299
	331	302
	335	305
	336	307
	337	308
	338	309
	339	310
	340	311
	341	312
	342	313
	343	314
	344	315
	347	318
	350	321
	354	325
	358	329
	362	333
	363	334
	366	336
	367	337
	370	338
	374	343
	375	344
	378	347
	379	348
	382	351
	383	352
	384	353
	385	354
	386	355
	388	358
	389	359
	392	362
	395	365
	397	366
	398	367
	401	370
	402	371
	403	372
	405	375
	408	377
	409	378
	411	379
	412	380
	413	381
	415	382
	416	383
	418	384
	419	385
	420	387
	421	388
	425	392
	426	393
	427	394
	428	399
	430	395
	431	396
	435	402
	437	403
	438	404
	440	405
	441	407
	442	408
	443	409
	444	410
	446	413
	449	415
	451	416
	452	417
	453	418
	455	419
	456	420
	457	421
	458	422
	459	423
	461	425
	464	428
	465	429
	466	430
	467	431
	469	432
	470	433
	471	433
	472	433
	473	434
	474	435
	475	436
	477	438
	478	438
	479	438
	480	439
	481	440
	482	441
	485	444
	486	445
	488	448
	489	448
	491	448
	495	454
	496	455
	499	458
	500	459
	503	462
	507	466
	511	470
com/mojang/blaze3d/opengl/package-info	0	0
net/minecraft/client/renderer/blockentity/CopperGolemStatueBlockRenderer	74	87
	64	80
	67	83
	36	36
	37	37
	38	38
	39	39
	71	87
	40	40
	41	41
	73	87
	74	87
	45	44
	50	54
	51	55
	52	56
	53	57
	54	58
	55	61
	59	66
	60	67
	61	68
	62	69
	31	31
	63	79
net/minecraft/client/model/geom/builders/MeshTransformer	12	9
	7	5
	11	8
	12	9
net/minecraft/client/particle/ParticleResources	290	287
	256	252
	258	255
	259	256
	260	257
	261	258
	262	259
	267	264
	275	272
	280	277
	285	282
	289	286
	290	287
	42	43
	43	44
	44	45
	55	50
	56	51
	59	54
	60	55
	63	58
	64	59
	65	60
	66	61
	67	62
	68	63
	69	64
	70	65
	71	66
	72	67
	73	68
	74	69
	75	70
	76	71
	77	72
	78	73
	79	74
	80	75
	81	76
	82	77
	83	78
	84	79
	85	80
	86	81
	87	82
	88	83
	89	84
	90	85
	91	86
	92	87
	93	88
	94	89
	95	90
	96	91
	97	92
	98	93
	99	94
	100	95
	101	96
	102	97
	103	98
	104	99
	105	100
	106	101
	107	102
	108	103
	109	104
	110	105
	111	106
	112	107
	113	108
	114	109
	115	110
	116	111
	117	112
	118	113
	119	114
	120	115
	121	116
	122	117
	123	118
	124	119
	125	120
	126	121
	127	122
	128	123
	129	124
	130	125
	131	126
	132	127
	133	128
	134	129
	135	130
	136	131
	137	132
	138	133
	139	134
	140	135
	141	136
	142	137
	143	138
	144	139
	145	140
	146	141
	147	142
	148	143
	149	144
	150	145
	152	146
	153	147
	155	148
	156	149
	157	150
	159	151
	160	152
	161	153
	162	154
	163	155
	164	156
	165	157
	166	158
	167	159
	168	160
	169	161
	170	162
	171	163
	173	164
	174	165
	175	166
	176	167
	177	168
	178	169
	179	170
	180	171
	181	172
	182	173
	183	174
	184	175
	187	178
	188	179
	191	182
	192	183
	193	184
	194	185
	200	190
	201	196
	202	198
	203	199
	204	200
	205	201
	206	202
	207	203
	208	204
	211	206
	213	208
	214	208
	215	208
	216	209
	217	210
	219	213
	220	214
	222	215
	223	216
	224	217
	225	218
	226	219
	227	220
	228	221
	229	240
	231	222
	232	224
	233	225
	234	226
	235	227
	236	228
	238	230
	241	234
	242	235
	244	238
	245	240
	246	241
	247	242
	249	245
	250	246
	254	250
	255	251
net/minecraft/client/multiplayer/ClientConfigurationPacketListenerImpl	217	223
	128	139
	129	140
	132	143
	133	144
	134	145
	135	146
	137	148
	138	149
	139	150
	140	151
	141	152
	143	154
	145	156
	147	158
	152	161
	153	163
	155	165
	159	166
	160	167
	163	171
	46	47
	47	48
	178	188
	183	194
	184	195
	59	59
	60	60
	188	197
	61	61
	62	62
	63	63
	191	200
	64	64
	65	65
	194	203
	195	204
	69	68
	200	208
	201	209
	74	73
	75	74
	205	213
	79	77
	207	214
	80	78
	208	215
	84	81
	212	219
	85	82
	86	83
	215	222
	217	223
	90	86
	91	87
	92	88
	96	91
	97	92
	101	95
	102	96
	103	97
	106	100
	107	101
	108	102
	112	105
	113	106
	116	109
	117	110
	120	118
	121	134
	122	130
	127	138
net/minecraft/client/resources/metadata/animation/VillagerMetadataSection	32	28
	32	28
	18	16
	19	17
	20	18
	22	20
	11	9
	27	24
	12	10
	28	25
	13	11
	15	13
net/minecraft/client/gui/components/spectator/SpectatorGui	139	129
	129	120
	131	121
	132	122
	133	123
	134	124
	137	127
	139	129
	18	18
	19	19
	28	27
	29	28
	32	31
	34	32
	35	33
	37	35
	39	37
	42	40
	43	41
	47	45
	48	56
	51	46
	52	47
	53	48
	54	56
	57	50
	58	51
	60	52
	62	53
	63	56
	66	59
	67	60
	68	61
	69	62
	71	65
	72	66
	74	68
	77	71
	78	72
	79	73
	81	74
	82	75
	84	76
	86	77
	87	78
	88	79
	91	82
	94	85
	96	86
	97	87
	98	88
	99	89
	100	90
	101	91
	102	92
	104	94
	108	98
	109	99
	110	100
	113	103
	117	107
	118	109
	119	110
	122	113
	123	114
	124	115
	126	117
net/minecraft/client/renderer/texture/TextureContents	45	41
	19	15
	35	31
	22	18
	23	19
	39	35
	26	22
	27	23
	44	40
	45	41
	31	27
net/minecraft/client/gui/components/AbstractScrollArea	135	144
	131	140
	135	144
	15	15
	16	16
	23	24
	24	25
	25	26
	29	30
	30	31
	32	34
	33	35
	38	40
	39	41
	40	42
	41	43
	42	44
	44	46
	45	47
	46	48
	47	49
	49	52
	52	54
	57	60
	58	61
	61	64
	65	68
	66	69
	69	72
	70	73
	74	77
	78	81
	79	82
	82	85
	86	89
	90	93
	94	97
	98	101
	102	105
	106	111
	107	112
	108	113
	110	114
	111	115
	112	118
	113	121
	114	122
	118	126
	119	127
	120	130
	122	131
	123	132
	126	135
net/minecraft/client/model/animal/cow/BabyCowModel	55	46
	14	12
	15	13
	18	16
	19	17
	21	18
	22	20
	23	21
	24	23
	25	25
	26	29
	27	31
	29	33
	30	33
	31	33
	32	33
	34	34
	35	35
	36	35
	37	35
	39	37
	40	38
	41	38
	42	38
	44	40
	45	41
	46	41
	47	41
	49	43
	50	44
	51	44
	52	44
	55	46
net/minecraft/client/renderer/texture/TextureAtlas	292	290
	256	252
	258	253
	259	254
	260	255
	261	256
	262	257
	266	261
	267	263
	268	264
	270	267
	271	268
	273	271
	274	272
	275	273
	277	275
	280	278
	284	282
	288	286
	35	36
	292	290
	38	38
	41	40
	44	42
	62	57
	63	58
	64	59
	68	62
	70	63
	71	64
	72	65
	73	66
	74	67
	75	68
	76	69
	77	70
	78	71
	79	73
	80	74
	82	76
	85	79
	86	80
	88	81
	89	82
	90	83
	91	84
	92	85
	95	88
	96	89
	97	90
	98	91
	99	92
	100	93
	101	94
	103	96
	104	97
	105	98
	106	99
	110	103
	112	104
	113	106
	114	107
	116	108
	117	109
	118	110
	119	111
	120	112
	125	117
	126	118
	127	119
	129	120
	131	121
	132	122
	134	125
	135	126
	136	127
	137	128
	140	131
	143	134
	144	135
	145	136
	146	137
	149	138
	150	139
	151	140
	154	142
	155	143
	156	144
	157	146
	158	148
	159	150
	160	151
	161	152
	163	155
	167	158
	168	159
	169	162
	170	163
	172	165
	173	166
	174	167
	175	168
	182	174
	183	175
	184	176
	185	177
	188	181
	190	182
	191	183
	195	187
	196	188
	197	189
	198	190
	201	193
	202	195
	203	196
	204	197
	205	198
	207	202
	208	203
	210	205
	213	208
	214	215
	217	209
	218	210
	221	213
	222	215
	225	218
	226	219
	227	222
	228	223
	229	224
	230	225
	236	231
	240	235
	241	236
	244	239
	245	240
	246	241
	248	243
	252	248
net/minecraft/client/renderer/SubmitNodeStorage	113	174
	65	94
	66	95
	70	111
	71	113
	75	117
	76	118
	80	130
	81	131
	85	135
	86	136
	90	149
	91	150
	95	156
	96	157
	35	33
	100	161
	101	162
	40	38
	104	165
	41	39
	105	166
	108	169
	45	52
	109	170
	46	53
	110	171
	113	174
	50	68
	51	69
	55	73
	56	74
	60	78
	61	79
net/minecraft/client/color/block/package-info	0	0
net/minecraft/client/renderer/chunk/ChunkSectionLayer	56	51
	32	28
	33	30
	34	30
	36	30
	40	35
	44	39
	13	10
	14	11
	15	12
	48	43
	52	47
	24	20
	56	51
	25	21
	26	22
	27	23
	28	24
	31	27
net/minecraft/client/particle/VibrationSignalParticle	119	120
	27	32
	29	33
	31	34
	32	35
	34	36
	35	37
	36	38
	37	39
	38	40
	39	41
	40	42
	41	43
	43	45
	47	49
	48	50
	49	51
	51	52
	52	53
	53	54
	55	55
	56	56
	57	57
	61	61
	66	66
	71	71
	72	72
	73	73
	75	74
	76	75
	77	96
	80	77
	83	78
	84	79
	85	96
	88	81
	89	82
	91	83
	93	84
	94	85
	95	86
	97	87
	98	88
	99	89
	101	90
	102	91
	104	92
	105	93
	106	96
	112	102
	113	103
	117	117
	118	119
	119	120
net/minecraft/client/renderer/blockentity/CampfireRenderer	74	73
	64	63
	65	64
	66	65
	67	66
	68	67
	69	68
	71	69
	72	70
	74	73
	29	27
	30	28
	34	31
	39	41
	40	42
	42	43
	43	44
	44	46
	45	47
	46	48
	47	50
	49	52
	53	55
	55	56
	56	58
	57	59
	58	60
	61	61
	62	62
net/minecraft/client/gui/screens/ConfirmLinkScreen	124	121
	18	16
	19	16
	27	22
	28	23
	31	26
	32	27
	35	30
	36	31
	39	36
	40	37
	43	42
	44	43
	45	44
	46	45
	47	46
	48	47
	51	50
	55	54
	60	59
	61	60
	63	62
	67	66
	68	67
	69	68
	70	69
	71	70
	72	71
	73	72
	76	75
	77	76
	80	79
	81	80
	83	81
	84	82
	86	85
	87	86
	89	87
	92	90
	93	91
	95	92
	96	93
	98	96
	99	97
	101	98
	104	101
	105	102
	108	105
	109	106
	112	109
	116	113
	120	117
	124	121
net/minecraft/client/renderer/debug/RaidDebugRenderer	50	48
	32	30
	33	31
	34	32
	37	35
	38	36
	41	39
	42	40
	43	41
	46	44
	47	45
	50	48
	24	21
	25	22
	29	28
	31	29
net/minecraft/client/gui/screens/LoadingOverlay	184	200
	128	147
	129	148
	131	150
	136	154
	138	156
	139	157
	140	158
	141	159
	143	162
	144	163
	146	164
	147	165
	150	168
	153	171
	28	27
	29	28
	157	175
	30	29
	158	176
	159	177
	32	30
	162	178
	164	179
	165	180
	166	181
	167	182
	168	183
	172	187
	177	192
	178	193
	53	50
	54	51
	182	197
	55	52
	183	199
	56	53
	184	200
	57	54
	60	57
	61	58
	64	61
	69	66
	70	67
	71	68
	73	69
	74	70
	77	73
	78	74
	81	76
	82	77
	83	78
	85	80
	87	83
	88	84
	89	85
	90	86
	91	87
	92	88
	93	89
	95	91
	97	94
	98	95
	99	96
	100	97
	103	99
	104	100
	107	103
	108	104
	110	105
	111	106
	112	107
	113	108
	115	109
	116	110
	117	125
	119	140
	121	141
	122	142
	124	143
	125	144
net/minecraft/client/gui/screens/inventory/AbstractMountInventoryScreen	55	54
	32	30
	33	31
	36	34
	37	35
	39	38
	40	39
	43	42
	44	43
	47	46
	48	47
	19	19
	20	20
	52	51
	21	21
	53	52
	22	22
	54	53
	55	54
	26	26
	27	27
	28	28
	30	29
net/minecraft/client/renderer/blockentity/BlockEntityRenderDispatcher	108	112
	64	67
	67	72
	68	73
	69	74
	73	77
	74	78
	77	81
	78	82
	80	85
	81	86
	82	87
	83	88
	87	94
	88	95
	89	105
	93	97
	94	98
	95	99
	96	100
	98	101
	100	102
	102	105
	106	109
	43	48
	107	111
	44	49
	108	112
	45	50
	46	51
	47	52
	48	53
	49	54
	50	55
	54	58
	59	62
	63	66
net/minecraft/client/gui/screens/reporting/package-info	0	0
net/minecraft/client/renderer/blockentity/BlockEntityWithBoundingBoxRenderer	214	179
	30	29
	34	32
	39	42
	40	43
	41	44
	44	47
	45	48
	46	49
	47	50
	49	51
	50	52
	51	53
	52	54
	53	55
	54	56
	55	58
	56	59
	57	60
	58	61
	59	62
	60	63
	61	64
	62	65
	63	66
	64	67
	65	68
	66	69
	67	70
	73	76
	76	79
	95	82
	97	83
	101	88
	102	107
	104	89
	105	90
	106	107
	108	91
	109	92
	110	93
	112	94
	113	107
	116	95
	117	96
	119	97
	120	99
	122	103
	123	107
	126	110
	127	142
	130	111
	131	112
	133	114
	134	115
	135	116
	136	117
	137	118
	138	119
	139	120
	141	121
	142	122
	143	123
	144	124
	145	125
	146	126
	148	127
	149	128
	151	129
	153	130
	155	131
	157	132
	158	133
	159	134
	160	135
	170	142
	173	145
	174	170
	177	146
	179	148
	180	149
	181	150
	182	151
	183	152
	184	153
	194	159
	195	160
	196	161
	197	162
	198	163
	199	164
	200	165
	201	166
	203	167
	204	168
	205	170
	209	174
	214	179
net/minecraft/client/renderer/blockentity/state/BeaconRenderState	0	0
net/minecraft/client/gui/screens/ShareToLanScreen	118	112
	20	19
	21	20
	22	21
	23	22
	24	23
	25	24
	34	32
	35	33
	36	34
	40	38
	41	39
	42	40
	43	41
	44	43
	45	44
	47	47
	49	49
	50	50
	53	52
	54	53
	56	55
	59	58
	60	59
	61	60
	62	61
	64	62
	65	63
	66	64
	67	65
	68	66
	69	67
	70	68
	71	69
	73	71
	74	72
	75	73
	77	75
	78	76
	79	77
	80	78
	81	79
	82	80
	86	84
	87	85
	90	88
	91	89
	92	90
	95	94
	97	95
	98	96
	99	98
	100	98
	102	98
	104	100
	105	101
	106	102
	113	108
	115	109
	116	110
	117	111
	118	112
net/minecraft/client/gui/screens/inventory/LoomScreen	290	286
	257	254
	261	258
	262	259
	263	260
	265	262
	268	265
	269	266
	270	267
	272	268
	273	269
	275	270
	276	271
	279	274
	280	275
	283	278
	284	279
	285	280
	287	283
	288	284
	289	285
	290	286
	35	33
	36	34
	37	35
	38	36
	39	37
	40	38
	41	39
	42	40
	43	41
	44	42
	73	66
	74	67
	75	68
	76	69
	80	73
	81	74
	82	75
	83	76
	86	79
	91	84
	92	85
	93	86
	94	87
	96	88
	97	89
	98	90
	99	91
	100	92
	101	93
	103	96
	104	97
	106	100
	107	101
	110	104
	111	105
	112	106
	113	107
	114	108
	116	109
	117	110
	118	111
	120	113
	124	117
	125	118
	126	119
	127	120
	128	121
	129	122
	130	123
	132	126
	133	127
	134	128
	136	129
	138	132
	139	133
	140	134
	141	135
	142	136
	146	140
	147	141
	149	142
	150	143
	152	145
	153	146
	154	147
	155	148
	156	149
	157	150
	158	151
	160	153
	162	156
	163	157
	164	158
	168	163
	169	164
	172	167
	176	171
	177	172
	178	173
	179	174
	180	175
	181	176
	182	177
	183	178
	184	179
	185	180
	186	181
	187	182
	188	183
	192	187
	193	188
	194	189
	196	191
	197	192
	198	193
	199	194
	200	195
	201	196
	202	197
	203	198
	204	199
	205	200
	210	205
	211	206
	212	207
	213	208
	217	212
	222	217
	223	218
	224	219
	225	220
	226	221
	227	222
	228	223
	229	224
	231	226
	236	232
	237	233
	242	238
	243	239
	246	242
	247	243
	248	244
	249	245
	250	246
	252	249
net/minecraft/client/model/effects/SpinAttackEffectModel	52	51
	32	33
	33	34
	34	35
	35	36
	36	37
	37	37
	38	37
	42	41
	47	45
	48	47
	49	48
	50	49
	19	18
	20	20
	52	51
	21	21
	23	23
	26	26
	30	30
	31	31
net/minecraft/client/data/models/model/ModelTemplate	72	74
	64	65
	34	31
	66	68
	68	70
	38	35
	72	74
	42	41
	46	47
	50	51
	54	55
	55	56
	56	57
	57	58
	58	59
	59	60
	28	25
	60	61
	29	26
	61	62
	30	27
	62	63
	31	28
	63	64
net/minecraft/client/gui/screens/advancements/AdvancementWidgetType	41	40
	34	33
	38	37
	7	8
	39	38
	8	8
	40	39
	9	9
	41	40
	10	10
	11	11
	13	14
	14	14
	15	15
	16	16
	17	17
	27	26
	28	27
	29	28
	30	29
	31	30
net/minecraft/client/resources/model/EquipmentAssetManager	31	31
	16	16
	17	17
	19	18
	22	21
	23	22
	27	27
	28	28
	31	31
net/minecraft/client/model/geom/builders/PartDefinition	94	98
	64	66
	65	67
	66	68
	68	70
	71	73
	74	79
	75	80
	77	81
	78	82
	79	83
	80	84
	20	20
	84	88
	21	21
	22	22
	88	92
	25	25
	26	26
	92	96
	93	97
	30	30
	94	98
	31	31
	32	32
	34	35
	38	39
	39	40
	41	43
	45	47
	46	48
	47	49
	50	51
	54	56
	55	57
	56	58
	57	59
	60	62
	63	65
net/minecraft/client/sounds/FiniteAudioStream	0	0
net/minecraft/client/Minecraft	3088	3028
	2048	1997
	2049	1998
	2050	1999
	2052	2002
	2055	2005
	2056	2006
	2059	2009
	2060	2010
	2063	2013
	2064	2014
	2067	2017
	2068	2018
	2069	2019
	2070	2020
	2071	2021
	2072	2022
	2073	2023
	2074	2026
	2076	2024
	2081	2031
	2082	2032
	2083	2033
	2084	2034
	2086	2036
	2087	2037
	2088	2038
	2090	2041
	2094	2045
	2095	2046
	2096	2047
	2098	2049
	2099	2050
	2102	2054
	2103	2055
	2105	2058
	2106	2059
	2108	2062
	2109	2063
	2110	2064
	2113	2068
	2114	2069
	2115	2069
	2116	2070
	2121	2074
	2122	2075
	2124	2078
	2125	2079
	2128	2082
	2129	2083
	2130	2084
	2131	2085
	2134	2088
	2136	2091
	2138	2094
	2141	2097
	2142	2098
	2144	2101
	2145	2102
	2147	2105
	2148	2106
	2150	2109
	2151	2110
	2152	2111
	2157	2116
	2158	2117
	2161	2120
	2162	2121
	2165	2124
	2166	2125
	2167	2126
	2168	2127
	2170	2129
	2172	2129
	2175	2129
	2180	2135
	2184	2139
	2188	2143
	2192	2147
	2196	2157
	2198	2158
	2200	2159
	2201	2160
	2202	2161
	2204	2162
	2207	2165
	2209	2166
	2210	2168
	2211	2170
	2212	2171
	2213	2172
	2214	2173
	2215	2174
	2216	2175
	2217	2176
	2219	2177
	2220	2178
	2222	2179
	2225	2182
	2227	2183
	2229	2184
	2230	2186
	2231	2187
	2232	2188
	2233	2189
	2234	2190
	2236	2193
	2237	2194
	2238	2195
	2241	2198
	2242	2199
	2244	2200
	2245	2201
	2246	2202
	2247	2203
	2251	2207
	2252	2208
	2253	2209
	2256	2212
	2257	2213
	2258	2214
	2261	2217
	2262	2218
	2264	2219
	2266	2220
	2269	2223
	2270	2224
	2272	2226
	2275	2229
	2276	2230
	2277	2231
	2278	2232
	2279	2233
	2281	2235
	2283	2237
	2286	2240
	2287	2241
	2290	2244
	2291	2245
	2294	2248
	2295	2249
	2298	2252
	2299	2253
	2304	2256
	2305	2257
	2306	2258
	2307	2259
	2308	2260
	2309	2261
	2312	2265
	2314	2266
	2315	2267
	2318	2270
	271	280
	2319	2271
	2321	2272
	274	282
	2322	2273
	275	283
	276	284
	2324	2274
	277	285
	2325	2275
	278	286
	2327	2278
	280	287
	2328	2279
	281	288
	2331	2282
	2332	2283
	2334	2284
	2336	2285
	2337	2286
	2338	2287
	2339	2289
	2340	2290
	2342	2293
	2344	2296
	2345	2297
	2346	2298
	2347	2299
	2349	2301
	2350	2303
	2354	2306
	2356	2307
	2357	2308
	2360	2311
	2361	2312
	2362	2313
	2365	2316
	2366	2317
	2369	2320
	2370	2321
	2372	2322
	2373	2323
	2375	2326
	2379	2327
	2380	2328
	2381	2329
	2382	2330
	2384	2332
	2385	2334
	2392	2342
	2393	2340
	2394	2341
	2395	2354
	2396	2357
	2399	2360
	2400	2361
	2403	2364
	2404	2365
	2406	2368
	2407	2369
	2409	2370
	2410	2371
	2411	2372
	2412	2373
	2413	2374
	2416	2377
	2420	2381
	2424	2385
	2428	2389
	2429	2389
	2431	2389
	2435	2393
	2436	2393
	2437	2393
	2438	2393
	2442	2397
	2446	2401
	2450	2405
	2451	2406
	2456	2410
	2461	2414
	2462	2414
	2464	2414
	2469	2418
	2470	2419
	2471	2420
	2472	2421
	2473	2422
	2474	2423
	2477	2426
	430	411
	2478	2427
	431	412
	2479	2428
	433	413
	2481	2431
	2482	2432
	435	414
	436	415
	437	416
	2485	2436
	438	417
	439	418
	441	419
	2489	2440
	442	420
	444	421
	445	422
	2493	2444
	446	424
	447	426
	449	427
	2497	2448
	450	428
	451	429
	452	430
	453	433
	2501	2452
	454	434
	455	437
	456	438
	457	439
	2505	2456
	2506	2457
	459	441
	460	442
	461	443
	462	444
	2510	2461
	2511	2473
	464	446
	466	447
	2514	2462
	467	448
	2515	2463
	2516	2464
	469	449
	2517	2465
	470	450
	2518	2467
	471	451
	2519	2468
	473	452
	475	453
	2523	2473
	476	454
	477	455
	2526	2476
	479	456
	480	457
	2528	2479
	481	458
	2529	2480
	483	459
	2531	2481
	484	460
	2532	2482
	485	461
	487	462
	2535	2485
	488	463
	2536	2486
	489	464
	491	465
	2539	2489
	2540	2490
	493	466
	2541	2491
	494	467
	495	468
	2544	2494
	497	471
	498	472
	499	473
	500	474
	2548	2504
	2549	2505
	2550	2506
	503	477
	505	478
	2553	2509
	506	479
	508	480
	509	481
	510	483
	2559	2513
	512	485
	2561	2514
	514	489
	515	492
	2563	2515
	517	494
	2565	2516
	518	495
	2566	2517
	519	496
	521	497
	2569	2526
	522	498
	2570	2527
	523	499
	2571	2528
	2572	2529
	2574	2532
	2575	2533
	528	504
	2576	2534
	529	505
	2577	2535
	530	506
	531	507
	2579	2536
	2580	2537
	2581	2538
	534	510
	2582	2539
	2583	2540
	536	511
	2585	2542
	538	512
	2586	2542
	2588	2542
	543	517
	2591	2545
	544	518
	2592	2546
	545	519
	2594	2547
	547	521
	2595	2548
	2596	2549
	2597	2550
	550	523
	2598	2551
	2599	2552
	553	526
	554	527
	2602	2556
	555	528
	2603	2557
	2605	2560
	558	531
	2606	2561
	559	532
	2607	2562
	2608	2563
	561	533
	2609	2564
	562	534
	2610	2565
	566	535
	2614	2569
	2615	2570
	568	536
	2617	2573
	570	537
	2618	2574
	2619	2575
	572	538
	2620	2576
	2621	2577
	574	539
	575	540
	577	541
	2625	2581
	578	542
	579	543
	581	545
	2629	2585
	582	546
	584	547
	585	548
	2633	2589
	2634	2590
	587	549
	588	550
	2636	2592
	590	551
	591	552
	2639	2595
	593	553
	594	554
	2643	2599
	596	555
	597	556
	598	557
	2647	2603
	600	558
	601	559
	603	560
	2651	2607
	604	561
	606	562
	607	563
	2655	2611
	608	564
	2656	2612
	610	565
	611	566
	612	567
	2660	2616
	613	568
	614	569
	616	570
	2664	2620
	617	571
	618	572
	620	573
	2668	2624
	2669	2625
	622	574
	2670	2625
	624	575
	2672	2625
	626	576
	628	577
	2676	2629
	629	578
	631	579
	632	580
	2680	2633
	634	581
	635	582
	2684	2637
	637	583
	639	584
	2688	2641
	642	587
	643	588
	644	589
	2692	2645
	645	590
	646	593
	647	595
	2696	2649
	650	598
	652	599
	2700	2653
	653	612
	655	613
	656	622
	2704	2657
	658	623
	659	624
	660	625
	2708	2661
	661	626
	663	627
	664	628
	2712	2665
	666	629
	2716	2669
	669	630
	670	631
	671	632
	2720	2673
	673	633
	674	641
	675	642
	2724	2677
	677	643
	2725	2678
	678	644
	2726	2679
	680	645
	2728	2682
	2729	2683
	682	646
	2730	2684
	2731	2685
	684	647
	2732	2686
	686	648
	2735	2689
	688	649
	2736	2690
	2737	2691
	690	650
	2738	2692
	692	653
	2741	2694
	695	660
	696	661
	697	662
	2745	2699
	2746	2700
	699	664
	2748	2703
	2749	2704
	702	667
	2750	2704
	703	668
	704	669
	2752	2704
	705	670
	706	671
	707	672
	2756	2708
	710	674
	2760	2712
	714	678
	715	679
	716	680
	2764	2716
	717	681
	719	682
	2768	2720
	721	683
	2769	2721
	2770	2722
	723	684
	724	685
	2773	2725
	726	688
	727	689
	729	690
	730	691
	2778	2730
	732	692
	734	693
	735	694
	2783	2734
	736	695
	740	696
	2788	2738
	742	697
	743	698
	744	699
	2792	2742
	745	701
	747	702
	748	703
	2796	2746
	749	703
	750	704
	751	705
	2800	2750
	753	708
	754	709
	755	710
	2804	2754
	758	711
	759	712
	2808	2758
	761	713
	763	714
	764	715
	2812	2762
	766	717
	768	720
	2816	2766
	769	721
	772	724
	2820	2770
	773	725
	2824	2774
	777	729
	778	730
	2828	2778
	782	734
	783	735
	2832	2782
	787	739
	788	740
	2836	2786
	789	741
	791	743
	2840	2790
	794	746
	796	747
	2844	2794
	797	748
	798	749
	800	750
	2848	2798
	802	751
	803	752
	804	753
	2852	2802
	2853	2803
	2854	2804
	807	756
	2855	2805
	2856	2806
	2857	2807
	811	760
	2859	2808
	812	761
	2860	2809
	2861	2810
	814	762
	2862	2811
	815	763
	2863	2812
	816	764
	2865	2813
	818	766
	2867	2816
	820	768
	2869	2817
	822	770
	2870	2818
	823	771
	2871	2819
	824	772
	2872	2821
	2873	2822
	827	775
	2875	2824
	2876	2825
	2877	2826
	831	779
	2879	2828
	832	780
	2880	2829
	833	781
	2881	2830
	834	782
	2883	2832
	2884	2833
	837	785
	2885	2834
	838	786
	839	793
	2887	2836
	840	788
	2888	2837
	841	789
	2889	2838
	843	792
	2891	2840
	844	793
	2892	2841
	2893	2842
	847	796
	848	797
	2896	2845
	849	798
	2897	2846
	850	799
	851	800
	852	801
	2900	2849
	2901	2850
	854	804
	855	805
	2903	2851
	2904	2852
	2905	2853
	858	809
	2907	2856
	2908	2857
	2910	2860
	863	814
	864	815
	865	816
	2913	2863
	2914	2865
	2916	2866
	2917	2867
	870	821
	2918	2868
	871	822
	2919	2869
	2921	2871
	874	825
	2922	2872
	875	826
	2923	2873
	876	827
	2924	2874
	878	830
	2926	2875
	879	831
	2928	2876
	881	832
	2929	2877
	882	833
	2930	2878
	883	834
	884	835
	2932	2879
	885	836
	886	837
	887	838
	888	839
	889	840
	2937	2884
	890	843
	892	841
	2941	2888
	896	847
	2945	2892
	900	851
	901	851
	2949	2896
	903	851
	2953	2900
	907	855
	2957	2904
	2958	2905
	911	859
	2960	2906
	2961	2907
	915	863
	2963	2909
	916	864
	918	866
	2966	2912
	920	868
	2969	2915
	923	871
	924	872
	925	873
	2973	2919
	927	874
	929	875
	2977	2923
	930	876
	931	877
	933	878
	2981	2927
	934	878
	2982	2928
	935	879
	2985	2931
	938	882
	939	883
	940	884
	941	885
	2989	2935
	943	888
	944	889
	945	890
	2993	2939
	2995	2940
	948	893
	2996	2941
	949	894
	950	895
	2999	2944
	953	898
	3003	2948
	3004	2949
	957	899
	959	900
	3007	2952
	960	901
	962	903
	3011	2956
	964	908
	967	906
	3015	2960
	968	908
	971	911
	3019	2964
	973	912
	974	913
	3023	2968
	977	916
	979	919
	3027	2972
	980	921
	982	923
	983	924
	3031	2976
	984	935
	985	928
	986	929
	3035	2980
	988	930
	990	931
	991	932
	3039	2984
	3040	2985
	993	933
	3041	2986
	994	934
	3042	2987
	995	947
	996	951
	997	952
	3045	2991
	998	953
	1000	954
	3049	2995
	1002	957
	1003	958
	1004	959
	1005	960
	3053	2999
	1006	961
	1010	964
	1011	965
	1012	966
	3060	3003
	1013	967
	1014	968
	1015	969
	3064	3007
	1017	971
	1020	974
	3068	3011
	1021	975
	1024	978
	3072	3015
	1025	979
	1026	980
	3076	3019
	1029	983
	3077	3020
	3078	3028
	3080	3021
	1033	987
	3081	3028
	3084	3022
	1037	991
	3085	3023
	3086	3024
	3087	3025
	3088	3028
	1042	995
	1043	996
	1046	999
	1047	1000
	1048	1001
	1049	1002
	1050	1003
	1051	1004
	1055	1007
	1056	1008
	1058	1009
	1061	1010
	1065	1013
	1066	1014
	1067	1015
	1068	1016
	1069	1017
	1070	1018
	1072	1020
	1073	1021
	1076	1024
	1081	1029
	1082	1030
	1083	1031
	1086	1034
	1088	1035
	1090	1036
	1092	1039
	1096	1043
	1100	1047
	1106	1051
	1107	1052
	1109	1055
	1110	1056
	1111	1057
	1112	1058
	1116	1061
	1117	1062
	1118	1063
	1119	1064
	1122	1067
	1123	1071
	1124	1072
	1126	1073
	1127	1074
	1129	1076
	1131	1078
	1132	1079
	1133	1080
	1134	1081
	1135	1082
	1136	1083
	1137	1084
	1140	1088
	1144	1092
	1147	1093
	1148	1094
	1150	1096
	1151	1097
	1152	1098
	1153	1099
	1154	1100
	1155	1101
	1156	1102
	1163	1108
	1164	1110
	1165	1111
	1166	1112
	1167	1113
	1169	1114
	1175	1119
	1176	1120
	1177	1121
	1178	1122
	1180	1123
	1181	1124
	1183	1126
	1186	1127
	1188	1128
	1190	1129
	1191	1130
	1193	1132
	1196	1135
	1200	1139
	1201	1140
	1203	1142
	1206	1145
	1207	1146
	1210	1149
	1211	1150
	1213	1152
	1216	1155
	1217	1156
	1218	1157
	1220	1160
	1221	1161
	1222	1162
	1223	1163
	1224	1164
	1226	1166
	1229	1169
	1233	1173
	1234	1174
	1235	1175
	1238	1178
	1239	1179
	1240	1180
	1245	1181
	1247	1183
	1248	1184
	1249	1185
	1251	1188
	1252	1189
	1255	1192
	1256	1193
	1259	1196
	1260	1197
	1264	1201
	1266	1204
	1267	1205
	1270	1209
	1271	1210
	1273	1213
	1274	1214
	1278	1217
	1279	1218
	1281	1221
	1283	1223
	1284	1224
	1285	1225
	1288	1228
	1292	1231
	1293	1232
	1296	1236
	1297	1237
	1298	1238
	1299	1239
	1300	1240
	1301	1241
	1302	1242
	1303	1243
	1304	1244
	1305	1245
	1306	1246
	1307	1247
	1308	1248
	1310	1251
	1311	1252
	1312	1253
	1313	1254
	1314	1255
	1315	1256
	1316	1257
	1318	1259
	1319	1261
	1323	1264
	1325	1265
	1326	1266
	1330	1269
	1331	1270
	1332	1271
	1333	1272
	1336	1275
	1338	1276
	1340	1277
	1341	1286
	1342	1281
	1343	1282
	1344	1283
	1345	1284
	1346	1285
	1347	1298
	1349	1302
	1350	1303
	1351	1303
	1352	1304
	1353	1305
	1354	1306
	1357	1309
	1358	1310
	1359	1315
	1360	1314
	1361	1327
	1363	1332
	1364	1333
	1366	1336
	1369	1339
	1370	1352
	1371	1343
	1372	1344
	1373	1345
	1374	1346
	1375	1347
	1376	1348
	1377	1349
	1378	1350
	1379	1351
	1380	1364
	1382	1368
	1384	1369
	1385	1370
	1386	1373
	1387	1374
	1389	1377
	1390	1378
	1391	1379
	1394	1382
	1396	1383
	1398	1384
	1400	1386
	1401	1390
	1402	1391
	1403	1392
	1406	1387
	1407	1388
	1409	1396
	1411	1397
	1413	1398
	1415	1399
	1416	1400
	1418	1403
	1420	1404
	1421	1405
	1423	1406
	1425	1407
	1427	1408
	1429	1409
	1430	1410
	1431	1411
	1433	1412
	1435	1413
	1437	1414
	1438	1415
	1440	1418
	1441	1419
	1442	1420
	1445	1423
	1446	1424
	1447	1425
	1448	1426
	1450	1429
	1451	1430
	1452	1431
	1453	1432
	1454	1433
	1456	1436
	1457	1437
	1458	1438
	1459	1439
	1460	1440
	1461	1441
	1463	1444
	1464	1445
	1466	1446
	1467	1447
	1470	1450
	1471	1451
	1472	1452
	1473	1453
	1475	1456
	1476	1457
	1479	1460
	1480	1465
	1482	1461
	1483	1462
	1486	1467
	1490	1470
	1491	1471
	1492	1472
	1493	1473
	1498	1478
	1499	1479
	1500	1480
	1501	1481
	1503	1484
	1504	1485
	1506	1487
	1509	1490
	1510	1491
	1513	1494
	1517	1498
	1518	1499
	1520	1502
	1521	1503
	1522	1504
	1524	1506
	1526	1508
	1530	1512
	1531	1513
	1533	1514
	1534	1515
	1537	1518
	1538	1519
	1542	1523
	1543	1524
	1546	1527
	1550	1531
	1554	1535
	1555	1536
	1558	1539
	1560	1542
	1561	1543
	1563	1546
	1564	1547
	1566	1550
	1567	1551
	1570	1554
	1571	1555
	1572	1556
	1575	1559
	1576	1560
	1577	1572
	1580	1561
	1581	1562
	1583	1563
	1584	1564
	1586	1572
	1588	1573
	1589	1574
	1590	1575
	1591	1576
	1593	1577
	1594	1577
	1596	1578
	1598	1579
	1599	1580
	1600	1581
	1601	1582
	1602	1583
	1604	1585
	1605	1586
	1607	1588
	1609	1589
	1610	1590
	1611	1591
	1612	1592
	1613	1592
	1614	1592
	1617	1593
	1618	1594
	1620	1597
	1623	1598
	1626	1599
	1627	1600
	1628	1601
	1632	1603
	1636	1607
	1637	1608
	1638	1609
	1640	1611
	1643	1614
	1644	1615
	1645	1616
	1647	1618
	1653	1622
	1654	1623
	1656	1625
	1657	1626
	1661	1631
	1664	1631
	1666	1631
	1668	1632
	1669	1633
	1670	1634
	1671	1635
	1674	1639
	1675	1642
	1676	1643
	1677	1644
	1678	1655
	1679	1657
	1681	1659
	1682	1660
	1683	1661
	1688	1666
	1692	1670
	1693	1671
	1696	1674
	1700	1678
	1701	1686
	1704	1679
	1705	1680
	1706	1681
	1708	1683
	1710	1686
	1713	1689
	1714	1690
	1716	1693
	1717	1711
	1720	1694
	1721	1695
	1722	1711
	1724	1696
	1725	1697
	1726	1698
	1728	1699
	1729	1700
	1730	1701
	1731	1702
	1732	1703
	1735	1711
	1738	1707
	1739	1711
	1742	1714
	1743	1715
	1746	1718
	1747	1719
	1748	1720
	1749	1721
	1751	1724
	1754	1726
	1755	1727
	1758	1730
	1759	1731
	1760	1732
	1762	1735
	1765	1737
	1766	1738
	1767	1739
	1770	1742
	1771	1743
	1774	1746
	1775	1747
	1776	1748
	1777	1749
	1778	1750
	1779	1751
	1782	1754
	1784	1756
	1785	1757
	1786	1758
	1790	1762
	1791	1763
	1793	1764
	1794	1765
	1795	1766
	1796	1767
	1802	1772
	1803	1773
	1805	1776
	1810	1779
	1811	1780
	1815	1786
	1816	1848
	1819	1787
	1821	1788
	1822	1848
	1825	1789
	1826	1790
	1829	1793
	1834	1794
	1835	1795
	1836	1796
	1839	1799
	1840	1800
	1842	1802
	1843	1803
	1844	1804
	1845	1805
	1848	1808
	1852	1808
	1853	1808
	1854	1809
	1855	1810
	1857	1813
	1862	1817
	1864	1818
	1865	1819
	1866	1820
	1867	1821
	1868	1822
	1871	1823
	1872	1824
	1876	1828
	1877	1831
	1878	1832
	1884	1837
	1885	1837
	1886	1837
	1887	1838
	1888	1839
	1891	1842
	1892	1843
	1896	1848
	1899	1851
	1903	1855
	1905	1856
	1906	1857
	1908	1860
	1909	1861
	1912	1864
	1914	1865
	1915	1866
	1916	1867
	1917	1868
	1918	1869
	1919	1870
	1920	1871
	1922	1872
	1923	1873
	1924	1874
	1926	1877
	1928	1878
	1929	1882
	1930	1883
	1931	1884
	1932	1885
	1934	1879
	1935	1880
	1938	1888
	1939	1889
	1942	1892
	1944	1894
	1945	1895
	1946	1896
	1947	1897
	1948	1898
	1951	1902
	1952	1903
	1955	1906
	1956	1907
	1959	1910
	1960	1911
	1961	1912
	1963	1913
	1964	1914
	1968	1918
	1969	1919
	1970	1920
	1971	1921
	1972	1922
	1973	1923
	1974	1924
	1975	1925
	1977	1927
	1978	1928
	1981	1931
	1982	1932
	1985	1933
	1986	1934
	1987	1935
	1988	1936
	1989	1937
	1990	1938
	1991	1939
	1993	1940
	1994	1941
	1995	1942
	1998	1945
	2001	1948
	2002	1949
	2003	1950
	2004	1951
	2005	1952
	2006	1953
	2008	1955
	2010	1958
	2013	1962
	2014	1963
	2015	1964
	2017	1967
	2018	1968
	2019	1969
	2022	1972
	2023	1973
	2024	1974
	2026	1976
	2027	1977
	2028	1978
	2031	1981
	2032	1982
	2034	1983
	2035	1984
	2038	1987
	2042	1991
	2046	1995
	2047	1996
net/minecraft/client/model/monster/endermite/EndermiteModel	70	59
	33	20
	65	53
	66	55
	35	22
	67	56
	36	23
	68	57
	38	25
	70	59
	41	28
	45	32
	46	33
	16	15
	48	34
	49	36
	50	37
	51	39
	52	40
	53	42
	23	16
	55	44
	56	45
	60	49
net/minecraft/client/ToggleKeyMapping	56	64
	32	36
	33	37
	36	40
	38	42
	42	46
	43	47
	45	50
	46	51
	15	12
	16	13
	49	54
	50	58
	19	23
	51	59
	20	24
	21	25
	22	26
	55	63
	56	64
	26	30
	31	35
net/minecraft/client/model/object/boat/BoatModel	125	104
	26	23
	27	24
	30	27
	31	28
	32	29
	34	30
	35	32
	36	32
	37	33
	39	35
	40	37
	41	37
	42	38
	44	40
	45	42
	46	42
	47	43
	49	45
	50	47
	51	47
	52	48
	54	50
	55	50
	56	50
	57	50
	60	51
	61	52
	62	53
	63	54
	65	55
	66	57
	67	57
	68	57
	69	57
	70	58
	72	60
	73	62
	74	62
	75	62
	76	62
	77	63
	79	65
	82	68
	83	69
	84	70
	85	71
	89	75
	90	76
	91	77
	93	78
	94	80
	95	80
	96	81
	99	83
	100	85
	101	85
	102	86
	105	88
	106	90
	107	90
	108	91
	111	93
	115	97
	116	98
	118	99
	119	101
	120	101
	121	101
	122	102
	125	104
net/minecraft/client/gui/components/TabButton	92	88
	64	60
	65	61
	66	62
	67	63
	68	64
	71	67
	72	68
	73	69
	74	70
	75	71
	79	75
	80	76
	81	77
	19	19
	20	19
	21	20
	85	81
	22	21
	23	22
	88	84
	92	88
	37	33
	38	34
	39	35
	40	36
	44	40
	46	43
	47	44
	49	45
	50	46
	51	47
	53	50
	55	51
	56	52
	59	55
	60	56
	63	59
net/minecraft/client/renderer/entity/layers/Deadmau5EarsLayer	31	37
	19	19
	20	20
	21	21
	25	31
	26	37
	29	32
	30	33
	31	37
net/minecraft/client/gui/screens/worldselection/ExperimentsScreen	115	109
	29	26
	30	27
	41	38
	42	39
	43	40
	44	41
	45	43
	46	44
	47	45
	50	48
	54	52
	56	53
	57	54
	59	55
	60	56
	61	62
	62	59
	63	61
	65	63
	66	64
	67	65
	68	66
	70	67
	71	68
	72	69
	74	70
	75	71
	76	72
	79	75
	80	76
	86	81
	87	82
	89	83
	90	84
	91	85
	95	89
	100	94
	101	95
	104	98
	105	99
	106	100
	107	101
	108	102
	109	103
	111	105
	112	106
	113	107
	114	108
	115	109
net/minecraft/client/renderer/debug/ChunkCullingDebugRenderer	159	123
	129	98
	131	99
	133	100
	136	101
	138	102
	140	103
	142	104
	144	106
	147	109
	148	110
	21	20
	151	115
	152	116
	153	117
	26	24
	154	118
	27	25
	155	119
	156	120
	157	121
	31	31
	159	123
	33	32
	34	33
	35	34
	36	35
	37	37
	38	38
	39	39
	42	40
	44	41
	45	42
	46	44
	47	45
	48	46
	49	47
	50	48
	51	49
	52	49
	53	49
	54	49
	56	50
	62	56
	63	57
	64	59
	65	60
	66	61
	67	62
	68	63
	69	64
	70	65
	71	65
	72	65
	73	65
	75	66
	76	66
	77	66
	78	66
	80	67
	86	73
	87	74
	88	75
	89	76
	95	83
	96	84
	97	85
	99	86
	102	87
	105	88
	108	89
	111	90
	114	91
	117	92
	119	93
	120	94
	122	95
	124	96
	127	97
net/minecraft/client/renderer/entity/HuskRenderer	17	17
	17	17
	8	8
	9	9
	12	12
	13	13
net/minecraft/client/resources/sounds/BiomeAmbientSoundsHandler	154	141
	128	116
	130	117
	131	118
	132	119
	133	120
	134	121
	138	125
	139	126
	142	129
	143	130
	144	131
	147	134
	148	135
	149	136
	152	139
	153	140
	154	141
	38	32
	40	33
	41	34
	42	35
	45	38
	50	43
	52	44
	53	45
	54	46
	56	47
	57	48
	58	49
	60	50
	62	51
	63	52
	64	53
	65	54
	66	55
	68	58
	69	59
	74	64
	75	65
	76	66
	80	70
	81	73
	82	74
	83	75
	84	76
	85	77
	88	79
	89	80
	91	81
	94	83
	97	86
	98	87
	99	88
	100	89
	102	90
	103	91
	104	92
	106	93
	107	94
	109	95
	111	98
	112	99
	113	100
	115	102
	116	103
	118	105
	120	107
	121	109
net/minecraft/client/model/animal/squid/package-info	0	0
net/minecraft/client/model/npc/BabyVillagerModel	83	57
	14	12
	15	13
	18	16
	19	17
	20	18
	24	22
	25	23
	27	24
	28	24
	29	24
	31	25
	32	27
	33	28
	34	30
	35	32
	37	34
	38	36
	39	36
	40	37
	42	39
	43	40
	44	40
	45	40
	47	42
	48	42
	49	42
	50	42
	52	43
	53	44
	54	44
	55	44
	57	46
	58	47
	59	47
	60	47
	62	49
	63	49
	64	49
	65	49
	67	50
	68	50
	69	50
	70	50
	72	51
	73	51
	74	51
	75	51
	77	52
	78	54
	79	54
	80	55
	83	57
net/minecraft/client/gui/screens/inventory/HopperScreen	24	24
	16	16
	20	20
	21	21
	22	22
	23	23
	24	24
	11	11
	14	14
	15	15
net/minecraft/client/resources/model/ModelDiscovery	278	235
	257	223
	262	227
	263	228
	264	228
	266	228
	271	233
	272	233
	276	233
	277	234
	278	235
	33	32
	44	40
	45	41
	47	42
	49	43
	50	44
	51	45
	52	46
	53	47
	55	49
	58	52
	59	53
	62	56
	66	60
	70	64
	71	65
	72	66
	73	67
	75	70
	79	74
	80	75
	83	78
	85	79
	86	86
	88	81
	89	82
	90	83
	92	86
	95	89
	99	93
	101	94
	104	95
	106	96
	107	97
	108	98
	109	99
	111	101
	113	103
	114	104
	119	109
	121	110
	122	111
	123	112
	124	113
	126	114
	128	116
	131	119
	134	122
	135	124
	136	125
	137	126
	138	128
	139	129
	141	130
	142	131
	143	132
	144	133
	148	137
	154	140
	155	141
	156	142
	157	143
	158	144
	161	145
	162	146
	172	156
	173	157
	181	161
	182	162
	183	163
	184	164
	188	168
	193	173
	198	178
	203	182
	208	186
	209	187
	211	187
	214	187
	218	191
	219	192
	220	192
	222	192
	227	197
	232	202
	237	207
	242	212
	247	217
	253	222
	254	223
	255	223
net/minecraft/client/gui/screens/options/OnlineOptionsScreen	68	65
	32	30
	33	31
	67	64
	36	34
	68	65
	39	37
	41	38
	42	39
	44	41
	45	43
	47	44
	49	46
	50	47
	19	18
	51	48
	23	22
	24	23
	57	54
	58	55
	59	56
	28	27
	30	28
	62	59
	31	29
com/mojang/blaze3d/resource/ResourceDescriptor	12	12
	7	7
	12	12
net/minecraft/client/resources/model/cuboid/ItemTransform	96	78
	65	54
	66	55
	67	56
	68	56
	69	56
	70	56
	73	57
	74	58
	75	58
	76	58
	77	58
	80	59
	20	18
	84	63
	85	64
	23	21
	87	67
	24	22
	88	68
	25	42
	89	69
	92	72
	93	74
	94	75
	32	27
	96	78
	36	28
	37	29
	38	30
	40	32
	41	33
	42	34
	45	37
	46	38
	47	39
	49	40
	50	42
	53	45
	54	46
	55	47
	61	52
	63	53
com/mojang/blaze3d/resource/GraphicsResourceAllocator	15	15
	7	7
	8	8
	9	9
	14	14
	15	15
net/minecraft/client/particle/ParticleEngine	156	148
	129	121
	130	122
	131	123
	132	124
	135	127
	138	130
	139	131
	140	132
	141	133
	144	136
	148	140
	152	144
	25	25
	153	145
	154	146
	155	147
	156	148
	43	36
	44	37
	45	38
	48	41
	49	42
	52	45
	53	46
	56	51
	57	52
	58	53
	59	54
	61	56
	66	63
	67	64
	68	64
	70	64
	74	68
	75	69
	76	70
	77	71
	78	72
	81	75
	83	77
	86	80
	87	81
	88	82
	89	83
	90	84
	92	85
	93	86
	94	88
	95	89
	96	90
	97	91
	100	95
	103	99
	105	100
	106	101
	109	104
	112	107
	113	108
	115	109
	116	110
	118	112
	119	112
	121	112
	125	117
	126	118
net/minecraft/client/gui/screens/DeathScreen	174	181
	131	140
	132	141
	133	142
	134	143
	135	144
	137	145
	142	150
	147	155
	152	160
	26	24
	154	161
	155	162
	156	163
	158	165
	161	168
	162	169
	164	171
	38	34
	39	35
	40	36
	168	175
	41	37
	169	176
	42	38
	43	39
	44	40
	173	180
	174	181
	48	44
	49	45
	50	46
	51	47
	52	48
	53	49
	54	50
	56	51
	57	54
	58	55
	59	59
	61	60
	62	61
	66	65
	70	69
	71	70
	72	89
	74	81
	75	74
	76	75
	78	77
	79	78
	81	80
	82	86
	83	87
	84	89
	87	92
	88	93
	90	96
	91	97
	92	98
	96	102
	98	103
	100	104
	101	105
	103	114
	106	117
	108	118
	109	119
	110	120
	111	121
	113	122
	114	123
	117	126
	118	127
	122	131
	123	132
	126	135
	127	136
net/minecraft/client/model/animal/cow/WarmCowModel	26	38
	17	15
	18	17
	19	20
	20	22
	21	24
	22	26
	23	28
	24	32
	25	36
	26	38
	13	11
	14	12
net/minecraft/client/particle/package-info	0	0
net/minecraft/client/renderer/entity/AbstractHorseRenderer	23	23
	16	16
	17	17
	18	18
	19	19
	20	20
	21	21
	22	22
	23	23
	10	11
	11	12
	15	15
net/minecraft/client/gui/font/CodepointMap	112	102
	22	20
	23	21
	24	22
	25	23
	26	24
	29	27
	30	28
	33	31
	34	32
	35	33
	39	37
	40	38
	42	39
	43	40
	44	41
	45	42
	46	43
	47	44
	49	46
	50	47
	51	48
	56	53
	57	54
	59	55
	60	56
	61	57
	62	58
	65	61
	66	62
	67	63
	70	66
	71	67
	72	68
	76	72
	77	73
	79	74
	80	75
	81	76
	84	79
	85	80
	86	81
	95	85
	96	86
	97	87
	98	88
	99	89
	100	90
	101	91
	102	92
	107	97
	110	100
	111	101
	112	102
net/minecraft/client/gui/screens/inventory/TestInstanceBlockEditScreen	223	218
	30	28
	31	29
	32	30
	33	31
	50	46
	51	47
	52	48
	56	52
	57	53
	58	54
	59	55
	61	56
	62	57
	63	58
	64	59
	65	60
	67	63
	68	64
	70	65
	71	66
	73	67
	75	68
	77	69
	78	70
	79	71
	80	72
	81	73
	82	74
	83	75
	84	76
	85	77
	86	78
	88	79
	89	80
	90	81
	91	82
	92	83
	94	85
	95	86
	96	87
	97	88
	100	90
	101	91
	102	92
	103	93
	104	94
	106	95
	107	96
	108	97
	109	98
	111	99
	112	100
	113	101
	114	102
	115	103
	118	106
	119	107
	120	108
	121	109
	122	110
	123	111
	125	112
	126	113
	129	116
	130	117
	131	118
	132	119
	134	121
	137	124
	138	125
	139	126
	140	127
	141	128
	146	134
	147	135
	148	136
	149	137
	152	140
	153	141
	154	142
	158	146
	162	150
	167	155
	168	156
	169	157
	170	158
	171	159
	172	160
	173	161
	174	162
	177	165
	178	166
	179	167
	181	170
	182	171
	185	174
	186	175
	187	176
	190	179
	191	180
	192	181
	193	182
	194	183
	195	186
	199	190
	200	191
	201	198
	202	195
	203	197
	204	199
	205	200
	206	201
	207	202
	210	205
	211	206
	215	210
	216	211
	217	212
	223	218
net/minecraft/client/resources/MapTextureManager	98	97
	64	62
	65	63
	67	64
	68	65
	69	66
	72	69
	73	70
	74	71
	75	72
	78	75
	79	76
	82	79
	19	18
	83	80
	20	19
	84	82
	85	83
	86	84
	23	22
	87	85
	24	23
	90	89
	27	26
	91	90
	28	27
	29	28
	93	92
	33	32
	97	96
	34	33
	98	97
	37	36
	38	37
	41	40
	42	41
	43	42
	46	45
	48	46
	54	52
	55	53
net/minecraft/client/renderer/entity/state/ArmedEntityRenderState	58	53
	33	30
	37	34
	42	38
	46	44
	15	14
	47	45
	16	15
	17	16
	49	46
	50	47
	19	18
	52	48
	21	19
	54	49
	23	21
	55	50
	56	51
	25	22
	57	52
	58	53
	29	26
net/minecraft/client/renderer/block/package-info	0	0
net/minecraft/client/renderer/entity/CreakingRenderer	53	51
	34	34
	39	38
	40	39
	41	40
	42	41
	43	42
	12	12
	13	13
	45	43
	46	44
	16	16
	48	45
	17	17
	50	47
	19	20
	20	21
	52	50
	21	22
	53	51
	25	27
	29	30
net/minecraft/client/renderer/texture/atlas/package-info	0	0
net/minecraft/client/model/object/book/package-info	0	0
com/mojang/blaze3d/platform/MacosUtil	64	55
	32	28
	64	55
	35	31
	36	32
	37	32
	39	32
	43	36
	47	40
	17	15
	51	44
	52	45
	55	48
	24	20
	56	49
	25	21
	57	50
	59	51
	28	24
	60	52
	29	25
	30	26
	62	53
	31	27
net/minecraft/client/renderer/rendertype/TextureTransform	55	43
	34	42
	35	43
	39	32
	40	33
	41	34
	44	35
	47	36
	48	37
	17	18
	18	19
	51	13
	19	20
	53	14
	22	23
	55	15
	27	28
	30	12
com/mojang/realmsclient/gui/screens/RealmsClientOutdatedScreen	51	49
	32	33
	33	34
	34	35
	35	36
	39	40
	40	41
	44	45
	45	46
	14	13
	15	14
	16	16
	48	49
	17	19
	49	49
	51	49
	24	25
	25	26
	26	27
	30	31
	31	32
net/minecraft/client/renderer/entity/state/HumanoidRenderState	32	28
	32	28
	21	21
	22	22
	23	23
	24	24
	9	9
	12	12
	29	28
	30	28
net/minecraft/client/model/object/projectile/TridentModel	51	29
	32	25
	35	26
	36	26
	37	26
	40	27
	41	27
	42	27
	45	28
	46	28
	15	15
	47	28
	18	18
	19	19
	51	29
	22	22
	23	23
	25	24
	26	24
	27	24
	30	25
	31	25
net/minecraft/client/gui/navigation/package-info	0	0
net/minecraft/client/telemetry/events/WorldLoadTimesEvent	26	25
	16	15
	17	16
	20	19
	21	20
	22	21
	23	22
	24	23
	26	25
	15	14
net/minecraft/client/gui/components/debugchart/AbstractDebugChart	104	100
	17	16
	18	17
	19	18
	22	21
	26	25
	30	29
	31	30
	33	31
	34	32
	35	33
	36	34
	37	35
	38	37
	39	38
	40	39
	41	40
	42	41
	43	42
	44	43
	45	44
	48	47
	49	48
	50	49
	51	50
	53	51
	54	52
	55	53
	56	54
	58	55
	59	56
	60	57
	63	60
	64	61
	67	64
	68	65
	69	66
	72	69
	73	70
	74	71
	75	72
	76	73
	79	76
	82	79
	86	83
	89	86
	90	87
	91	88
	100	97
	101	98
	102	99
	104	100
net/minecraft/client/renderer/blockentity/BedRenderer	177	176
	130	111
	131	112
	132	113
	133	114
	135	115
	136	124
	137	126
	139	128
	143	131
	144	132
	145	133
	146	134
	147	135
	148	136
	151	148
	152	149
	153	150
	156	153
	157	154
	158	155
	163	161
	164	163
	165	164
	166	165
	171	170
	47	44
	175	174
	176	175
	49	45
	177	176
	57	51
	58	52
	61	55
	62	56
	65	59
	66	60
	67	61
	68	62
	71	65
	72	66
	75	67
	76	68
	77	68
	78	68
	83	69
	84	71
	85	71
	86	72
	88	74
	89	76
	90	76
	91	77
	94	79
	98	83
	99	84
	102	85
	103	86
	104	86
	105	86
	109	87
	110	89
	111	89
	112	90
	114	92
	115	94
	116	94
	117	95
	120	97
	125	101
net/minecraft/client/animation/definitions/BabyRabbitAnimation	455	612
	10	9
	11	11
	12	15
	13	16
	14	17
	15	18
	16	19
	17	20
	18	21
	20	24
	21	28
	22	29
	24	32
	25	36
	26	37
	27	38
	28	39
	29	40
	30	41
	31	42
	33	45
	34	49
	35	50
	36	51
	37	52
	39	55
	40	59
	41	60
	42	61
	43	62
	44	63
	45	64
	46	65
	47	66
	49	69
	50	73
	51	74
	52	75
	54	78
	55	82
	56	83
	57	84
	58	85
	59	86
	60	87
	61	88
	62	89
	63	90
	65	93
	66	97
	67	98
	68	99
	69	100
	70	101
	72	104
	73	108
	74	109
	75	110
	76	111
	77	112
	78	113
	80	116
	81	120
	82	121
	83	122
	84	123
	86	126
	87	130
	88	131
	89	132
	90	133
	91	134
	92	135
	94	138
	95	142
	96	143
	97	144
	98	145
	100	148
	101	152
	102	153
	103	154
	104	155
	105	156
	107	159
	108	163
	109	164
	110	165
	111	166
	112	167
	114	170
	115	174
	116	175
	117	176
	118	177
	120	180
	121	184
	122	185
	123	186
	124	187
	125	188
	127	191
	128	195
	129	196
	130	197
	131	198
	132	199
	133	200
	135	203
	136	207
	137	208
	138	209
	140	212
	141	216
	142	217
	143	218
	144	219
	145	220
	146	221
	148	224
	149	228
	150	229
	151	230
	153	233
	154	237
	155	238
	156	239
	157	240
	158	241
	159	242
	161	245
	162	249
	163	250
	165	253
	167	254
	168	255
	169	259
	170	260
	171	261
	172	262
	173	263
	174	264
	175	265
	176	266
	177	267
	178	268
	179	269
	180	270
	181	271
	182	272
	183	273
	184	274
	185	275
	186	276
	187	277
	188	278
	190	281
	191	285
	192	286
	193	287
	194	288
	195	289
	197	292
	198	296
	199	297
	200	298
	202	301
	203	305
	204	306
	205	307
	206	308
	207	309
	208	310
	209	311
	210	312
	211	313
	212	314
	213	315
	214	316
	215	317
	216	318
	217	319
	218	320
	219	321
	220	322
	221	323
	222	324
	223	325
	224	326
	225	327
	227	330
	228	334
	229	335
	230	336
	231	337
	232	338
	233	339
	234	340
	235	341
	236	342
	237	343
	239	346
	240	350
	241	351
	242	352
	243	353
	244	354
	245	355
	246	356
	247	357
	248	358
	249	359
	250	360
	251	361
	252	362
	253	363
	254	364
	255	365
	256	366
	257	367
	258	368
	260	371
	261	375
	262	376
	263	377
	264	378
	265	379
	266	380
	267	381
	268	382
	269	383
	270	384
	272	387
	273	391
	274	392
	275	393
	276	394
	277	395
	278	396
	279	397
	280	398
	281	399
	282	400
	283	401
	284	402
	285	403
	286	404
	287	405
	288	406
	289	407
	290	408
	291	409
	292	410
	293	411
	294	412
	295	413
	296	414
	297	415
	299	418
	300	422
	301	423
	302	424
	303	425
	304	426
	305	427
	306	428
	307	429
	308	430
	309	431
	310	432
	311	433
	312	434
	313	435
	314	436
	315	437
	316	438
	317	439
	318	440
	319	441
	320	442
	322	445
	323	449
	324	450
	325	451
	326	452
	327	453
	328	454
	329	455
	330	456
	331	457
	332	458
	333	459
	334	460
	335	461
	336	462
	337	463
	338	464
	339	465
	340	466
	341	467
	342	468
	343	469
	344	470
	345	471
	346	472
	347	473
	349	476
	350	480
	351	481
	352	482
	353	483
	354	484
	355	485
	356	486
	357	487
	358	488
	359	489
	360	490
	361	491
	362	492
	363	493
	364	494
	365	495
	366	496
	367	497
	368	498
	369	499
	370	500
	371	501
	372	502
	373	503
	375	506
	376	510
	377	511
	378	512
	379	513
	380	514
	381	515
	382	516
	383	517
	384	518
	385	519
	386	520
	387	521
	388	522
	389	523
	390	524
	391	525
	392	526
	393	527
	395	530
	396	534
	397	535
	398	536
	399	537
	400	538
	401	539
	402	540
	403	541
	404	542
	405	543
	406	544
	407	545
	409	548
	410	552
	411	553
	412	554
	413	555
	414	556
	415	557
	416	558
	417	559
	418	560
	419	561
	420	562
	421	563
	422	564
	423	565
	424	566
	425	567
	426	568
	427	569
	429	572
	430	576
	431	577
	432	578
	433	579
	434	580
	435	581
	436	582
	437	583
	438	584
	439	585
	440	586
	441	587
	443	590
	444	594
	445	595
	446	596
	447	597
	449	600
	450	603
	452	606
	453	609
	455	612
net/minecraft/client/renderer/entity/OcelotRenderer	34	31
	16	16
	32	29
	17	17
	33	30
	34	31
	21	20
	26	24
	12	12
	13	13
	31	28
net/minecraft/client/color/item/ItemTintSource	0	0
net/minecraft/client/renderer/GpuWarnlistManager	158	191
	128	158
	129	160
	130	161
	131	163
	132	164
	135	168
	139	172
	140	173
	141	174
	142	175
	143	176
	144	177
	147	180
	148	181
	149	182
	152	185
	153	186
	154	187
	27	27
	28	28
	30	29
	158	191
	35	34
	39	38
	43	42
	44	43
	47	46
	48	47
	51	50
	55	54
	56	55
	57	56
	60	59
	64	63
	68	67
	72	71
	73	72
	74	73
	79	77
	80	78
	81	79
	83	80
	84	81
	85	88
	86	85
	87	86
	88	87
	89	100
	92	105
	97	109
	98	110
	101	113
	102	114
	105	123
	106	118
	107	121
	109	139
	110	140
	111	141
	113	142
	122	152
	123	153
	124	154
	125	155
net/minecraft/client/multiplayer/ClientExplosionTracker	62	54
	23	19
	24	20
	26	22
	29	25
	30	26
	31	38
	34	28
	35	29
	36	31
	37	33
	40	36
	41	38
	44	41
	45	42
	47	43
	48	44
	49	45
	50	46
	52	47
	53	54
	56	48
	58	49
	59	50
	60	51
	61	52
	62	54
net/minecraft/client/gui/spectator/SpectatorMenuItem	0	0
net/minecraft/client/model/AnimationUtils	99	88
	14	12
	15	13
	17	14
	18	15
	19	16
	20	17
	21	18
	25	23
	26	24
	28	25
	29	26
	30	27
	33	28
	34	29
	35	30
	36	31
	37	32
	40	37
	41	38
	42	39
	43	40
	44	41
	45	42
	47	43
	48	44
	49	45
	51	46
	52	47
	54	49
	55	50
	57	51
	58	52
	61	55
	62	56
	65	59
	66	60
	67	61
	70	64
	71	65
	72	66
	77	69
	78	88
	80	70
	81	71
	82	72
	83	73
	84	74
	85	75
	87	76
	88	77
	89	78
	90	79
	92	80
	93	81
	94	82
	95	83
	98	86
	99	88
net/minecraft/client/renderer/entity/GiantMobRenderer	39	34
	16	16
	32	28
	18	17
	19	18
	20	19
	21	19
	37	32
	38	33
	23	21
	39	34
	27	24
	13	13
net/minecraft/client/HotbarManager	75	76
	64	64
	65	65
	66	66
	68	68
	71	71
	72	72
	73	73
	75	76
	18	17
	27	25
	28	26
	30	28
	31	29
	33	31
	37	35
	38	36
	39	37
	43	40
	44	41
	46	43
	47	44
	48	46
	49	47
	51	49
	52	50
	54	52
	58	56
	59	58
	60	59
	61	60
	62	61
net/minecraft/client/gui/components/debug/DebugEntryFps	27	28
	16	20
	18	22
	19	22
	20	22
	21	22
	23	24
	27	28
	14	18
	15	19
net/minecraft/client/gui/TextAlignment	35	33
	35	33
	21	20
	9	9
	27	26
	15	14
com/mojang/blaze3d/platform/ScreenManager	105	99
	15	14
	20	19
	21	20
	22	21
	23	22
	24	23
	25	24
	26	25
	29	28
	32	31
	33	32
	34	33
	35	34
	36	35
	37	36
	38	37
	40	39
	43	42
	48	46
	49	47
	50	48
	53	51
	54	52
	55	53
	56	54
	58	55
	59	56
	60	57
	61	58
	63	60
	64	61
	65	62
	66	63
	67	64
	69	65
	70	66
	71	67
	72	68
	74	69
	75	70
	76	71
	77	72
	78	73
	79	74
	80	75
	81	76
	82	77
	85	81
	86	82
	90	86
	91	87
	93	89
	94	89
	96	89
	100	94
	101	95
	102	96
	103	97
	105	99
net/minecraft/client/particle/DragonBreathParticle	103	101
	64	54
	67	57
	69	58
	70	59
	71	60
	74	63
	75	64
	77	65
	78	66
	80	69
	84	73
	25	23
	89	78
	26	24
	27	25
	28	26
	29	27
	31	28
	32	29
	96	85
	33	30
	97	86
	35	31
	37	32
	101	99
	38	33
	102	100
	39	34
	103	101
	41	35
	42	36
	43	37
	47	41
	48	42
	49	43
	51	44
	52	45
	53	69
	56	47
	58	48
	59	49
	60	50
	63	53
net/minecraft/client/model/animal/wolf/AdultWolfModel	94	81
	64	58
	65	59
	67	60
	68	61
	69	61
	71	63
	72	63
	73	63
	77	64
	82	69
	83	70
	84	71
	85	72
	86	73
	25	21
	90	77
	27	22
	91	78
	28	23
	92	79
	29	24
	93	80
	94	81
	32	27
	33	28
	35	29
	37	30
	38	30
	39	30
	41	31
	42	33
	43	34
	44	36
	45	38
	46	40
	49	44
	50	46
	51	46
	52	47
	54	49
	55	51
	56	51
	57	52
	60	54
	61	55
	62	56
	63	57
net/minecraft/client/renderer/blockentity/state/SignRenderState	23	20
	16	16
	23	20
	9	9
net/minecraft/client/renderer/entity/ArrowRenderer	44	40
	33	30
	34	31
	40	36
	41	37
	42	38
	43	39
	44	40
	18	18
	19	19
	20	20
	24	23
	26	24
	27	25
	29	26
	31	29
net/minecraft/client/model/monster/skeleton/package-info	0	0
net/minecraft/client/gui/font/TextRenderable	45	45
	35	35
	40	40
	45	45
	30	30
com/mojang/blaze3d/vertex/SheetedDecalTextureGenerator	95	80
	64	54
	65	55
	70	60
	71	61
	76	66
	78	67
	79	68
	81	69
	83	70
	84	71
	85	72
	87	73
	89	74
	27	20
	28	21
	29	22
	30	23
	94	79
	31	24
	95	80
	35	28
	36	29
	37	30
	38	31
	39	32
	45	37
	46	38
	52	43
	53	44
	59	49
net/minecraft/client/renderer/entity/state/LlamaSpitRenderState	0	0
net/minecraft/client/gui/screens/packs/TransferableSelectionList	307	303
	256	277
	257	278
	259	280
	262	283
	263	284
	265	286
	266	287
	267	288
	268	289
	269	290
	271	292
	273	294
	277	298
	282	303
	27	24
	28	25
	29	26
	30	27
	31	28
	32	29
	33	30
	34	31
	35	32
	291	90
	36	33
	292	91
	293	92
	297	96
	298	97
	43	39
	44	40
	45	41
	46	42
	302	101
	47	43
	51	47
	307	106
	56	52
	61	57
	62	57
	64	57
	68	61
	69	62
	70	63
	71	64
	72	65
	73	66
	74	67
	75	68
	76	69
	77	70
	79	72
	80	73
	81	74
	86	79
	104	120
	105	121
	106	122
	108	123
	109	124
	110	125
	111	126
	115	130
	120	135
	121	136
	122	137
	123	138
	124	139
	125	140
	126	141
	129	144
	131	145
	132	146
	134	149
	135	150
	138	153
	139	154
	141	155
	142	156
	144	157
	145	158
	146	159
	149	162
	150	163
	151	164
	152	165
	154	167
	157	170
	158	171
	159	172
	160	173
	162	175
	165	179
	166	180
	167	181
	168	182
	170	184
	173	188
	174	189
	175	190
	176	191
	178	193
	184	199
	185	200
	186	201
	188	202
	189	203
	190	204
	191	205
	195	209
	196	210
	197	211
	199	212
	200	213
	201	214
	202	217
	203	218
	204	219
	206	222
	207	223
	208	224
	210	227
	211	228
	212	229
	215	233
	220	238
	221	239
	222	240
	224	243
	225	244
	226	245
	227	246
	229	249
	230	250
	231	251
	234	255
	238	259
	242	263
	243	264
	244	265
	245	266
	247	268
	250	271
	251	272
	253	274
com/mojang/realmsclient/gui/screens/configuration/RealmsBackupScreen	273	294
	256	268
	257	269
	258	276
	259	279
	260	280
	261	281
	262	282
	263	283
	264	284
	265	285
	267	288
	268	289
	269	290
	270	291
	271	292
	273	294
	40	38
	42	39
	43	40
	44	41
	45	42
	46	43
	51	46
	70	57
	71	58
	72	59
	73	60
	74	61
	78	65
	79	66
	81	67
	82	68
	83	69
	84	70
	86	71
	87	72
	89	73
	90	74
	94	78
	96	79
	97	80
	98	81
	100	84
	104	88
	105	89
	106	90
	108	92
	111	95
	114	98
	116	101
	117	102
	118	103
	119	104
	120	105
	121	106
	123	109
	124	110
	126	112
	127	113
	128	114
	130	116
	131	117
	132	118
	136	122
	137	123
	140	127
	141	130
	142	132
	143	134
	144	138
	149	148
	155	155
	156	161
	160	165
	175	177
	177	178
	179	179
	180	182
	181	184
	182	185
	183	186
	184	187
	187	190
	188	191
	189	192
	190	193
	191	194
	192	195
	194	197
	197	200
	198	202
	199	203
	203	209
	204	210
	205	223
	207	211
	208	213
	209	214
	210	215
	211	216
	214	219
	217	223
	220	226
	221	227
	222	228
	223	229
	225	231
	227	233
	230	236
	231	237
	232	238
	233	239
	235	245
	236	246
	237	248
	239	251
	243	255
	248	260
	253	265
	254	266
	255	267
net/minecraft/client/color/item/Firework	53	53
	32	29
	33	30
	34	33
	35	34
	38	37
	39	38
	40	39
	41	41
	42	42
	43	43
	44	44
	45	45
	48	48
	20	21
	21	22
	53	53
	23	16
	24	17
	25	17
	29	26
	30	27
	31	28
net/minecraft/client/renderer/item/properties/conditional/IsKeybindDown	34	32
	17	16
	18	17
	34	32
	23	19
	24	20
	25	20
	29	27
	15	15
net/minecraft/client/renderer/block/dispatch/multipart/CombinedCondition	51	40
	33	32
	51	15
	19	19
	22	22
	38	36
	39	37
	25	25
	43	40
	28	28
net/minecraft/client/model/monster/blaze/BlazeModel	105	98
	21	19
	22	20
	23	21
	24	22
	25	23
	28	26
	32	30
	33	31
	35	32
	36	32
	37	32
	42	33
	43	34
	44	34
	46	36
	47	37
	48	38
	49	39
	50	40
	51	41
	54	44
	55	46
	56	47
	57	48
	58	49
	59	50
	60	51
	63	54
	64	56
	65	57
	66	58
	67	59
	68	60
	69	61
	72	64
	77	68
	79	69
	80	71
	81	72
	82	73
	83	74
	84	75
	87	78
	88	80
	89	81
	90	82
	91	83
	92	84
	95	87
	96	89
	97	90
	98	91
	99	92
	100	93
	103	96
	104	97
	105	98
net/minecraft/client/model/geom/PartNames	135	112
	135	112
net/minecraft/client/model/animal/golem/CopperGolemModel	207	308
	43	39
	44	40
	45	41
	46	42
	47	43
	49	44
	50	45
	51	46
	52	47
	53	48
	54	49
	55	50
	56	51
	59	54
	60	55
	62	56
	63	59
	64	64
	65	66
	66	68
	67	72
	68	77
	69	80
	70	83
	71	86
	75	90
	76	91
	78	92
	79	93
	80	98
	81	103
	82	105
	83	107
	84	111
	85	112
	86	117
	87	118
	88	123
	89	124
	90	129
	91	130
	92	135
	96	139
	97	140
	99	141
	100	144
	101	146
	102	150
	103	155
	104	158
	105	160
	106	162
	107	164
	108	168
	109	169
	110	174
	111	175
	112	180
	113	181
	114	186
	115	187
	116	192
	120	196
	121	197
	123	198
	124	201
	125	206
	126	208
	127	210
	128	214
	129	215
	130	220
	131	221
	132	222
	133	227
	134	228
	135	233
	136	234
	137	239
	141	243
	142	244
	143	245
	149	250
	150	251
	151	252
	152	253
	153	254
	155	256
	156	257
	158	260
	159	261
	160	262
	161	263
	162	264
	163	265
	167	268
	168	269
	169	270
	170	271
	171	272
	172	273
	173	274
	175	276
	176	277
	178	279
	182	283
	187	288
	188	289
	189	290
	190	291
	191	292
	194	295
	195	296
	196	297
	197	298
	198	299
	201	302
	202	303
	203	304
	204	305
	205	306
	206	307
	207	308
net/minecraft/client/model/monster/ravager/RavagerModel	148	119
	128	101
	130	102
	131	103
	132	104
	133	105
	134	106
	135	107
	139	111
	140	112
	142	113
	143	114
	144	115
	145	116
	146	117
	147	118
	148	119
	25	23
	26	24
	27	25
	28	26
	29	27
	30	28
	31	29
	32	30
	33	31
	36	34
	37	35
	39	36
	40	37
	41	38
	42	38
	43	38
	45	40
	46	42
	47	42
	48	42
	49	43
	52	45
	53	47
	54	47
	55	48
	57	50
	58	52
	59	52
	60	53
	62	55
	63	55
	64	55
	65	55
	67	56
	68	58
	69	58
	70	58
	71	59
	73	61
	74	62
	75	62
	76	62
	78	64
	79	65
	80	65
	81	65
	83	67
	84	68
	85	68
	86	68
	88	70
	89	71
	90	71
	91	71
	94	73
	99	77
	101	78
	102	79
	103	80
	106	81
	107	82
	108	83
	109	84
	110	85
	111	86
	112	87
	114	88
	115	89
	117	91
	120	94
	121	95
	122	96
	123	97
	124	98
	126	99
	127	100
net/minecraft/client/sounds/SoundManager	321	344
	256	191
	257	192
	260	195
	261	196
	264	199
	265	200
	268	203
	269	204
	272	207
	273	208
	276	211
	277	212
	280	215
	281	216
	284	219
	285	220
	288	223
	289	224
	292	227
	293	228
	296	231
	42	43
	43	44
	300	235
	301	236
	47	45
	48	46
	304	239
	49	48
	305	240
	50	50
	52	52
	308	243
	53	52
	309	244
	54	52
	312	247
	316	251
	317	252
	62	59
	63	60
	320	255
	321	256
	67	63
	69	68
	70	67
	71	80
	73	84
	74	108
	75	89
	76	89
	77	90
	78	92
	79	93
	80	94
	81	95
	82	97
	83	98
	85	101
	86	102
	87	103
	89	106
	91	123
	95	127
	100	131
	103	132
	104	133
	105	134
	107	135
	108	136
	114	141
	115	142
	116	143
	117	144
	122	149
	123	150
	126	153
	130	157
	134	259
	135	260
	138	263
	139	264
	142	267
	143	268
	144	269
	145	270
	146	271
	148	274
	149	275
	152	278
	154	280
	155	281
	158	283
	160	285
	164	289
	165	290
	167	292
	170	295
	171	296
	176	300
	177	301
	178	302
	182	305
	183	306
	184	307
	185	308
	186	309
	187	310
	189	312
	190	313
	191	314
	197	320
	198	321
	199	324
	201	322
	202	324
	204	326
	206	328
	209	331
	211	333
	214	336
	215	337
	217	338
	219	340
	220	341
	221	342
	223	344
	227	161
	228	162
	229	163
	230	164
	232	166
	236	171
	240	175
	244	179
	245	180
	248	183
	252	187
	253	188
net/minecraft/client/gui/screens/CreditsAndAttributionScreen	56	50
	32	29
	34	30
	35	31
	36	32
	38	33
	40	34
	41	35
	42	36
	14	13
	46	40
	15	14
	47	41
	16	15
	17	16
	50	44
	51	45
	23	21
	55	49
	24	22
	56	50
	25	23
	29	27
	31	28
net/minecraft/client/renderer/PostPass	179	202
	131	155
	144	198
	148	202
	31	31
	159	169
	160	170
	161	171
	163	173
	40	42
	168	179
	41	43
	169	180
	42	44
	43	45
	45	47
	173	184
	46	48
	174	185
	47	49
	175	186
	176	187
	177	188
	50	50
	51	52
	179	190
	52	53
	54	56
	55	58
	56	59
	57	61
	58	62
	60	65
	64	70
	65	71
	68	74
	70	76
	71	77
	74	81
	75	83
	76	84
	79	87
	80	89
	82	90
	83	91
	85	92
	86	93
	87	97
	88	101
	89	102
	90	103
	91	105
	92	106
	97	111
	98	117
	99	118
	100	119
	101	121
	102	122
	104	125
	105	126
	107	129
	109	132
	111	133
	113	135
	114	136
	116	138
	117	140
	121	144
	122	145
	124	148
	125	149
net/minecraft/client/gui/screens/inventory/AbstractSignEditScreen	255	233
	43	41
	44	42
	47	45
	49	46
	50	47
	51	48
	52	49
	54	50
	55	51
	59	55
	60	56
	61	58
	63	60
	64	61
	66	63
	67	64
	68	65
	70	67
	74	71
	75	72
	77	74
	80	77
	81	77
	82	77
	87	82
	88	83
	89	84
	90	85
	92	86
	93	87
	94	88
	95	89
	97	91
	98	91
	101	91
	106	97
	107	98
	112	103
	113	104
	118	109
	120	110
	121	111
	122	112
	126	116
	127	117
	131	121
	132	122
	133	123
	135	128
	136	129
	140	133
	145	138
	155	148
	156	149
	157	150
	158	151
	160	152
	161	153
	162	154
	164	155
	165	156
	166	157
	167	158
	168	159
	170	160
	172	161
	173	162
	174	163
	176	165
	179	168
	180	169
	181	170
	182	171
	183	172
	185	173
	186	174
	188	176
	189	177
	190	178
	193	179
	194	180
	197	183
	198	184
	201	185
	205	186
	206	187
	208	188
	209	189
	210	190
	212	193
	216	199
	217	200
	218	201
	223	202
	224	203
	226	204
	227	205
	228	206
	230	209
	233	212
	234	213
	235	214
	236	215
	237	216
	239	217
	240	218
	242	219
	245	223
	248	226
	249	227
	250	228
	251	229
	254	232
	255	233
net/minecraft/client/sounds/SoundBufferLibrary	88	87
	64	63
	65	64
	67	66
	68	67
	79	78
	80	79
	81	80
	84	83
	88	87
	25	23
	26	24
	29	27
	30	29
	31	30
	33	32
	34	33
	35	34
	36	35
	38	37
	42	41
	44	43
	45	44
	46	45
	47	46
	49	48
	53	52
	54	53
	55	54
	58	57
	62	61
	63	62
net/minecraft/client/model/object/bell/BellModel	62	59
	21	20
	22	21
	23	22
	26	25
	27	26
	29	27
	30	28
	31	28
	32	28
	34	30
	35	31
	36	31
	37	31
	40	33
	45	37
	47	38
	48	39
	50	40
	51	41
	52	42
	53	44
	54	47
	55	50
	56	53
	60	57
	61	58
	62	59
net/minecraft/client/gui/screens/worldselection/ConfirmExperimentalFeaturesScreen	157	149
	129	121
	133	125
	143	135
	144	136
	145	137
	146	138
	150	142
	151	143
	152	144
	153	145
	157	149
	30	28
	31	29
	32	30
	42	38
	43	39
	44	40
	45	41
	49	45
	54	50
	56	51
	57	51
	59	52
	60	53
	61	54
	62	55
	64	57
	66	59
	67	60
	69	61
	70	62
	71	63
	72	64
	76	68
	77	69
	81	73
	82	74
	85	77
	92	82
	93	83
	97	87
	98	88
	99	90
	100	91
	101	92
	102	93
	106	97
	107	98
	109	101
	110	102
	114	106
	115	107
	119	111
	121	113
	122	114
	123	115
	124	116
	125	117
	126	118
net/minecraft/client/model/animal/sniffer/package-info	0	0
com/mojang/realmsclient/dto/PlayerInfo	32	27
	32	27
	27	22
	28	23
	29	24
	30	25
	31	26
net/minecraft/client/gui/font/package-info	0	0
net/minecraft/client/gui/render/pip/GuiEntityRenderer	52	50
	32	30
	33	31
	35	32
	36	33
	37	34
	38	35
	39	36
	41	39
	42	40
	43	41
	47	45
	19	18
	20	19
	52	50
	21	20
	25	24
	30	28
	31	29
com/mojang/realmsclient/gui/screens/RealmsGenericErrorScreen	72	69
	32	29
	64	60
	65	61
	66	62
	35	32
	67	63
	36	33
	39	36
	71	67
	40	37
	72	69
	41	38
	42	39
	46	43
	47	44
	48	45
	19	18
	52	49
	53	50
	57	54
	27	24
	28	25
	62	59
	31	28
net/minecraft/client/gui/screens/worldselection/AbstractGameRulesScreen	347	360
	256	241
	257	242
	261	246
	262	247
	263	248
	264	249
	265	250
	274	267
	275	273
	277	274
	278	275
	281	278
	282	279
	283	280
	285	281
	288	285
	289	286
	293	289
	294	290
	297	293
	298	294
	299	295
	300	297
	45	45
	301	316
	47	46
	304	299
	305	300
	309	304
	310	305
	311	306
	312	307
	313	308
	315	310
	316	311
	61	57
	62	58
	63	59
	319	314
	64	60
	320	316
	65	61
	323	319
	68	64
	324	324
	69	65
	325	331
	70	66
	326	332
	71	67
	327	334
	330	343
	75	71
	331	344
	76	72
	332	345
	77	73
	333	346
	78	74
	80	75
	337	350
	82	76
	83	77
	84	78
	85	79
	86	80
	342	355
	87	81
	343	356
	344	357
	345	358
	347	360
	95	89
	96	90
	97	91
	99	93
	103	97
	104	98
	106	100
	109	103
	110	104
	111	105
	114	108
	115	109
	116	110
	119	113
	120	114
	122	116
	125	119
	126	120
	129	123
	130	124
	133	127
	134	128
	135	129
	136	130
	138	132
	144	257
	145	258
	152	159
	153	160
	154	161
	158	165
	159	166
	163	170
	168	175
	171	178
	176	183
	177	184
	192	199
	193	200
	194	201
	198	205
	203	210
	207	214
	208	215
	209	216
	210	217
	211	218
	213	220
	220	138
	221	139
	222	140
	223	141
	224	142
	225	143
	226	144
	230	148
	231	149
	232	150
	233	151
	234	152
	241	227
	243	228
	244	229
	245	230
	246	231
	247	232
	248	233
	249	234
	250	235
	252	237
	253	238
	255	240
com/mojang/blaze3d/platform/MonitorCreator	0	0
net/minecraft/client/particle/FlameParticle	61	80
	33	35
	40	42
	41	43
	11	13
	12	14
	45	56
	46	56
	16	18
	21	23
	22	24
	54	64
	23	25
	55	65
	27	29
	59	78
	28	30
	60	79
	61	80
com/mojang/realmsclient/gui/screens/RealmsDownloadLatestWorldScreen	280	266
	257	242
	258	243
	259	244
	260	246
	261	247
	262	248
	263	249
	264	250
	266	253
	267	257
	269	254
	272	258
	273	259
	275	261
	276	262
	279	265
	280	266
	29	26
	58	50
	65	56
	66	57
	67	58
	68	59
	69	60
	70	61
	71	62
	72	63
	73	64
	77	69
	78	69
	79	71
	80	72
	83	75
	84	87
	86	76
	88	77
	89	78
	90	79
	92	80
	93	81
	94	82
	97	84
	99	87
	102	90
	107	95
	109	96
	111	97
	112	97
	113	98
	114	99
	117	101
	120	104
	121	105
	122	106
	123	107
	124	108
	125	109
	127	112
	128	113
	130	116
	135	121
	136	122
	137	123
	139	126
	140	127
	144	131
	146	132
	148	133
	150	134
	151	135
	154	138
	155	139
	156	140
	159	143
	160	144
	162	146
	165	149
	167	150
	168	151
	171	154
	172	155
	175	158
	176	159
	178	160
	179	161
	180	162
	181	163
	183	164
	184	165
	187	168
	188	169
	189	170
	190	171
	191	172
	193	175
	194	176
	196	179
	197	180
	199	182
	201	184
	204	187
	205	188
	206	189
	209	193
	214	199
	215	200
	219	204
	220	205
	224	209
	226	210
	227	211
	229	213
	230	214
	231	215
	232	216
	233	217
	237	221
	238	222
	239	223
	241	226
	244	229
	245	230
	246	231
	251	236
	252	237
	253	238
com/mojang/realmsclient/dto/RealmsConfigurationDto	0	0
com/mojang/blaze3d/audio/Channel	179	166
	128	117
	131	120
	132	121
	135	124
	136	125
	137	126
	138	127
	139	128
	142	131
	17	15
	146	135
	148	137
	149	138
	150	139
	152	140
	155	143
	156	144
	29	24
	31	25
	159	147
	32	26
	33	26
	162	150
	35	26
	163	151
	164	152
	166	154
	39	30
	40	31
	169	157
	43	34
	171	158
	44	35
	172	159
	45	36
	173	160
	46	37
	174	161
	175	162
	48	39
	176	163
	49	40
	50	41
	179	166
	52	44
	53	45
	56	48
	57	49
	59	51
	62	54
	63	55
	66	58
	67	58
	69	58
	73	62
	74	63
	76	65
	79	68
	80	69
	82	71
	85	74
	86	75
	87	76
	89	78
	92	81
	96	85
	100	89
	101	90
	104	93
	105	94
	108	97
	109	98
	112	101
	113	102
	116	105
	117	106
	120	109
	121	110
	122	111
	123	112
	124	113
	127	116
net/minecraft/client/model/animal/goat/GoatModel	69	70
	64	66
	66	67
	67	68
	69	70
	15	14
	16	15
	19	18
	20	19
	22	20
	23	22
	24	23
	25	25
	26	28
	27	30
	29	32
	30	33
	31	33
	32	33
	34	35
	35	36
	36	36
	37	36
	39	38
	40	40
	41	40
	42	41
	44	43
	45	45
	46	45
	47	45
	48	46
	51	48
	52	51
	53	54
	54	57
	56	60
	61	64
	63	65
net/minecraft/client/renderer/UiLightmap	25	23
	16	14
	19	17
	24	22
	25	23
	12	8
	13	11
	14	12
	15	13
net/minecraft/client/model/object/armorstand/ArmorStandArmorModel	80	62
	65	50
	66	51
	67	52
	69	53
	70	54
	71	55
	73	56
	74	57
	75	58
	77	59
	78	60
	79	61
	80	62
	18	16
	19	17
	22	20
	23	21
	27	25
	28	26
	29	27
	30	28
	31	28
	32	28
	34	30
	35	30
	36	30
	39	31
	40	32
	41	32
	42	32
	44	34
	45	36
	46	36
	47	37
	50	39
	55	43
	57	44
	58	45
	59	46
	61	47
	62	48
	63	49
net/minecraft/client/renderer/item/SelectItemModel	135	147
	132	55
	133	57
	134	58
	135	60
	30	29
	31	30
	32	31
	36	43
	37	44
	38	45
	39	46
	46	67
	47	69
	48	70
	49	71
	50	73
	54	78
	59	83
	60	84
	61	85
	66	90
	67	91
	68	92
	75	97
	78	100
	79	102
	80	103
	82	104
	83	106
	84	107
	88	111
	89	112
	93	118
	94	119
	96	122
	97	123
	98	125
	99	126
	100	127
	102	130
	103	129
	105	131
	107	134
	109	135
	110	136
	113	138
	114	138
	116	138
	121	144
	122	145
	124	147
net/minecraft/client/model/animal/goat/package-info	0	0
net/minecraft/client/renderer/entity/state/ChickenRenderState	0	0
com/mojang/realmsclient/client/worldupload/RealmsUploadWorldPacker	83	82
	64	63
	65	66
	66	66
	68	68
	69	69
	71	70
	72	71
	73	72
	77	76
	80	79
	81	80
	83	82
	23	21
	27	25
	28	26
	29	27
	32	30
	34	33
	35	34
	36	35
	37	36
	38	37
	39	38
	41	41
	42	42
	43	43
	45	45
	46	46
	52	52
	53	53
	55	56
	57	57
	58	58
	59	59
	60	60
	62	61
	63	62
net/minecraft/client/renderer/entity/state/EvokerFangsRenderState	0	0
net/minecraft/client/renderer/blockentity/AbstractEndPortalRenderer	72	74
	64	66
	67	69
	68	70
	71	73
	72	74
	24	23
	25	24
	27	26
	28	28
	29	29
	30	30
	31	31
	32	32
	33	33
	37	37
	38	38
	39	39
	43	44
	44	45
	45	47
	46	48
	47	49
	50	52
	53	57
	54	66
	56	58
	57	59
	58	60
	59	60
	60	61
	63	64
net/minecraft/client/gui/screens/inventory/SmithingScreen	190	183
	128	119
	129	120
	131	121
	132	122
	133	123
	134	124
	135	125
	137	127
	138	128
	140	130
	143	134
	144	137
	145	140
	148	144
	149	145
	153	148
	28	26
	29	27
	157	152
	30	29
	158	153
	31	31
	32	32
	160	155
	33	34
	163	158
	165	159
	166	160
	169	163
	170	164
	171	165
	173	166
	174	167
	47	45
	175	168
	48	46
	177	170
	178	171
	179	172
	180	173
	181	174
	186	179
	187	180
	61	58
	62	59
	190	183
	63	60
	65	61
	66	62
	67	63
	68	64
	69	65
	70	66
	74	70
	75	71
	79	75
	81	76
	82	77
	83	78
	84	79
	85	80
	88	83
	89	84
	90	84
	92	84
	97	89
	98	90
	99	91
	103	95
	104	96
	105	97
	106	98
	108	99
	109	100
	110	101
	111	102
	112	103
	113	104
	117	108
	118	109
	120	111
	123	114
	124	115
	125	116
	126	117
	127	118
net/minecraft/client/renderer/entity/CatRenderer	60	53
	34	31
	35	32
	36	33
	37	34
	38	35
	39	36
	40	37
	41	38
	42	39
	43	40
	44	41
	48	44
	17	18
	50	45
	19	19
	51	46
	20	20
	52	47
	53	48
	24	23
	56	49
	57	50
	60	53
	29	27
net/minecraft/client/renderer/texture/atlas/sources/PalettedPermutations	137	145
	128	136
	130	138
	136	144
	137	145
	38	33
	41	35
	42	37
	43	38
	44	39
	45	40
	46	42
	49	46
	50	47
	54	51
	55	52
	56	55
	57	56
	59	60
	60	61
	61	62
	62	63
	63	64
	66	66
	67	68
	68	69
	69	70
	72	74
	75	77
	76	78
	77	79
	80	82
	81	84
	82	85
	83	86
	84	87
	88	91
	89	92
	90	93
	91	94
	94	97
	95	98
	96	99
	97	100
	102	105
	103	106
	104	107
	105	108
	107	112
	108	115
	109	116
	110	117
	111	118
	117	124
	124	132
	125	133
	126	134
	127	135
net/minecraft/client/model/animal/camel/BabyCamelModel	78	58
	64	50
	65	50
	67	52
	68	53
	69	53
	70	53
	72	55
	73	56
	74	56
	75	56
	78	58
	15	14
	24	22
	27	25
	28	26
	30	27
	31	28
	32	28
	33	28
	35	30
	36	30
	37	30
	38	30
	40	31
	41	33
	42	34
	43	36
	44	38
	45	40
	47	42
	48	43
	49	43
	50	43
	52	45
	53	45
	54	45
	55	45
	57	46
	58	47
	59	47
	60	47
	62	49
	63	50
net/minecraft/client/gui/screens/inventory/LecternScreen	116	109
	66	58
	67	59
	68	60
	69	61
	70	62
	72	64
	74	66
	78	70
	79	71
	19	16
	83	75
	84	76
	88	80
	89	81
	26	20
	90	82
	27	21
	92	84
	31	24
	32	25
	96	89
	97	90
	34	27
	101	94
	38	31
	39	32
	105	98
	106	99
	43	35
	107	100
	110	103
	111	104
	48	40
	49	41
	50	42
	115	108
	116	109
	54	46
	55	47
	56	48
	60	52
	61	53
	62	54
net/minecraft/client/renderer/item/ItemStackRenderState	247	251
	28	30
	42	38
	43	39
	44	40
	45	41
	46	43
	47	44
	50	47
	53	50
	54	51
	58	55
	61	57
	62	58
	64	61
	65	62
	66	63
	67	64
	68	65
	71	68
	72	69
	75	72
	81	76
	85	79
	89	83
	94	87
	98	91
	99	91
	101	91
	105	95
	106	96
	107	98
	108	99
	109	100
	110	101
	111	102
	112	104
	113	105
	115	108
	117	110
	120	115
	121	116
	123	118
	126	121
	127	122
	129	125
	130	126
	131	127
	132	128
	133	129
	137	133
	138	134
	141	137
	151	147
	152	148
	153	149
	171	162
	172	163
	173	164
	174	165
	175	166
	176	167
	178	170
	179	171
	180	172
	181	173
	182	174
	183	175
	186	178
	190	182
	191	183
	194	186
	195	187
	198	190
	199	191
	202	194
	203	195
	206	198
	207	199
	210	202
	211	203
	212	204
	217	207
	221	211
	222	212
	225	215
	226	216
	228	219
	232	225
	233	226
	235	227
	236	228
	238	239
	239	240
	241	245
	242	246
	245	249
	246	250
	247	251
net/minecraft/client/gui/contextualbar/ExperienceBarRenderer	39	36
	32	28
	33	29
	36	32
	39	36
	11	11
	12	12
	17	16
	18	17
	22	21
	24	22
	25	23
	27	24
	28	25
	29	26
	31	27
net/minecraft/client/renderer/state/level/BlockOutlineRenderState	10	19
	9	18
	10	19
net/minecraft/client/model/monster/creaking/package-info	0	0
net/minecraft/client/multiplayer/chat/LoggedChatEvent	33	30
	16	15
	33	30
	23	21
	24	22
	25	23
	10	9
	28	26
	15	14
net/minecraft/client/gui/screens/dialog/input/InputControlHandler	0	0
net/minecraft/client/renderer/UniformValue	179	177
	131	148
	132	149
	136	153
	137	154
	141	158
	16	16
	146	163
	150	167
	151	168
	25	102
	26	103
	27	104
	155	172
	28	105
	156	173
	29	106
	30	107
	31	108
	160	177
	34	110
	165	82
	40	115
	169	87
	41	116
	170	88
	42	117
	174	92
	46	120
	175	93
	51	63
	179	97
	55	67
	56	68
	60	72
	61	73
	65	77
	70	44
	74	48
	75	49
	79	53
	80	54
	84	58
	89	25
	93	29
	94	30
	98	34
	99	35
	103	39
	108	125
	112	129
	113	130
	117	134
	118	135
	122	139
	127	144
net/minecraft/client/gui/screens/FaviconTexture	85	88
	65	68
	68	71
	73	76
	74	77
	75	78
	13	12
	78	81
	82	85
	83	86
	85	88
	24	21
	25	22
	26	23
	29	28
	33	35
	37	39
	38	56
	39	57
	42	41
	44	42
	45	43
	47	45
	48	46
	50	49
	51	50
	52	51
	53	52
	54	53
	56	59
	59	62
	60	63
	61	64
	62	65
	63	66
net/minecraft/client/gui/screens/dialog/body/DialogBodyHandler	0	0
net/minecraft/client/sounds/FloatSampleSource	29	29
	16	14
	17	16
	20	19
	25	24
	26	26
	29	29
net/minecraft/client/particle/FireworkParticles	352	386
	256	94
	257	95
	258	96
	260	97
	262	98
	263	99
	264	100
	267	103
	268	104
	271	107
	272	108
	276	112
	277	113
	279	115
	25	168
	283	119
	285	120
	286	122
	287	124
	288	125
	289	126
	290	127
	291	128
	292	129
	293	130
	294	131
	39	172
	296	134
	297	135
	299	137
	304	51
	305	52
	306	53
	310	57
	54	194
	55	195
	56	196
	57	197
	58	198
	315	62
	316	63
	60	199
	317	64
	61	200
	64	203
	321	68
	65	204
	67	206
	68	207
	69	208
	70	209
	71	210
	329	28
	330	29
	74	213
	334	42
	78	217
	335	43
	79	218
	336	44
	337	45
	81	219
	82	220
	83	221
	85	223
	86	224
	87	225
	88	226
	345	144
	346	145
	350	159
	94	232
	351	161
	95	233
	352	162
	97	235
	99	238
	102	241
	103	242
	104	243
	106	244
	107	245
	108	246
	109	247
	111	248
	112	249
	115	252
	116	254
	117	257
	118	260
	127	263
	136	266
	139	269
	140	270
	142	273
	143	274
	144	275
	145	276
	146	277
	147	278
	149	281
	151	283
	154	286
	155	287
	160	302
	161	303
	162	304
	163	305
	165	306
	166	307
	167	308
	169	310
	172	315
	173	316
	174	317
	176	319
	177	320
	178	321
	179	322
	180	323
	181	324
	182	325
	184	326
	186	327
	187	328
	192	333
	195	344
	196	345
	198	346
	200	347
	201	348
	202	350
	203	351
	205	352
	206	353
	208	355
	209	356
	210	357
	212	359
	213	360
	214	361
	216	362
	217	363
	219	365
	220	366
	223	370
	224	371
	227	374
	230	377
	231	378
	233	380
	234	381
	235	382
	236	383
	238	384
	240	386
	254	92
	255	93
net/minecraft/client/gui/components/FittingMultiLineTextWidget	60	60
	32	32
	36	36
	37	37
	40	40
	13	13
	45	45
	14	14
	46	46
	15	15
	47	47
	48	48
	49	49
	19	19
	20	20
	21	21
	53	53
	54	54
	25	25
	58	58
	59	59
	60	60
	29	29
	30	30
net/minecraft/client/renderer/state/gui/pip/GuiBookModelRenderState	12	34
	11	33
	12	34
net/minecraft/client/model/object/skull/DragonHeadModel	56	48
	17	15
	18	16
	19	17
	20	18
	23	21
	24	22
	26	23
	27	24
	28	26
	29	27
	30	28
	31	29
	32	30
	33	31
	34	32
	35	33
	36	34
	37	35
	40	37
	41	38
	42	38
	43	38
	46	40
	51	44
	52	45
	54	46
	55	47
	56	48
net/minecraft/client/renderer/entity/layers/FoxHeldItemLayer	68	59
	65	56
	67	57
	68	59
	15	14
	16	15
	20	25
	21	26
	22	59
	25	27
	26	28
	28	29
	30	30
	33	31
	34	32
	35	33
	39	36
	40	37
	41	38
	44	39
	45	40
	46	41
	48	43
	51	45
	52	46
	54	48
	59	51
	61	52
	62	53
net/minecraft/client/StringSplitter	421	408
	28	24
	29	25
	32	28
	33	29
	36	32
	37	33
	38	34
	39	35
	41	37
	45	41
	46	42
	47	43
	48	44
	50	46
	54	50
	55	51
	56	52
	57	53
	59	55
	67	389
	68	390
	72	393
	73	394
	74	395
	75	396
	77	398
	81	403
	85	407
	86	408
	90	59
	91	60
	92	61
	96	65
	100	69
	101	70
	102	71
	103	72
	104	73
	105	74
	108	77
	109	78
	112	80
	116	84
	118	85
	123	89
	124	90
	125	91
	126	92
	127	93
	129	96
	131	98
	132	99
	134	102
	136	105
	152	314
	153	315
	157	318
	158	319
	160	321
	162	323
	163	324
	166	326
	167	327
	168	328
	169	333
	170	333
	172	333
	175	329
	176	330
	177	331
	183	339
	184	340
	185	341
	189	345
	193	349
	197	353
	201	357
	202	358
	206	109
	207	110
	208	111
	212	115
	213	116
	214	117
	216	119
	217	120
	218	121
	219	122
	221	125
	222	126
	225	129
	227	130
	228	131
	229	132
	230	133
	231	134
	232	135
	233	136
	234	137
	236	139
	239	142
	240	143
	242	145
	243	146
	249	152
	258	156
	259	157
	260	158
	261	160
	262	161
	263	162
	264	163
	265	164
	266	165
	268	168
	269	169
	271	170
	272	171
	273	172
	274	173
	276	175
	279	178
	280	179
	281	180
	289	366
	290	367
	291	368
	295	371
	300	375
	309	240
	310	241
	311	242
	314	245
	318	249
	319	250
	320	251
	321	252
	322	254
	323	255
	324	256
	325	257
	327	258
	328	259
	329	260
	330	261
	331	262
	333	264
	334	265
	335	266
	337	269
	338	270
	342	274
	343	275
	344	285
	345	286
	347	276
	348	277
	349	278
	351	280
	358	290
	359	291
	363	295
	364	296
	365	297
	366	298
	371	184
	372	185
	373	186
	377	190
	379	191
	380	192
	381	193
	383	196
	386	198
	387	199
	388	200
	389	201
	390	203
	391	204
	392	205
	393	207
	394	208
	395	209
	397	210
	398	211
	400	212
	402	213
	403	214
	404	215
	405	216
	406	217
	407	218
	408	219
	409	220
	411	223
	415	227
	416	228
	417	229
	418	230
	419	231
	421	233
com/mojang/realmsclient/exception/package-info	0	0
net/minecraft/client/gui/spectator/categories/TeleportToPlayerMenuCategory	68	66
	64	62
	34	32
	35	33
	36	34
	68	66
	37	35
	38	36
	39	37
	43	41
	48	46
	53	51
	22	21
	54	52
	23	22
	24	23
	25	24
	58	56
	30	28
	31	29
	63	61
net/minecraft/client/renderer/entity/GoatRenderer	34	31
	16	16
	32	29
	33	30
	34	31
	20	19
	25	23
	11	11
	12	12
	30	27
	15	15
	31	28
net/minecraft/client/gui/components/debug/DebugEntryLookingAtEntity	30	32
	16	14
	20	23
	21	24
	22	25
	23	26
	24	27
	25	28
	29	31
	30	32
net/minecraft/client/gui/screens/inventory/CreativeModeInventoryScreen	1075	1025
	1026	1021
	1031	1025
	1037	871
	1038	872
	1042	875
	1043	876
	1044	877
	1045	877
	1047	878
	1052	844
	1053	845
	1054	846
	1055	847
	1057	848
	1058	849
	1059	851
	1060	852
	1061	853
	1062	854
	1064	857
	1065	858
	1066	859
	1067	860
	1068	861
	1069	862
	1070	863
	1071	864
	1073	865
	1075	867
	61	65
	62	66
	64	68
	65	68
	66	69
	67	70
	68	71
	69	72
	70	73
	71	74
	73	77
	74	77
	75	78
	76	79
	77	80
	78	81
	79	82
	80	83
	82	86
	83	86
	84	87
	85	88
	86	89
	87	90
	88	91
	89	92
	91	95
	92	95
	93	96
	94	97
	95	98
	96	99
	97	100
	98	101
	107	109
	108	110
	110	111
	130	887
	131	888
	133	889
	134	891
	135	892
	136	893
	140	897
	142	898
	143	899
	147	902
	151	906
	155	910
	159	914
	163	918
	167	922
	168	924
	169	925
	170	926
	171	927
	172	928
	174	930
	178	934
	181	937
	186	941
	187	942
	189	943
	190	944
	194	948
	199	952
	204	956
	209	960
	214	964
	215	965
	219	125
	220	126
	221	127
	222	128
	223	129
	224	130
	227	133
	231	137
	232	138
	233	139
	234	140
	235	141
	236	142
	237	143
	239	145
	244	150
	247	155
	248	156
	251	159
	252	160
	253	161
	254	162
	257	165
	261	169
	262	170
	263	171
	264	172
	266	174
	271	177
	272	178
	273	179
	277	183
	279	184
	280	185
	281	186
	282	187
	283	188
	286	191
	290	195
	291	196
	292	197
	295	200
	296	201
	297	202
	298	322
	300	203
	302	204
	303	223
	304	224
	306	227
	307	228
	308	229
	309	230
	311	232
	313	233
	314	234
	315	235
	316	236
	317	237
	318	238
	319	239
	321	240
	322	241
	323	242
	324	243
	325	244
	327	246
	328	250
	331	252
	333	253
	334	254
	336	255
	337	256
	338	257
	339	258
	342	261
	343	264
	344	265
	345	266
	346	267
	349	270
	350	273
	351	274
	352	275
	353	276
	354	277
	357	280
	360	283
	362	284
	363	285
	364	286
	366	287
	367	288
	371	291
	373	293
	375	296
	376	297
	377	298
	378	299
	382	294
	383	295
	385	301
	386	302
	387	303
	389	304
	390	305
	391	306
	393	308
	394	309
	398	310
	399	311
	400	312
	401	313
	402	314
	405	317
	410	205
	411	206
	412	207
	414	210
	415	211
	416	212
	417	213
	419	216
	420	217
	421	218
	422	219
	426	322
	429	325
	434	330
	435	331
	437	332
	438	333
	439	334
	440	335
	441	336
	442	337
	443	338
	445	339
	446	340
	447	341
	449	342
	450	343
	451	344
	452	345
	453	346
	456	349
	458	351
	462	355
	464	356
	465	357
	466	358
	468	359
	469	360
	472	363
	473	364
	474	365
	478	369
	480	370
	481	371
	483	373
	487	377
	488	378
	490	381
	491	382
	493	385
	494	386
	495	387
	496	388
	498	391
	500	393
	505	399
	506	400
	508	402
	509	402
	512	402
	517	408
	518	409
	519	410
	520	411
	521	412
	522	413
	524	415
	527	418
	528	419
	529	420
	532	421
	533	422
	536	425
	537	426
	538	427
	539	428
	542	431
	544	433
	546	433
	548	433
	553	440
	554	441
	558	445
	559	446
	561	447
	562	448
	563	449
	565	451
	566	452
	568	453
	569	455
	570	456
	571	457
	572	458
	574	460
	576	463
	580	467
	581	468
	582	469
	585	472
	588	474
	589	475
	591	477
	592	478
	593	479
	596	482
	597	483
	601	487
	602	488
	604	490
	608	494
	609	495
	610	496
	612	498
	613	499
	614	500
	618	504
	619	505
	620	506
	624	510
	629	515
	630	516
	631	517
	633	518
	635	520
	636	521
	637	522
	638	523
	643	528
	647	532
	651	536
	652	537
	654	538
	655	539
	656	540
	657	541
	658	542
	659	544
	660	545
	661	546
	662	547
	663	548
	664	549
	665	550
	667	551
	668	552
	669	553
	670	554
	672	556
	676	560
	679	563
	680	564
	683	567
	684	568
	686	569
	687	570
	689	573
	690	575
	693	578
	694	579
	695	580
	696	581
	698	582
	699	583
	700	584
	701	585
	702	586
	703	587
	704	588
	705	589
	707	591
	708	592
	709	593
	711	594
	713	595
	714	596
	716	598
	720	602
	721	603
	724	606
	725	607
	726	608
	727	609
	728	610
	729	611
	732	614
	733	615
	734	616
	735	617
	736	618
	737	619
	739	622
	741	624
	742	625
	743	626
	744	627
	747	630
	748	631
	749	632
	753	636
	754	637
	757	640
	758	641
	760	644
	761	645
	762	646
	767	651
	768	652
	769	653
	773	657
	774	658
	776	659
	777	660
	778	661
	779	662
	780	663
	786	668
	787	669
	788	670
	790	671
	791	672
	792	673
	794	674
	796	676
	801	682
	802	683
	803	685
	804	686
	809	691
	810	694
	812	696
	816	700
	821	705
	822	706
	823	707
	825	708
	826	709
	827	710
	828	711
	829	712
	832	715
	833	719
	835	720
	836	721
	837	722
	838	723
	840	725
	843	728
	844	730
	845	731
	846	732
	850	736
	853	716
	858	741
	859	743
	860	744
	861	745
	865	749
	867	752
	868	753
	869	754
	871	756
	875	760
	877	761
	878	762
	879	763
	881	764
	882	765
	883	766
	886	769
	888	770
	889	772
	891	775
	894	778
	895	779
	896	780
	898	781
	899	782
	901	785
	905	789
	906	790
	907	791
	909	793
	911	796
	915	800
	916	801
	917	802
	921	806
	922	807
	923	808
	924	809
	925	810
	928	812
	932	817
	933	818
	934	819
	935	820
	936	821
	939	823
	940	824
	942	826
	945	829
	946	830
	949	833
	951	834
	952	835
	953	836
	954	837
	957	840
	965	972
	966	973
	967	974
	971	977
	972	978
	976	981
	981	985
	986	989
	991	993
	992	994
	996	997
	997	998
	1001	1001
	1002	1002
	1006	1005
	1011	1009
	1016	1013
	1021	1017
net/minecraft/client/renderer/entity/state/ItemDisplayEntityRenderState	10	10
	10	10
net/minecraft/client/model/monster/zombie/AbstractZombieModel	18	16
	17	15
	18	16
	10	10
	11	11
	15	14
net/minecraft/client/sounds/SoundPreviewHandler	46	47
	34	35
	37	38
	38	39
	39	40
	40	41
	43	44
	46	47
	16	17
	17	18
	18	19
	19	20
	20	21
	21	22
	22	23
	23	24
	24	25
	25	26
	26	27
	27	28
	29	30
	30	31
	31	32
net/minecraft/client/model/object/banner/BannerModel	41	34
	32	28
	36	31
	37	32
	22	21
	38	32
	23	22
	41	34
	26	25
	27	26
	29	27
	30	28
	31	28
com/mojang/blaze3d/opengl/GlProgram	155	149
	131	125
	132	126
	133	127
	136	130
	137	131
	142	136
	147	141
	21	20
	151	145
	24	21
	155	149
	31	22
	40	28
	41	29
	42	30
	45	33
	46	34
	47	35
	50	38
	51	40
	52	41
	53	42
	56	45
	57	46
	58	47
	60	48
	61	49
	63	50
	64	58
	65	51
	66	52
	69	55
	73	64
	74	65
	76	67
	77	68
	78	70
	80	72
	81	73
	82	74
	84	76
	85	77
	86	78
	89	82
	90	83
	91	84
	92	85
	94	87
	95	88
	98	92
	101	93
	104	97
	105	98
	106	99
	107	100
	110	102
	111	103
	114	107
	115	109
	116	110
	117	111
	118	112
	119	113
	120	114
	121	115
	123	117
	127	121
net/minecraft/client/gui/BundleMouseActions	73	70
	64	62
	65	63
	66	64
	69	66
	72	69
	73	70
	21	19
	22	20
	23	21
	27	25
	32	30
	33	31
	34	32
	37	35
	38	36
	39	37
	40	38
	41	39
	42	40
	43	41
	46	45
	51	50
	52	51
	56	55
	57	56
	59	58
	62	61
	63	61
net/minecraft/client/renderer/entity/state/GoatRenderState	5	5
	4	4
	5	5
net/minecraft/client/multiplayer/ClientRecipeContainer	27	24
	16	15
	17	16
	18	17
	22	20
	27	24
net/minecraft/client/renderer/debug/GoalSelectorDebugRenderer	42	40
	32	30
	33	31
	34	32
	35	33
	36	34
	37	35
	38	36
	41	39
	42	40
	21	19
	22	20
	26	26
	28	27
	30	28
	31	29
net/minecraft/client/renderer/entity/state/TropicalFishRenderState	9	8
	7	6
	8	7
	9	8
net/minecraft/client/renderer/entity/FoxRenderer	84	80
	64	62
	69	66
	74	70
	75	71
	76	72
	77	73
	78	74
	79	75
	80	76
	81	77
	82	78
	83	79
	20	20
	84	80
	21	21
	22	22
	23	23
	25	24
	26	25
	27	26
	28	27
	30	30
	42	44
	44	45
	45	46
	49	49
	51	50
	52	51
	54	53
	58	56
	59	57
	60	58
	63	61
net/minecraft/client/gui/components/AbstractWidget	342	331
	258	247
	262	251
	267	256
	268	257
	272	261
	277	266
	278	267
	281	270
	285	274
	290	279
	291	280
	294	283
	295	284
	296	285
	300	289
	48	43
	304	293
	49	44
	50	45
	51	46
	52	47
	308	297
	53	48
	309	298
	310	299
	57	52
	314	303
	62	57
	318	307
	63	62
	319	308
	66	58
	67	59
	69	60
	325	314
	70	62
	73	65
	329	318
	74	66
	330	319
	331	320
	76	68
	79	71
	335	324
	80	72
	83	75
	84	76
	340	329
	341	330
	342	331
	87	79
	91	83
	97	89
	98	90
	99	91
	100	92
	101	93
	102	94
	105	97
	108	100
	111	103
	115	107
	116	108
	118	111
	119	112
	120	113
	121	114
	122	115
	123	116
	126	120
	131	125
	132	126
	133	127
	135	129
	139	134
	144	139
	145	140
	146	141
	148	143
	153	149
	154	150
	157	152
	158	152
	160	152
	165	158
	169	162
	170	163
	173	166
	174	167
	178	171
	182	175
	183	176
	186	179
	187	180
	190	183
	191	184
	194	187
	198	191
	199	192
	202	195
	207	200
	211	204
	215	208
	220	213
	226	218
	227	219
	231	223
	232	224
	234	226
	235	226
	237	226
	242	232
	243	233
	244	234
	250	239
	251	240
	252	241
	253	242
	255	244
net/minecraft/client/renderer/chunk/CompiledSectionMesh	110	110
	67	67
	72	72
	77	77
	81	81
	18	17
	85	85
	24	23
	89	89
	90	90
	93	93
	94	94
	33	31
	34	32
	98	98
	37	35
	38	36
	102	102
	39	37
	40	38
	41	39
	42	41
	43	43
	107	107
	44	44
	108	108
	109	109
	110	110
	47	47
	48	48
	52	52
	57	57
	62	62
com/mojang/blaze3d/platform/PolygonMode	0	0
net/minecraft/client/renderer/entity/layers/EnergySwirlLayer	28	38
	16	15
	20	21
	21	38
	24	22
	25	23
	27	24
	28	38
	15	14
net/minecraft/client/data/Main	56	52
	23	24
	25	25
	26	26
	27	27
	28	28
	29	29
	30	30
	32	31
	33	42
	34	44
	37	32
	38	33
	39	34
	41	35
	42	36
	44	37
	45	38
	46	39
	47	40
	48	44
	51	47
	52	48
	53	49
	54	50
	55	51
	56	52
net/minecraft/client/renderer/rendertype/package-info	0	0
net/minecraft/client/gui/components/ObjectSelectionList	80	77
	64	61
	65	62
	67	64
	74	71
	14	14
	79	76
	80	77
	17	17
	18	18
	22	22
	24	23
	27	26
	28	27
	29	28
	30	29
	32	32
	33	33
	34	34
	38	35
	39	36
	40	37
	41	38
	43	41
	44	41
	46	41
	48	43
	53	49
	54	50
	55	51
	56	52
	58	54
	59	55
	60	56
	61	57
net/minecraft/client/renderer/entity/SlimeRenderer	54	46
	33	28
	34	29
	35	30
	36	31
	37	32
	41	35
	13	13
	46	39
	16	16
	18	17
	19	18
	51	43
	52	44
	53	45
	54	46
	23	21
	29	25
	30	26
	31	27
net/minecraft/client/gui/screens/multiplayer/JoinMultiplayerScreen	254	245
	29	27
	50	43
	51	44
	52	45
	56	49
	57	50
	58	51
	60	52
	62	55
	63	56
	64	57
	65	58
	68	61
	69	63
	71	64
	72	65
	73	66
	74	67
	76	68
	77	69
	78	70
	79	71
	81	73
	82	74
	83	75
	84	76
	85	77
	86	78
	87	79
	88	80
	89	81
	91	82
	92	83
	93	84
	94	85
	96	86
	97	87
	99	88
	101	90
	102	91
	103	92
	104	93
	105	94
	106	95
	107	96
	108	97
	109	98
	110	99
	112	100
	115	103
	116	104
	117	105
	119	107
	120	108
	121	109
	122	110
	126	114
	127	115
	128	116
	130	118
	134	122
	135	123
	139	127
	141	128
	142	129
	143	130
	146	133
	147	134
	151	138
	152	139
	153	140
	155	143
	156	144
	157	145
	160	148
	161	149
	164	152
	165	153
	166	154
	167	155
	168	156
	169	157
	171	160
	172	161
	175	164
	176	165
	177	166
	178	167
	179	168
	180	169
	181	170
	182	171
	184	174
	185	175
	188	178
	189	179
	190	180
	191	181
	192	182
	194	184
	195	185
	197	188
	198	189
	200	192
	201	193
	204	196
	205	197
	206	198
	207	199
	208	200
	209	201
	211	203
	214	206
	216	208
	220	212
	221	213
	223	214
	224	215
	225	216
	227	218
	231	223
	232	224
	235	227
	236	228
	237	229
	239	230
	240	231
	241	232
	242	233
	243	234
	244	235
	247	238
	250	241
	254	245
net/minecraft/client/gui/screens/options/controls/KeyBindsList	194	193
	128	126
	132	130
	133	131
	134	132
	135	133
	137	134
	138	135
	139	136
	141	137
	143	138
	144	139
	145	140
	146	141
	148	143
	152	147
	29	26
	157	152
	30	26
	31	26
	33	27
	162	157
	35	28
	163	158
	36	29
	164	159
	37	30
	165	160
	39	32
	167	161
	40	33
	168	162
	169	163
	42	34
	170	164
	43	35
	171	165
	44	36
	173	168
	174	169
	47	39
	48	40
	49	41
	50	42
	179	174
	52	45
	180	175
	181	179
	54	47
	183	181
	57	50
	58	51
	186	184
	59	52
	187	185
	189	193
	62	55
	63	56
	194	60
	73	67
	74	71
	78	75
	79	76
	80	77
	84	81
	89	86
	95	91
	99	99
	109	108
	110	109
	112	110
	113	111
	114	112
	115	113
	116	116
	117	117
	119	118
	121	120
	123	121
	124	122
	125	123
	126	124
	127	125
net/minecraft/client/renderer/RenderPipelines	797	831
	26	826
	27	827
	31	831
	34	29
	35	30
	36	31
	37	32
	39	36
	40	36
	41	36
	43	40
	44	40
	45	40
	47	44
	48	44
	50	48
	51	49
	52	50
	54	54
	55	55
	56	56
	57	57
	58	58
	59	59
	61	63
	62	64
	63	65
	64	66
	65	67
	66	68
	68	72
	69	73
	70	74
	71	75
	73	79
	74	80
	75	81
	76	82
	77	83
	78	84
	79	85
	80	86
	82	90
	83	91
	84	92
	85	93
	86	94
	87	95
	88	96
	89	97
	91	101
	92	102
	93	103
	94	104
	95	105
	96	106
	97	107
	99	111
	100	112
	101	113
	102	114
	103	115
	104	116
	105	117
	106	118
	108	122
	109	123
	110	124
	111	125
	112	126
	114	130
	115	131
	116	132
	117	133
	118	134
	119	135
	120	136
	121	137
	123	141
	124	142
	125	143
	126	144
	127	145
	128	146
	129	147
	130	148
	131	149
	133	153
	134	154
	135	155
	136	156
	137	157
	138	158
	139	159
	140	160
	142	164
	143	165
	144	166
	145	167
	146	168
	147	169
	148	170
	150	174
	151	175
	152	176
	153	177
	154	178
	155	179
	156	180
	157	181
	159	185
	160	186
	161	187
	162	188
	164	192
	165	193
	166	194
	167	195
	168	196
	169	197
	171	201
	172	202
	173	203
	174	204
	175	205
	176	206
	177	207
	179	211
	180	211
	181	211
	183	215
	184	216
	185	217
	186	218
	187	219
	188	220
	190	221
	191	222
	192	223
	194	224
	195	224
	196	224
	198	225
	199	225
	200	225
	202	226
	203	227
	204	227
	205	227
	207	229
	208	230
	209	230
	210	230
	212	232
	213	233
	214	233
	215	233
	217	235
	218	237
	219	238
	220	239
	221	240
	223	242
	224	244
	225	245
	226	246
	227	247
	228	248
	230	250
	231	252
	232	253
	233	254
	234	255
	235	256
	236	257
	238	259
	239	261
	240	262
	241	263
	242	264
	243	265
	244	266
	245	267
	247	269
	248	271
	249	272
	250	273
	251	274
	252	275
	253	276
	254	277
	256	279
	257	280
	258	280
	259	280
	261	282
	262	283
	263	283
	264	283
	266	285
	267	286
	268	286
	269	286
	270	286
	272	288
	273	290
	274	291
	275	292
	276	293
	277	294
	278	295
	280	297
	281	299
	282	300
	283	301
	284	302
	285	303
	286	304
	288	306
	289	308
	290	309
	291	310
	292	311
	293	312
	294	313
	295	314
	296	315
	298	317
	299	319
	300	320
	301	321
	302	322
	303	323
	304	324
	305	325
	307	327
	308	329
	309	330
	310	331
	311	332
	312	333
	313	334
	314	335
	315	336
	317	338
	318	340
	319	341
	320	342
	321	343
	322	344
	324	346
	325	348
	326	349
	327	350
	328	351
	329	352
	331	354
	332	356
	333	357
	334	358
	335	359
	336	360
	338	362
	339	364
	340	365
	341	366
	342	367
	343	368
	344	369
	345	370
	346	371
	348	373
	349	375
	350	376
	351	377
	352	378
	353	379
	354	380
	355	381
	356	382
	357	383
	358	384
	359	385
	360	386
	361	387
	362	388
	364	390
	365	392
	366	393
	367	394
	368	395
	369	396
	370	397
	371	398
	372	399
	373	400
	374	401
	375	402
	377	404
	378	406
	379	407
	380	408
	381	409
	382	410
	383	411
	384	412
	385	413
	387	415
	388	416
	389	416
	390	416
	392	418
	393	420
	394	421
	395	422
	396	423
	398	425
	399	426
	400	426
	402	428
	403	430
	404	431
	405	432
	406	433
	408	435
	409	437
	410	438
	411	439
	412	440
	413	441
	414	442
	415	443
	416	444
	418	446
	419	448
	420	449
	421	450
	422	451
	423	452
	424	453
	425	454
	427	456
	428	458
	429	459
	430	460
	431	461
	432	462
	433	463
	434	464
	435	465
	436	466
	438	468
	439	470
	440	471
	441	472
	442	473
	443	474
	444	475
	445	476
	446	477
	448	479
	449	481
	450	482
	451	483
	452	484
	453	485
	454	486
	456	488
	457	490
	458	491
	459	492
	460	493
	461	494
	462	495
	464	497
	465	499
	466	500
	467	501
	468	502
	469	503
	470	504
	472	506
	473	508
	474	509
	475	510
	476	511
	477	512
	478	513
	479	514
	481	516
	482	518
	483	519
	484	520
	485	521
	486	522
	487	523
	489	525
	490	527
	491	528
	492	529
	493	530
	494	531
	495	532
	496	533
	498	535
	499	537
	500	538
	501	539
	502	540
	503	541
	504	542
	506	544
	507	546
	508	547
	509	548
	510	549
	511	550
	512	551
	514	553
	515	555
	516	556
	517	557
	518	558
	519	559
	520	560
	522	562
	523	564
	524	565
	525	566
	526	567
	527	568
	528	569
	529	570
	531	572
	532	574
	533	575
	534	576
	535	577
	536	578
	537	579
	538	580
	540	582
	541	584
	542	585
	543	586
	544	587
	545	588
	546	589
	547	590
	549	592
	550	593
	551	593
	552	593
	554	595
	555	596
	556	596
	557	596
	559	598
	560	598
	561	598
	562	598
	564	599
	565	599
	566	599
	568	600
	569	600
	570	600
	572	601
	573	603
	574	604
	575	605
	577	607
	578	609
	579	610
	580	611
	582	613
	583	615
	584	616
	585	617
	586	618
	588	620
	589	622
	590	623
	591	624
	592	625
	593	626
	594	627
	595	628
	597	630
	598	630
	599	630
	601	631
	602	632
	603	632
	604	632
	606	634
	607	636
	608	637
	609	638
	610	639
	612	641
	613	643
	614	644
	615	645
	616	646
	617	647
	618	648
	619	649
	620	650
	621	651
	623	653
	624	653
	625	653
	627	654
	628	656
	629	657
	630	658
	632	660
	633	660
	634	660
	636	661
	637	663
	638	664
	639	665
	641	667
	642	669
	643	670
	644	671
	645	672
	646	673
	648	675
	649	677
	650	678
	651	679
	652	680
	653	681
	654	682
	655	683
	657	685
	658	687
	659	688
	660	689
	661	690
	662	691
	663	692
	665	694
	666	696
	667	697
	668	698
	669	699
	670	700
	671	701
	673	703
	674	705
	675	706
	676	707
	677	708
	678	709
	679	710
	680	711
	682	713
	683	713
	684	713
	686	714
	687	715
	688	715
	689	715
	691	717
	692	718
	693	718
	694	718
	696	720
	697	720
	698	720
	700	721
	701	723
	702	724
	703	725
	705	727
	706	728
	707	728
	709	730
	710	731
	711	731
	713	733
	714	735
	715	736
	716	737
	718	739
	719	741
	720	742
	721	743
	723	745
	724	747
	725	748
	726	749
	728	751
	729	752
	730	752
	731	752
	733	754
	734	756
	735	757
	736	758
	738	760
	739	762
	740	763
	741	764
	742	765
	743	766
	744	767
	745	768
	747	770
	748	772
	749	773
	750	774
	751	775
	752	776
	753	777
	755	779
	756	781
	757	782
	758	783
	759	784
	760	785
	761	786
	763	788
	764	788
	765	788
	767	789
	768	790
	769	790
	770	790
	772	792
	773	794
	774	795
	775	796
	776	797
	777	798
	778	799
	780	801
	781	802
	782	803
	783	804
	784	805
	786	806
	787	808
	788	809
	789	810
	790	811
	792	813
	793	815
	794	816
	795	817
	796	818
	797	819
net/minecraft/client/renderer/item/properties/conditional/CustomModelDataProperty	30	29
	16	16
	17	16
	21	23
	22	24
	23	24
	25	24
	30	29
	15	15
net/minecraft/client/gui/components/PopupScreen	162	174
	129	141
	130	142
	131	143
	134	146
	135	147
	139	151
	140	152
	144	156
	145	157
	19	18
	149	161
	150	162
	154	166
	155	167
	159	171
	160	172
	162	174
	37	42
	38	43
	39	44
	40	45
	41	46
	42	47
	43	48
	44	49
	48	53
	49	54
	50	55
	52	57
	56	61
	57	62
	59	65
	60	66
	61	67
	62	68
	64	71
	65	72
	67	73
	68	74
	69	75
	72	78
	73	79
	74	80
	75	81
	76	83
	77	84
	79	87
	84	92
	85	93
	87	96
	88	97
	89	98
	93	102
	94	103
	95	104
	96	105
	97	106
	98	107
	100	109
	103	112
	104	115
	108	119
	113	124
	114	125
	116	128
	117	129
net/minecraft/client/gui/render/pip/GuiSkinRenderer	50	41
	32	27
	33	28
	34	29
	35	30
	37	31
	39	32
	41	33
	42	34
	43	35
	45	36
	46	37
	50	41
	19	16
	20	17
	24	21
	29	25
	31	26
com/mojang/realmsclient/gui/screens/RealmsResetWorldScreen	229	279
	39	37
	41	38
	42	39
	44	40
	45	41
	47	42
	48	43
	49	44
	51	45
	52	46
	54	47
	55	48
	56	49
	57	50
	64	55
	65	56
	66	57
	67	58
	68	59
	69	60
	83	79
	84	80
	87	92
	88	93
	89	94
	90	95
	91	96
	92	97
	93	98
	94	99
	95	100
	98	106
	102	118
	106	123
	111	129
	112	130
	113	131
	114	132
	116	133
	119	136
	121	139
	122	140
	123	141
	124	142
	125	143
	126	144
	127	145
	128	146
	129	147
	130	148
	131	149
	132	150
	134	152
	135	153
	137	154
	138	155
	139	156
	140	157
	141	162
	143	165
	144	170
	146	173
	147	178
	150	182
	152	183
	153	188
	155	192
	156	197
	158	201
	159	206
	162	210
	164	211
	165	212
	166	213
	170	217
	171	218
	175	222
	180	227
	181	228
	184	231
	185	232
	186	233
	188	236
	189	237
	192	240
	193	241
	194	242
	196	245
	197	246
	199	249
	200	250
	201	251
	204	254
	211	261
	212	262
	213	263
	217	267
	218	268
	219	269
	220	270
	222	273
	223	274
	224	275
	225	276
	227	277
	228	278
	229	279
net/minecraft/client/particle/HugeExplosionSeedParticle	31	41
	10	10
	11	11
	12	12
	16	16
	17	17
	18	18
	19	19
	20	20
	22	23
	23	24
	24	25
	26	27
	31	41
net/minecraft/client/renderer/entity/WolfRenderer	55	45
	35	27
	40	31
	45	35
	46	36
	47	37
	48	38
	17	16
	49	39
	50	40
	19	17
	51	41
	20	18
	52	42
	21	19
	53	43
	54	44
	55	45
	26	22
	27	23
	28	23
	30	23
net/minecraft/client/renderer/texture/package-info	0	0
net/minecraft/client/PeriodicNotificationManager	176	163
	142	130
	143	131
	144	132
	145	133
	148	136
	150	137
	155	142
	156	143
	158	145
	31	36
	159	146
	32	38
	33	39
	34	40
	35	41
	163	147
	36	43
	164	148
	38	47
	166	149
	167	152
	168	153
	170	155
	171	156
	173	159
	47	54
	48	55
	176	163
	49	56
	53	59
	54	60
	55	61
	56	62
	58	63
	63	70
	64	72
	65	73
	66	74
	67	75
	69	76
	70	77
	71	96
	74	78
	75	79
	76	80
	77	96
	80	82
	81	83
	83	84
	84	85
	87	88
	88	89
	90	91
	93	94
	94	96
	98	100
	99	101
	102	104
	103	105
	105	107
	108	110
	109	110
	110	111
	111	112
	113	113
	114	113
	118	117
	119	117
	120	117
	121	117
net/minecraft/client/gui/navigation/ScreenRectangle	135	119
	128	114
	129	115
	130	116
	131	117
	132	118
	133	119
	134	119
	135	119
	9	9
	12	12
	13	13
	16	16
	20	22
	21	23
	22	24
	27	29
	31	33
	32	34
	33	35
	38	40
	39	41
	40	41
	42	41
	46	45
	48	46
	49	47
	50	48
	52	49
	56	53
	60	57
	61	58
	62	59
	63	60
	64	61
	68	65
	72	69
	73	70
	74	71
	75	72
	76	73
	77	73
	79	73
	83	77
	84	77
	85	77
	86	77
	90	81
	94	85
	98	89
	102	93
	106	97
	110	101
	115	105
	116	106
	117	107
	118	107
	119	107
	125	111
	126	112
	127	113
net/minecraft/client/renderer/entity/UndeadHorseRenderer	79	66
	64	57
	67	58
	68	58
	77	64
	78	65
	79	66
	21	26
	22	26
	23	26
	26	27
	27	28
	29	29
	31	34
	32	35
	36	39
	38	41
	39	41
	42	44
	46	47
	51	51
	55	55
	56	55
	59	56
	60	56
	63	57
net/minecraft/client/gui/screens/advancements/AdvancementTab	209	213
	128	131
	129	132
	130	133
	135	138
	136	139
	138	141
	140	143
	143	146
	147	150
	148	151
	149	152
	151	155
	152	156
	153	160
	154	155
	156	157
	158	163
	162	167
	163	168
	165	171
	166	172
	168	174
	43	49
	171	177
	44	50
	45	51
	46	52
	47	53
	175	181
	48	54
	49	55
	50	56
	51	57
	179	185
	52	58
	180	186
	53	59
	181	190
	56	62
	184	187
	185	188
	186	190
	60	66
	189	193
	190	194
	191	195
	64	70
	192	196
	193	197
	194	198
	195	199
	68	74
	196	200
	197	201
	199	203
	72	78
	200	204
	202	206
	76	82
	77	83
	205	209
	78	84
	79	85
	80	86
	209	213
	82	88
	85	91
	86	92
	89	95
	90	96
	91	97
	92	98
	95	101
	96	102
	97	103
	99	104
	100	105
	101	106
	102	107
	103	108
	105	110
	106	111
	107	112
	111	116
	112	117
	113	118
	115	119
	116	120
	117	121
	120	124
	122	125
	123	126
	124	127
	125	128
	126	129
	127	130
net/minecraft/client/player/AbstractClientPlayer	122	114
	64	59
	69	64
	74	68
	75	69
	76	70
	80	73
	81	74
	82	75
	86	79
	87	82
	89	80
	28	25
	92	85
	93	86
	30	26
	31	27
	96	89
	98	90
	35	30
	99	91
	36	31
	102	94
	103	95
	40	35
	104	96
	41	36
	105	97
	43	39
	108	100
	109	101
	110	102
	111	103
	48	43
	112	104
	49	44
	113	105
	50	45
	53	48
	117	109
	54	49
	58	53
	122	114
	63	58
net/minecraft/client/KeyboardHandler	701	708
	513	537
	514	538
	515	539
	516	540
	517	541
	518	542
	519	543
	520	544
	525	548
	527	549
	529	551
	530	550
	532	553
	533	553
	537	554
	538	555
	540	557
	542	559
	543	559
	546	560
	549	563
	550	564
	551	601
	554	566
	555	567
	556	568
	557	569
	558	570
	559	571
	560	572
	561	572
	562	573
	563	574
	564	575
	570	580
	571	581
	574	584
	575	585
	576	586
	577	587
	67	63
	581	591
	583	592
	584	593
	74	74
	586	595
	75	75
	587	596
	590	601
	593	604
	594	618
	596	605
	85	78
	597	606
	598	618
	87	80
	88	81
	601	608
	90	84
	602	609
	91	85
	603	610
	92	86
	604	611
	605	612
	94	106
	606	613
	95	107
	607	614
	96	108
	609	618
	98	110
	99	111
	612	621
	101	114
	613	628
	102	115
	103	116
	616	622
	105	88
	617	623
	106	89
	618	624
	107	90
	619	628
	109	118
	621	625
	110	119
	622	628
	111	120
	113	122
	625	631
	114	123
	626	632
	116	126
	118	128
	630	636
	119	129
	631	637
	632	638
	121	132
	633	639
	122	133
	634	640
	123	134
	636	643
	125	136
	637	644
	126	137
	638	645
	127	138
	640	647
	129	104
	643	650
	645	651
	134	143
	646	652
	135	144
	647	653
	649	654
	138	147
	650	655
	139	148
	651	656
	140	149
	653	657
	654	658
	143	152
	655	659
	656	659
	658	660
	147	159
	148	160
	661	663
	662	664
	151	163
	663	665
	152	164
	665	667
	155	167
	156	168
	669	671
	670	672
	159	171
	160	172
	672	674
	163	175
	675	677
	164	176
	676	678
	677	679
	678	680
	167	179
	679	681
	168	180
	680	682
	681	683
	171	183
	683	686
	172	184
	684	687
	685	688
	174	189
	686	689
	175	190
	687	690
	689	693
	178	186
	690	694
	179	187
	691	695
	692	697
	693	698
	695	701
	184	194
	185	195
	697	704
	186	196
	698	705
	187	197
	188	198
	189	199
	701	708
	192	202
	193	202
	194	203
	195	204
	196	205
	200	208
	201	209
	202	210
	205	213
	206	213
	207	214
	208	215
	209	216
	213	219
	214	220
	215	221
	216	222
	217	223
	220	226
	221	227
	222	228
	224	231
	227	234
	228	235
	229	236
	230	237
	231	238
	233	240
	234	241
	236	244
	239	247
	240	248
	241	249
	243	251
	245	254
	248	257
	249	258
	250	259
	251	260
	252	261
	253	262
	255	265
	257	268
	260	271
	261	272
	262	273
	263	274
	264	275
	267	278
	268	279
	269	280
	270	281
	272	282
	273	283
	274	284
	276	285
	277	286
	280	289
	281	290
	282	291
	283	292
	286	295
	287	296
	288	297
	290	304
	293	307
	294	307
	295	308
	296	309
	297	321
	301	324
	302	325
	303	326
	304	327
	307	330
	308	331
	309	332
	312	335
	313	336
	314	337
	317	340
	318	341
	319	342
	322	345
	323	346
	324	347
	327	350
	331	354
	332	355
	333	413
	336	356
	338	358
	339	359
	340	360
	342	361
	343	362
	344	363
	345	364
	346	365
	347	366
	349	368
	350	369
	351	370
	352	371
	355	374
	356	375
	361	379
	362	380
	363	381
	364	382
	365	383
	366	384
	367	385
	368	386
	370	388
	371	391
	372	392
	373	393
	374	404
	375	405
	378	408
	379	409
	386	413
	389	416
	390	417
	391	418
	393	421
	394	422
	395	423
	399	427
	400	428
	401	429
	402	430
	403	431
	405	433
	407	436
	408	437
	411	440
	412	441
	413	601
	416	442
	419	443
	420	444
	421	445
	422	446
	423	447
	424	448
	425	449
	427	451
	428	452
	429	453
	430	454
	431	455
	438	458
	440	459
	441	460
	443	472
	444	462
	448	476
	449	476
	450	477
	451	478
	452	479
	453	480
	454	481
	455	482
	456	483
	458	486
	459	489
	460	490
	461	491
	463	493
	465	496
	470	500
	471	501
	472	502
	474	503
	475	504
	476	505
	477	506
	478	507
	479	508
	483	512
	491	516
	494	518
	495	527
	496	528
	499	529
	500	530
	501	531
	503	534
	505	519
	506	519
	507	520
	508	521
	510	524
net/minecraft/client/gui/render/pip/GuiBannerResultRenderer	47	52
	34	29
	35	30
	36	31
	37	32
	39	33
	40	35
	42	47
	43	48
	47	52
	23	19
	24	20
	25	21
	29	25
net/minecraft/client/resources/model/sprite/MaterialBaker	13	13
	12	12
	13	13
net/minecraft/client/renderer/fog/environment/BlindnessFogEnvironment	44	45
	32	32
	36	36
	37	37
	38	38
	39	39
	41	41
	44	45
	17	17
	22	22
	23	23
	24	24
	25	25
	26	26
	27	27
	28	28
	29	29
net/minecraft/client/renderer/entity/BoatRenderer	35	39
	32	34
	33	35
	35	39
	20	20
	21	21
	22	22
	23	23
	27	27
net/minecraft/client/renderer/fog/environment/AtmosphericFogEnvironment	119	98
	31	27
	33	28
	34	29
	35	30
	36	31
	37	32
	38	33
	39	34
	40	35
	41	36
	42	37
	47	42
	48	43
	50	44
	51	44
	54	45
	55	46
	57	47
	59	47
	63	51
	64	52
	65	53
	66	54
	68	57
	69	58
	71	61
	76	66
	78	67
	79	68
	80	69
	82	70
	85	71
	86	72
	88	73
	90	73
	92	74
	93	75
	94	75
	98	77
	99	78
	100	79
	101	80
	102	81
	104	83
	107	86
	108	87
	109	88
	110	89
	111	90
	112	91
	113	92
	114	93
	115	94
	119	98
net/minecraft/client/gui/screens/achievement/StatsScreen	632	617
	512	378
	513	379
	514	380
	518	384
	519	385
	520	386
	521	387
	522	388
	523	389
	524	390
	525	391
	526	392
	527	393
	528	394
	529	395
	531	396
	532	397
	534	398
	535	399
	537	401
	541	405
	546	410
	553	417
	554	421
	555	424
	556	425
	557	426
	561	430
	562	431
	563	432
	564	433
	54	53
	56	54
	57	55
	58	56
	59	57
	571	540
	61	58
	573	542
	62	59
	574	543
	63	60
	575	544
	64	61
	65	62
	578	547
	582	551
	73	66
	587	556
	591	560
	82	72
	84	73
	85	74
	86	75
	90	79
	602	570
	91	80
	92	81
	604	571
	93	82
	605	572
	94	83
	606	573
	95	84
	607	574
	96	86
	97	87
	609	576
	98	88
	610	577
	100	89
	101	90
	613	580
	102	91
	614	581
	103	92
	615	582
	104	93
	616	583
	105	94
	106	95
	618	585
	107	96
	619	586
	108	97
	109	98
	621	588
	110	99
	113	102
	625	592
	114	103
	626	593
	115	104
	627	594
	628	595
	117	107
	118	108
	632	599
	122	113
	123	114
	124	115
	125	116
	126	117
	127	118
	128	119
	129	120
	131	122
	134	125
	135	134
	137	126
	138	127
	139	128
	140	129
	142	131
	144	134
	148	138
	149	147
	151	139
	153	140
	154	141
	155	142
	156	143
	157	144
	158	145
	159	147
	163	151
	164	151
	166	151
	171	156
	172	157
	173	158
	177	162
	178	163
	179	164
	183	168
	184	169
	190	608
	191	609
	192	610
	193	611
	197	615
	198	616
	199	617
	204	177
	206	178
	207	179
	208	181
	209	182
	211	184
	215	188
	220	193
	224	197
	231	204
	232	205
	233	206
	236	209
	241	214
	242	215
	243	216
	244	217
	245	218
	246	219
	247	220
	251	225
	257	172
	278	245
	280	246
	281	247
	282	248
	284	249
	285	251
	286	252
	288	254
	289	255
	290	256
	294	260
	295	261
	299	265
	300	266
	302	268
	303	269
	304	270
	308	274
	309	275
	313	279
	314	280
	315	281
	316	283
	317	284
	320	287
	324	291
	327	294
	332	299
	336	303
	340	307
	341	308
	342	309
	344	312
	345	313
	346	313
	348	313
	352	317
	353	318
	354	319
	355	320
	356	321
	358	323
	359	324
	362	327
	363	328
	366	331
	367	332
	368	333
	369	335
	370	336
	372	338
	375	341
	376	342
	377	343
	378	344
	380	346
	381	347
	388	514
	389	515
	393	518
	394	519
	395	520
	396	521
	397	522
	398	523
	399	524
	401	526
	402	527
	403	528
	406	531
	407	532
	410	533
	416	352
	426	442
	427	443
	428	444
	431	447
	436	452
	437	453
	439	454
	440	455
	441	457
	443	459
	444	460
	446	462
	448	465
	450	468
	451	469
	452	473
	454	477
	457	480
	458	481
	459	482
	463	486
	468	491
	473	496
	474	497
	478	501
	479	502
	480	503
	484	507
	485	508
	490	358
	491	359
	492	360
	493	361
	494	362
	495	363
	507	373
	508	374
	509	375
	510	376
	511	377
net/minecraft/client/renderer/entity/layers/WitchItemLayer	28	27
	11	11
	12	12
	16	15
	17	16
	18	17
	19	18
	20	19
	21	20
	22	21
	23	22
	24	23
	25	27
	27	25
	28	27
net/minecraft/client/particle/NoRenderParticle	16	16
	16	16
	7	7
	8	8
	11	11
	12	12
net/minecraft/client/telemetry/TelemetryEventLog	38	36
	20	18
	36	34
	21	19
	37	35
	22	20
	38	36
	25	23
	27	25
	28	26
	29	27
	14	13
	31	29
net/minecraft/client/model/animal/turtle/BabyTurtleModel	53	33
	15	13
	16	14
	19	17
	20	18
	22	19
	23	19
	24	19
	25	19
	27	20
	28	20
	29	20
	30	20
	32	21
	33	22
	34	22
	35	22
	37	24
	38	25
	39	25
	40	25
	42	27
	43	28
	44	28
	45	28
	47	30
	48	31
	49	31
	50	31
	53	33
net/minecraft/client/gui/screens/inventory/SignEditScreen	49	48
	36	36
	37	44
	39	37
	40	38
	41	39
	42	40
	43	41
	44	42
	45	44
	14	15
	49	48
	18	19
	19	20
	23	24
	25	25
	26	26
	27	27
	31	31
net/minecraft/client/gui/components/AbstractStringWidget	71	71
	65	65
	66	66
	67	67
	70	70
	71	71
	19	18
	20	19
	21	20
	28	27
	29	28
	30	29
	32	31
	35	34
	37	37
	38	38
	42	42
	43	43
	44	44
	45	45
	46	46
	47	47
	48	48
	52	52
	53	53
	57	57
	60	60
net/minecraft/client/resources/server/DownloadedPackSource	447	419
	256	236
	260	236
	263	237
	265	238
	266	239
	267	240
	268	241
	269	242
	271	245
	274	248
	279	252
	283	256
	284	256
	286	256
	290	260
	291	261
	292	262
	293	263
	295	264
	296	265
	298	266
	299	267
	300	268
	301	269
	305	273
	50	56
	306	274
	307	275
	52	57
	54	58
	310	278
	311	279
	312	280
	57	60
	313	281
	314	282
	315	283
	317	286
	319	288
	66	64
	322	291
	67	65
	323	292
	324	293
	325	294
	71	69
	72	70
	328	296
	331	299
	332	300
	333	301
	336	303
	339	306
	340	306
	342	306
	346	310
	347	311
	348	312
	94	82
	351	315
	96	85
	352	316
	97	86
	98	87
	355	319
	356	320
	101	90
	102	91
	103	91
	359	323
	360	324
	363	327
	108	94
	109	95
	366	330
	367	332
	368	333
	113	99
	369	334
	114	100
	371	336
	116	101
	372	337
	117	101
	120	102
	376	341
	377	343
	378	344
	123	105
	379	345
	380	346
	381	347
	382	348
	384	350
	385	351
	133	115
	134	116
	390	356
	391	357
	392	358
	137	119
	393	360
	138	120
	394	363
	395	366
	140	122
	397	368
	142	125
	143	126
	400	371
	401	372
	402	373
	147	129
	403	374
	148	130
	149	131
	150	132
	406	377
	151	133
	407	378
	410	381
	155	136
	411	382
	156	137
	157	138
	158	139
	414	385
	415	386
	416	387
	162	142
	163	143
	419	390
	164	144
	420	391
	168	147
	424	395
	169	148
	425	396
	170	149
	426	397
	427	398
	172	151
	429	400
	175	154
	176	155
	432	404
	177	156
	433	405
	178	157
	179	158
	435	407
	181	160
	439	411
	184	163
	440	412
	441	413
	442	414
	189	168
	446	418
	447	419
	192	170
	195	173
	196	174
	197	176
	198	178
	199	180
	200	182
	201	184
	202	186
	207	192
	211	193
	213	193
	216	196
	217	197
	222	202
	228	208
	229	209
	230	210
	231	211
	233	213
	236	216
	237	217
	238	218
	240	221
	241	222
	246	227
	250	231
	252	233
	253	234
	254	235
net/minecraft/client/model/animal/panda/PandaModel	126	113
	18	15
	19	16
	22	19
	23	20
	25	21
	26	23
	27	24
	28	26
	29	28
	30	30
	31	32
	33	34
	34	36
	35	36
	36	37
	39	39
	40	40
	41	41
	42	41
	43	42
	44	43
	45	44
	46	45
	48	46
	53	50
	55	51
	56	52
	57	53
	59	54
	60	55
	62	57
	65	60
	66	61
	67	62
	68	63
	69	64
	70	65
	74	69
	75	70
	77	71
	78	72
	80	73
	81	74
	84	77
	85	78
	86	79
	87	80
	90	83
	91	84
	92	85
	93	86
	96	89
	97	90
	98	91
	99	92
	100	93
	102	94
	105	97
	106	98
	108	99
	109	100
	110	101
	111	102
	113	104
	116	107
	117	108
	120	109
	121	110
	124	111
	125	112
	126	113
com/mojang/realmsclient/gui/screens/RealmsSelectFileToUploadScreen	107	111
	64	66
	65	67
	66	68
	67	69
	70	72
	71	73
	72	75
	74	77
	76	78
	77	80
	78	81
	79	82
	83	86
	20	19
	84	87
	22	20
	86	90
	23	21
	87	91
	91	95
	92	96
	95	99
	96	100
	98	102
	101	105
	102	106
	40	34
	41	35
	42	36
	106	110
	43	37
	107	111
	44	38
	45	39
	49	43
	50	44
	51	45
	52	46
	53	47
	54	48
	55	49
	57	51
	60	55
	61	57
	62	62
	63	64
net/minecraft/client/renderer/state/package-info	0	0
net/minecraft/client/resources/IndexedAssetSource	51	48
	32	31
	33	32
	34	33
	35	34
	37	35
	38	36
	39	37
	40	38
	42	39
	45	42
	46	43
	47	44
	48	45
	51	48
	21	21
	22	22
	25	25
	27	26
	29	27
	30	29
	31	30
net/minecraft/client/model/animal/cow/CowModel	62	59
	19	16
	23	20
	24	21
	27	24
	28	25
	32	29
	33	30
	35	31
	36	33
	37	34
	38	36
	39	38
	40	40
	41	42
	43	44
	44	46
	45	46
	46	46
	47	47
	50	49
	51	49
	52	50
	53	50
	54	51
	55	52
	56	53
	57	54
	58	55
	62	59
net/minecraft/client/model/monster/slime/SlimeModel	56	31
	32	25
	33	26
	35	27
	36	27
	37	27
	40	28
	41	28
	42	28
	45	29
	46	29
	15	14
	47	29
	16	15
	50	30
	19	18
	51	30
	20	19
	52	30
	22	20
	23	20
	24	20
	56	31
	28	21
com/mojang/blaze3d/platform/package-info	0	0
net/minecraft/client/gui/components/toasts/ToastManager	270	270
	256	257
	257	258
	258	259
	260	261
	263	264
	264	270
	266	265
	267	266
	268	267
	269	268
	270	270
	39	34
	40	35
	41	36
	44	39
	45	40
	46	41
	47	42
	49	43
	50	44
	51	45
	54	48
	55	49
	56	50
	58	52
	61	55
	62	56
	63	57
	64	58
	65	59
	66	60
	68	63
	69	64
	70	65
	71	66
	72	67
	74	70
	78	74
	79	75
	80	76
	82	78
	85	81
	86	97
	88	82
	89	83
	90	84
	92	87
	93	88
	95	91
	96	94
	98	97
	101	100
	102	101
	103	103
	104	104
	105	105
	106	106
	107	107
	111	112
	115	116
	120	120
	121	121
	122	122
	125	126
	126	127
	127	128
	130	132
	134	136
	135	137
	136	138
	137	139
	140	142
	141	143
	144	146
	145	147
	146	148
	148	150
	151	153
	152	154
	154	156
	157	159
	161	163
	165	167
	166	170
	168	172
	171	175
	172	186
	173	177
	175	180
	176	181
	177	182
	181	188
	198	203
	199	204
	200	205
	201	206
	202	207
	205	210
	209	214
	210	215
	211	216
	212	217
	213	218
	214	219
	215	220
	218	223
	222	227
	223	228
	224	229
	225	230
	227	232
	229	234
	232	237
	234	238
	235	239
	236	240
	239	243
	240	244
	243	247
	244	248
	246	249
	248	250
	250	251
	252	252
	253	253
	255	256
net/minecraft/client/renderer/Projection	78	111
	64	72
	70	87
	9	8
	73	91
	74	95
	75	99
	76	103
	77	107
	78	111
	20	17
	23	20
	24	34
	26	26
	27	27
	28	28
	29	29
	30	30
	31	31
	32	32
	33	34
	36	37
	37	52
	39	43
	40	44
	41	45
	42	46
	43	47
	44	48
	45	49
	46	50
	47	52
	50	55
	51	56
	52	57
	53	58
	56	61
	57	62
	59	65
	60	66
	61	67
	62	68
net/minecraft/client/gui/screens/recipebook/RecipeButton	191	176
	129	117
	132	120
	136	124
	140	128
	141	129
	146	133
	147	134
	148	135
	149	136
	150	137
	26	23
	154	141
	27	24
	155	142
	28	25
	156	143
	29	26
	158	146
	32	29
	163	151
	164	152
	165	153
	166	153
	167	153
	42	37
	170	155
	43	38
	44	39
	172	157
	47	42
	176	161
	49	43
	50	46
	51	47
	53	48
	181	166
	54	52
	55	53
	56	54
	58	56
	186	171
	187	172
	61	59
	62	60
	190	175
	191	176
	64	61
	67	64
	69	66
	70	67
	72	68
	73	69
	76	73
	80	77
	86	83
	87	84
	88	85
	90	87
	93	89
	94	90
	96	92
	100	95
	101	96
	102	97
	104	98
	105	99
	106	100
	107	101
	109	102
	112	105
	114	106
	115	107
	119	108
	120	109
	121	110
	124	113
	126	114
	127	115
net/minecraft/client/gui/screens/inventory/tooltip/ClientTooltipPositioner	0	0
net/minecraft/client/gui/screens/reporting/ChatSelectionScreen	441	423
	260	264
	283	291
	284	292
	285	293
	287	294
	288	295
	289	296
	290	298
	291	299
	292	300
	294	302
	295	303
	41	39
	297	306
	42	40
	298	307
	43	41
	302	311
	303	312
	306	315
	307	316
	308	317
	310	318
	311	319
	58	54
	314	322
	59	55
	315	323
	60	56
	316	324
	61	57
	62	58
	63	59
	319	327
	320	328
	321	329
	67	63
	323	330
	324	335
	69	64
	70	65
	327	338
	72	66
	73	66
	74	66
	330	341
	331	342
	76	67
	332	343
	77	68
	333	344
	78	69
	79	70
	80	71
	336	347
	337	348
	82	72
	83	73
	84	74
	341	352
	87	77
	346	357
	91	81
	92	82
	93	83
	351	362
	96	86
	352	363
	97	87
	100	90
	101	91
	357	368
	358	368
	360	368
	105	95
	106	96
	108	97
	365	373
	110	98
	111	99
	112	100
	113	101
	114	102
	370	378
	116	103
	117	104
	118	105
	375	383
	122	109
	123	110
	379	387
	380	388
	381	389
	382	390
	127	114
	384	392
	136	122
	137	123
	141	127
	397	405
	142	128
	398	406
	143	129
	399	407
	144	130
	400	408
	146	132
	404	412
	405	413
	150	136
	406	414
	151	137
	152	138
	408	415
	153	140
	409	416
	154	142
	410	417
	155	143
	156	144
	159	148
	160	150
	417	225
	162	151
	418	226
	163	152
	164	153
	166	156
	422	230
	167	157
	423	231
	425	232
	426	233
	171	161
	427	234
	172	162
	173	163
	429	235
	174	164
	430	236
	175	165
	434	240
	179	169
	183	173
	441	423
	188	179
	189	180
	190	181
	191	182
	194	185
	195	186
	198	189
	199	190
	200	191
	201	192
	202	193
	204	195
	209	200
	214	204
	215	205
	216	206
	217	207
	219	209
	223	213
	224	214
	225	214
	227	214
	231	218
	236	270
	243	247
	247	251
	251	255
	255	259
net/minecraft/client/multiplayer/chat/GuiMessage	35	32
	32	16
	17	24
	35	19
	21	28
	25	32
	31	15
net/minecraft/client/renderer/special/ConduitSpecialRenderer	48	62
	48	51
	35	62
	21	19
	22	20
	23	21
	41	32
	42	45
	26	54
	46	49
	30	58
	47	50
net/minecraft/client/sounds/MusicManager	198	192
	129	127
	130	128
	131	129
	132	130
	135	132
	136	133
	140	138
	141	138
	144	138
	148	142
	149	143
	150	144
	151	145
	154	149
	30	28
	158	153
	31	29
	159	154
	32	30
	160	155
	35	33
	163	158
	36	34
	164	159
	37	35
	165	160
	38	36
	39	37
	168	162
	43	41
	44	42
	45	43
	46	62
	175	168
	176	169
	49	45
	177	170
	50	46
	178	171
	51	47
	52	48
	181	174
	182	175
	55	51
	183	178
	56	52
	184	179
	57	53
	186	182
	187	183
	188	184
	61	57
	63	58
	64	59
	193	188
	66	62
	69	65
	198	192
	73	69
	74	70
	75	71
	77	73
	78	74
	79	75
	80	77
	82	80
	83	81
	86	84
	87	85
	88	86
	90	88
	93	91
	94	92
	96	94
	99	97
	100	98
	101	99
	102	100
	104	103
	105	104
	108	107
	109	108
	111	111
	112	112
	114	115
	117	116
	118	117
	119	118
	124	121
	125	122
	126	123
net/minecraft/client/renderer/entity/SnifferRenderer	43	37
	32	28
	33	29
	34	30
	35	31
	36	32
	37	33
	38	34
	43	37
	12	11
	13	12
	16	15
	17	16
	21	19
	26	23
	31	27
net/minecraft/client/gui/screens/inventory/GrindstoneScreen	28	27
	16	16
	20	20
	21	21
	22	22
	23	23
	25	24
	26	25
	11	11
	12	12
	28	27
	15	15
net/minecraft/client/ResourceLoadStateTracker	106	102
	65	64
	66	65
	67	66
	68	67
	70	69
	16	15
	82	91
	83	92
	84	93
	23	20
	87	96
	24	21
	88	97
	25	22
	89	98
	27	25
	91	99
	28	28
	92	100
	94	102
	31	31
	32	32
	33	33
	98	73
	99	74
	36	36
	100	75
	37	37
	40	40
	41	41
	105	80
	106	81
	43	43
	45	45
	48	48
	49	49
	50	50
	51	51
	53	53
	59	59
	60	60
	63	63
net/minecraft/client/renderer/entity/state/CatRenderState	10	9
	8	8
	10	9
net/minecraft/client/particle/SplashParticle	28	39
	17	19
	23	25
	24	26
	10	12
	11	13
	12	14
	28	39
	13	15
	14	16
	15	17
net/minecraft/client/particle/ReversePortalParticle	50	56
	33	31
	35	32
	36	33
	37	34
	38	36
	10	12
	12	13
	44	42
	13	14
	45	43
	14	15
	49	56
	18	19
	50	56
	19	20
	24	25
	25	26
	26	27
	28	28
	29	29
	30	36
net/minecraft/client/gui/font/glyphs/EffectGlyph	0	0
net/minecraft/client/renderer/LightmapRenderStateExtractor	101	88
	64	56
	66	57
	67	58
	68	58
	69	59
	70	60
	71	61
	73	63
	78	67
	80	68
	81	69
	83	70
	20	20
	85	71
	86	72
	88	73
	89	74
	90	75
	91	76
	92	77
	29	28
	30	29
	94	79
	31	30
	96	82
	97	83
	34	33
	35	35
	99	84
	36	36
	100	85
	37	37
	101	88
	40	40
	41	41
	45	45
	46	46
	47	88
	50	47
	51	48
	52	49
	53	88
	56	50
	57	51
	58	52
	60	53
	61	54
	63	55
net/minecraft/client/renderer/entity/layers/ItemInHandLayer	61	64
	20	20
	21	21
	25	26
	26	27
	27	28
	30	39
	31	61
	34	40
	35	41
	38	42
	39	43
	42	44
	43	45
	44	46
	45	47
	46	48
	47	49
	48	50
	51	53
	52	54
	53	55
	56	58
	57	59
	58	61
	61	64
net/minecraft/client/renderer/state/level/QuadParticleRenderState	255	284
	135	147
	137	148
	138	149
	139	150
	140	151
	141	152
	144	168
	145	169
	146	170
	150	174
	151	175
	153	177
	179	206
	52	52
	180	207
	53	54
	181	208
	54	55
	58	59
	59	60
	60	61
	64	65
	69	70
	70	71
	199	227
	72	74
	200	228
	73	76
	74	77
	202	231
	75	78
	203	232
	76	79
	204	233
	77	81
	205	234
	78	82
	206	235
	207	236
	208	237
	209	238
	82	83
	210	239
	83	85
	211	240
	212	241
	85	89
	213	242
	86	90
	214	243
	215	244
	88	93
	216	245
	217	246
	90	97
	218	247
	91	98
	219	248
	92	99
	94	100
	222	251
	95	101
	223	252
	96	103
	224	253
	225	254
	98	105
	105	117
	106	118
	107	119
	109	120
	111	122
	112	123
	113	124
	114	125
	242	271
	116	126
	245	274
	118	128
	246	275
	249	278
	250	279
	251	280
	252	281
	255	284
net/minecraft/client/gui/components/toasts/AdvancementToast	92	86
	65	61
	66	86
	69	62
	70	63
	72	64
	73	65
	74	66
	76	68
	77	69
	78	70
	79	71
	80	72
	82	74
	83	75
	84	77
	85	78
	86	79
	23	21
	91	84
	92	86
	30	28
	31	29
	32	30
	36	34
	41	39
	42	40
	43	41
	44	45
	47	43
	48	45
	52	49
	56	53
	57	54
	62	59
	63	60
net/minecraft/client/model/animal/golem/SnowGolemModel	84	65
	64	50
	66	51
	67	52
	68	53
	70	54
	71	55
	73	56
	74	57
	76	58
	77	59
	79	60
	80	61
	81	62
	84	65
	24	22
	25	23
	26	24
	27	25
	28	26
	29	27
	32	30
	33	31
	34	32
	36	33
	38	34
	39	35
	40	35
	41	35
	43	37
	44	37
	45	38
	46	39
	48	40
	49	41
	50	41
	51	41
	53	43
	54	44
	55	44
	56	44
	59	46
net/minecraft/client/model/animal/equine/AbstractEquineModel	218	178
	33	29
	34	30
	35	31
	37	32
	38	33
	39	34
	40	35
	42	36
	43	37
	46	48
	47	49
	48	50
	49	51
	50	52
	51	53
	52	54
	53	55
	54	56
	57	59
	58	60
	59	61
	60	63
	61	63
	62	64
	66	66
	67	68
	68	68
	69	69
	72	71
	73	72
	74	72
	76	74
	77	74
	78	74
	81	75
	82	75
	83	75
	87	76
	88	77
	89	77
	90	77
	92	79
	93	80
	94	80
	95	80
	97	82
	98	83
	99	83
	100	83
	102	85
	103	86
	104	86
	105	86
	108	88
	109	90
	110	90
	111	91
	114	93
	115	94
	116	94
	119	96
	120	97
	121	97
	125	99
	130	103
	133	104
	135	105
	136	106
	137	107
	138	108
	139	109
	142	112
	143	113
	144	114
	145	115
	146	116
	148	117
	149	118
	151	119
	152	120
	153	121
	156	122
	157	123
	158	124
	160	125
	162	126
	163	127
	164	128
	165	129
	166	130
	168	131
	169	132
	170	133
	171	134
	172	135
	173	136
	174	137
	175	138
	176	139
	177	140
	179	141
	180	142
	181	143
	182	144
	184	145
	185	146
	187	148
	189	150
	193	153
	196	156
	200	160
	204	164
	208	168
	212	172
	216	176
	217	177
	218	178
net/minecraft/client/gui/screens/ErrorScreen	39	38
	34	33
	35	34
	39	38
	13	12
	14	13
	15	14
	19	18
	21	20
	22	22
	26	26
	28	27
	29	28
	30	29
net/minecraft/client/PrioritizeChunkUpdates	27	25
	16	15
	22	20
	23	21
	24	22
	10	10
	11	11
	27	25
	12	12
	15	14
net/minecraft/client/model/animal/panda/package-info	0	0
net/minecraft/client/resources/sounds/AbstractSoundInstance	115	115
	65	65
	70	70
	75	75
	80	80
	85	85
	90	90
	28	27
	29	28
	95	95
	32	31
	33	32
	34	33
	35	34
	100	100
	39	38
	105	105
	44	43
	45	44
	46	45
	110	110
	48	48
	49	49
	50	50
	115	115
	52	52
	55	55
	60	60
net/minecraft/client/gui/components/debug/DebugScreenProfile	25	24
	16	16
	17	17
	20	20
	6	7
	7	8
	25	24
	10	10
	15	15
net/minecraft/client/renderer/entity/BoggedRenderer	34	30
	32	28
	17	16
	33	29
	18	17
	34	30
	22	20
	11	11
	27	24
	12	12
	15	15
com/mojang/blaze3d/platform/DestFactor	0	0
net/minecraft/client/renderer/texture/MipmapGenerator	196	197
	13	15
	21	18
	22	19
	24	20
	25	21
	26	23
	27	24
	28	25
	29	26
	30	27
	31	28
	33	29
	34	31
	35	32
	36	34
	37	35
	38	36
	39	37
	40	38
	44	43
	48	47
	52	51
	53	52
	54	53
	55	54
	56	55
	57	56
	58	57
	60	59
	61	60
	63	61
	64	62
	65	63
	66	64
	69	67
	70	68
	71	70
	72	74
	77	77
	80	80
	81	81
	82	82
	83	83
	84	84
	85	85
	86	86
	89	89
	92	99
	93	100
	96	103
	97	104
	98	105
	99	106
	100	107
	104	111
	105	112
	108	115
	110	116
	112	117
	113	120
	114	121
	116	123
	117	124
	118	125
	120	127
	121	128
	123	129
	124	130
	126	132
	127	133
	128	134
	129	135
	130	136
	131	137
	133	139
	134	140
	136	142
	138	145
	142	149
	145	152
	146	153
	150	157
	158	161
	159	162
	160	163
	161	164
	163	165
	164	166
	165	167
	166	168
	167	169
	169	172
	170	173
	171	174
	172	175
	173	176
	175	179
	176	180
	177	181
	178	182
	179	183
	181	186
	182	187
	183	188
	184	189
	185	190
	187	193
	188	194
	189	195
	190	196
	192	197
	193	197
	194	197
	195	197
	196	197
com/mojang/realmsclient/dto/RealmsSlotUpdateDto	34	33
	34	33
	21	20
	27	26
net/minecraft/client/renderer/state/level/ParticlesRenderState	24	24
	17	17
	18	18
	21	21
	22	22
	24	24
	12	12
	13	13
	14	14
net/minecraft/client/gui/screens/MenuScreens	113	117
	38	40
	41	44
	42	45
	44	46
	45	50
	47	48
	48	50
	52	53
	57	114
	59	115
	60	116
	61	117
	66	41
	69	62
	70	63
	71	64
	73	66
	76	82
	77	83
	78	84
	79	85
	80	86
	81	87
	83	88
	84	89
	86	90
	87	91
	88	92
	89	93
	90	94
	91	95
	92	96
	93	97
	94	98
	95	99
	96	100
	97	101
	98	102
	99	103
	100	104
	101	105
	102	106
	103	107
	106	69
	107	71
	108	72
	109	73
	110	74
	113	78
net/minecraft/client/gui/layouts/AbstractLayout	85	85
	66	66
	70	70
	74	74
	75	75
	12	12
	76	76
	13	13
	77	77
	14	14
	78	78
	15	15
	16	16
	81	81
	82	82
	83	83
	20	20
	84	84
	21	21
	85	85
	22	22
	23	23
	24	24
	25	25
	29	29
	30	30
	31	31
	32	32
	33	33
	34	34
	38	38
	43	43
	48	48
	53	53
	61	61
	62	62
	63	63
net/minecraft/client/renderer/entity/state/FallingBlockRenderState	0	0
net/minecraft/client/renderer/CubeMap	132	122
	130	120
	131	121
	132	122
	45	40
	46	41
	47	42
	48	43
	49	44
	52	47
	53	48
	54	49
	55	50
	57	51
	58	52
	59	53
	60	54
	61	55
	62	56
	64	57
	65	58
	66	59
	67	60
	68	61
	69	62
	70	64
	72	68
	73	69
	74	70
	75	71
	76	72
	78	73
	79	74
	80	75
	81	76
	83	78
	86	81
	87	82
	88	83
	89	84
	90	85
	91	86
	93	87
	94	88
	95	89
	96	90
	98	91
	99	92
	100	93
	101	94
	103	95
	104	96
	105	97
	106	98
	108	99
	109	100
	110	101
	111	102
	113	103
	114	104
	115	105
	116	106
	118	108
	119	109
	125	115
	126	116
net/minecraft/client/renderer/item/properties/conditional/IsViewEntity	24	26
	17	19
	18	20
	19	21
	24	26
	13	13
com/mojang/realmsclient/client/worldupload/RealmsUploadCanceledException	10	10
	6	6
	10	10
net/minecraft/client/gui/screens/worldselection/WorldCreationUiState	323	314
	256	249
	257	250
	258	251
	259	252
	260	253
	261	256
	262	257
	265	258
	268	260
	271	263
	274	304
	277	307
	278	309
	279	310
	283	314
	30	29
	288	266
	292	270
	296	274
	297	275
	298	276
	301	279
	305	283
	306	284
	307	285
	53	49
	309	286
	54	50
	55	51
	56	52
	57	53
	58	54
	59	55
	60	56
	61	57
	317	293
	62	58
	318	294
	63	59
	319	295
	64	60
	320	296
	65	61
	66	62
	67	63
	323	299
	68	64
	71	67
	72	68
	75	71
	76	72
	77	73
	79	76
	80	77
	81	78
	83	81
	84	82
	86	84
	89	87
	90	88
	91	89
	92	90
	95	93
	97	96
	101	99
	102	100
	103	101
	108	107
	112	111
	116	115
	117	116
	118	117
	121	120
	122	120
	124	120
	128	124
	129	125
	130	126
	133	129
	134	129
	136	129
	140	133
	144	137
	145	138
	146	139
	149	142
	150	143
	152	144
	153	145
	155	147
	156	147
	158	147
	162	152
	163	153
	164	154
	165	155
	168	158
	172	162
	173	163
	174	164
	177	167
	178	167
	180	167
	184	171
	185	172
	186	173
	189	176
	190	176
	192	176
	196	180
	197	181
	198	182
	199	183
	202	186
	206	190
	207	191
	208	192
	211	195
	212	196
	213	196
	216	197
	217	206
	219	208
	223	213
	227	217
	228	218
	229	219
	230	220
	232	222
	235	225
	239	229
	240	230
	244	234
	248	238
	252	242
	254	243
	255	247
net/minecraft/client/server/LanServerPinger	105	93
	66	59
	67	60
	70	63
	74	67
	75	68
	76	69
	78	72
	79	73
	16	15
	80	73
	17	16
	82	73
	86	77
	87	78
	88	79
	91	82
	92	83
	29	26
	30	27
	94	84
	31	28
	32	29
	33	30
	97	87
	98	88
	35	31
	99	89
	36	32
	101	92
	102	93
	103	93
	40	36
	41	37
	105	93
	43	39
	45	41
	47	42
	48	43
	49	44
	50	45
	51	46
	55	50
	56	51
	59	54
	63	58
net/minecraft/client/renderer/entity/ArmorStandRenderer	103	94
	64	62
	65	63
	66	64
	67	65
	68	66
	72	69
	73	70
	74	71
	78	74
	80	75
	81	76
	83	78
	23	23
	87	81
	92	87
	29	28
	93	88
	31	29
	32	30
	96	90
	33	33
	97	91
	34	34
	98	92
	35	35
	100	94
	37	38
	101	94
	38	39
	39	40
	103	94
	40	41
	44	44
	49	48
	54	52
	55	53
	56	54
	57	55
	58	56
	59	57
	60	58
	61	59
	62	60
	63	61
net/minecraft/client/renderer/entity/VindicatorRenderer	35	40
	16	16
	18	17
	35	40
	21	27
	22	28
	24	30
	26	33
	13	13
	30	36
net/minecraft/client/renderer/entity/state/ArmorStandRenderState	18	18
	16	16
	17	17
	18	18
	12	12
	13	13
	14	14
	15	15
net/minecraft/client/renderer/entity/ZoglinRenderer	18	17
	18	17
	9	9
	10	10
	13	13
	14	14
net/minecraft/client/renderer/entity/IllusionerRenderer	75	80
	64	71
	66	73
	70	76
	75	80
	19	18
	22	21
	24	22
	27	32
	28	33
	30	35
	32	38
	33	39
	37	42
	42	46
	47	50
	48	51
	49	52
	50	53
	51	54
	55	57
	56	58
	57	60
	58	61
	59	62
	60	67
	61	68
com/mojang/blaze3d/vertex/VertexSorting	30	31
	9	9
	10	10
	13	13
	17	17
	21	21
	22	22
	23	23
	24	24
	25	26
	26	27
	27	26
	29	30
	30	31
net/minecraft/client/multiplayer/MultiPlayerGameMode	555	559
	515	522
	522	526
	526	530
	530	534
	534	538
	538	542
	542	546
	546	550
	547	551
	550	554
	551	555
	554	558
	555	559
	73	75
	88	89
	89	90
	90	91
	93	94
	94	95
	97	98
	98	99
	99	100
	100	101
	103	104
	104	105
	106	108
	107	109
	108	110
	111	113
	115	117
	116	118
	119	121
	120	122
	121	123
	122	124
	125	127
	127	128
	128	129
	132	132
	133	133
	136	136
	137	137
	139	138
	140	139
	141	140
	143	143
	144	144
	147	147
	151	151
	152	152
	155	155
	156	156
	159	159
	160	160
	161	161
	162	162
	163	163
	165	166
	166	167
	167	168
	170	170
	171	171
	172	172
	173	173
	174	174
	176	177
	178	180
	179	181
	180	182
	181	183
	184	186
	185	187
	186	188
	187	189
	189	192
	190	193
	192	195
	193	196
	194	197
	195	198
	196	199
	197	200
	199	203
	202	207
	206	211
	207	212
	208	213
	209	214
	210	215
	212	218
	213	219
	214	220
	215	221
	216	222
	218	224
	221	227
	223	228
	224	229
	225	230
	228	233
	229	234
	230	235
	231	236
	232	237
	233	238
	235	241
	236	242
	237	243
	239	245
	242	246
	243	247
	245	248
	246	249
	247	250
	250	253
	252	254
	253	255
	254	258
	255	260
	259	270
	261	271
	262	272
	263	273
	264	274
	265	275
	267	278
	268	279
	269	280
	272	282
	273	283
	274	284
	277	287
	278	288
	279	290
	281	288
	285	295
	286	296
	287	297
	288	298
	290	300
	293	303
	295	304
	296	305
	298	307
	300	309
	305	312
	306	313
	310	317
	311	318
	312	319
	313	320
	315	322
	318	325
	320	326
	321	327
	324	330
	325	331
	326	332
	327	333
	330	335
	334	339
	335	340
	336	341
	337	342
	341	345
	342	346
	344	347
	345	348
	346	349
	347	350
	349	353
	350	354
	351	355
	353	358
	354	359
	355	360
	356	361
	361	366
	362	379
	366	367
	368	369
	370	370
	371	371
	372	372
	374	374
	376	377
	380	384
	381	385
	383	388
	384	389
	385	390
	386	391
	387	392
	388	393
	389	394
	390	395
	393	398
	396	400
	397	401
	399	403
	404	406
	405	407
	407	410
	408	411
	410	413
	414	417
	418	423
	422	427
	423	428
	424	429
	425	430
	426	431
	429	434
	430	435
	433	438
	434	439
	435	440
	436	441
	437	441
	439	441
	444	445
	445	446
	446	447
	447	476
	449	449
	450	450
	451	451
	452	453
	453	454
	456	457
	458	458
	459	460
	460	461
	461	462
	462	463
	463	464
	466	468
	469	469
	470	476
	473	479
	474	480
	477	483
	478	484
	481	487
	482	488
	484	490
	488	493
	490	494
	491	498
	492	499
	494	501
	497	504
	498	505
	499	506
	500	507
	503	510
	504	511
	505	512
	506	513
	507	514
	508	515
	511	518
net/minecraft/client/gui/screens/GenericMessageScreen	45	43
	36	35
	42	40
	43	41
	44	42
	13	12
	45	43
	14	13
	18	17
	19	18
	20	19
	24	23
	25	24
	27	26
	31	30
com/mojang/realmsclient/dto/RealmsJoinInformation	37	28
	16	15
	32	22
	34	24
	35	26
	36	27
	37	28
	29	19
	30	20
	15	14
	31	21
net/minecraft/client/model/animal/sheep/package-info	0	0
net/minecraft/client/model/animal/golem/package-info	0	0
com/mojang/blaze3d/systems/RenderSystem	387	369
	256	239
	257	240
	261	243
	262	244
	263	247
	265	252
	267	254
	268	257
	269	257
	270	245
	273	248
	276	259
	279	262
	280	263
	282	265
	286	270
	290	274
	291	275
	36	35
	293	277
	39	37
	298	282
	299	283
	300	284
	45	40
	46	41
	302	287
	47	42
	303	288
	48	43
	304	289
	49	44
	50	45
	306	292
	51	46
	307	293
	52	47
	308	294
	53	48
	54	49
	310	297
	55	50
	311	298
	56	51
	312	299
	57	52
	58	53
	314	301
	59	54
	60	55
	61	56
	63	57
	64	58
	66	59
	68	60
	326	312
	327	313
	328	314
	329	315
	76	64
	332	318
	79	66
	336	322
	337	323
	341	327
	342	356
	345	328
	346	329
	92	76
	348	330
	349	331
	351	332
	96	80
	352	333
	97	81
	354	334
	99	84
	100	85
	357	337
	103	88
	359	338
	360	340
	361	341
	107	92
	363	344
	108	93
	365	345
	110	95
	366	346
	368	349
	113	98
	370	351
	371	354
	117	102
	373	354
	118	103
	119	104
	121	105
	377	359
	122	106
	379	361
	125	109
	382	364
	130	113
	387	369
	132	114
	133	115
	134	116
	136	119
	137	120
	138	121
	143	124
	144	125
	147	128
	151	132
	152	133
	155	136
	159	140
	160	141
	163	144
	164	145
	167	148
	171	152
	175	156
	179	160
	183	164
	184	165
	186	168
	187	169
	188	170
	189	171
	190	172
	193	175
	194	176
	197	179
	198	180
	201	183
	202	184
	203	185
	204	186
	207	189
	208	190
	209	191
	210	192
	213	195
	214	196
	215	197
	216	198
	219	201
	220	202
	224	206
	225	207
	229	211
	230	212
	234	216
	235	218
	236	219
	237	220
	238	221
	243	226
	244	227
	247	230
	251	234
	252	235
net/minecraft/client/model/ambient/package-info	0	0
net/minecraft/client/gui/font/FontTexture	131	121
	128	117
	129	118
	131	121
	28	25
	29	26
	30	27
	31	28
	32	29
	33	30
	34	31
	35	32
	38	35
	39	36
	42	38
	44	39
	45	40
	47	41
	48	42
	52	43
	54	44
	57	47
	59	49
	61	51
	63	52
	64	53
	65	54
	66	55
	70	58
	75	65
	76	69
	78	66
	79	67
	80	69
	92	81
	93	82
	94	83
	95	84
	96	85
	99	88
	100	89
	101	90
	102	91
	104	94
	107	96
	108	97
	110	100
	111	101
	113	102
	114	103
	116	106
	117	107
	118	108
	121	111
	122	112
	124	113
	125	114
	126	115
com/mojang/blaze3d/audio/SoundBuffer	75	74
	67	66
	71	70
	75	74
	22	17
	23	18
	24	19
	25	20
	28	23
	29	24
	30	25
	32	28
	33	29
	34	30
	35	31
	36	32
	38	35
	39	36
	40	37
	42	40
	43	41
	44	42
	47	45
	51	49
	52	50
	53	51
	54	52
	57	56
	58	57
	61	60
	62	61
	63	62
